Book,Publisher,Category,Subcategory,State/Country,Date,Month,Year,Host,Meeting No.,Contributor,Composite,Aaron T.,Adam H.,Adam W.,Alex Ha.,Alex He.,Alex M.,Alex S.,Allen M.,Andrew F.,Andrew P.,Andrew S.,Anfernee A.,Annie H.,Ben C.,Ben S.,Ben W.,Bill K.,Bobby T.,Brant C.,Brian La.,Brian Li.,Carl R.,Charlie D.,Charlie M.,Chelsea P.,Chris G.,Chris J.,Chris Mo.,Chris My.,Colin J.,Cory P.,Dan S.,Darrell L.,Dave E.,Dave S.,David A.,David J.,David W.,Denis M.,Dick K.,DJ W.,Donny H.,Drew B.,Dustin S.,Eric A.,Eric B.,Eric H.,Erik W.,Forrest T.,Frank B.,Greg A.,Ian S.,Jake W.,James E.,Jason F.,Jason M.,Jason S.,Jayson L.,Jeremy S.,Jesse J.,Jim B.,Jim C.,Joe C.,Joe J.,Joe S.,Joel B.,John S.,John V.,Jordyn P.,Josh J.,Josh R.,Juan B.,Katie S.,Kevin V.,Kevin W.,Lauren D.,Lee M.,Maridee R.,Mark A.,Mark N.,Matt A.,Matt G.,Matt S.,Matt T.,Matthew S.,Merritt W.,Michael P.,Mike M.,Mike V.,Nate M.,Nick K.,OJ W.,Paul H.,Paul K.,Paul W.,Phil H.,Phil W.,Rachel H.,Renee K.,Richard A.,Rick S.,Rob C.,Rusty O.,Ryan F.,Ryan Y.,Sam E.,Sam S.,Sara P.,Sarah G.,Scott M.,Scott T.,Shelley B.,Steve B.,Steve D.,Steve M.,Steve P.,Steve S.,Steve W.,Stuart W.,Tim H.,Tony H.,Tony W.,Trent D.,Tyler S.,Wes B.,Zach M.
Pliny the Elder,Russian River Brewing Co.,IPA,Imperial IPA,California,7/3/2017,July,2017,Dave E.,51,Ben W.,4.40,5.00,,,,,,,,,,,,,,,5.00,,,,,,,,,,,,,,,,,,3.75,,,,,,,,,,,,,4.75,,,,,,4.50,,,,,,4.75,,,,,,,,,,,,,,,,5.00,,,,,,,,2.50,,,4.00,,,,,,,,4.00,,5.00,,,,,,,,,,,,,,,,,,,,,,,,,,,4.50,,,
Double Two Hearted Ale Double American IPA,Bell's Brewery,IPA,Double IPA,Michigan,9/27/2019,September,2019,Kevin W.,77,Eric H.,4.30,,,,,,,,,,,,,,,4.25,,,,,,,,,,,,,,,,,,,2.75,,,,,,,,,4.75,,,,4.75,,,,4.50,,4.00,,,,,,4.75,,,,,,,,,,,,4.00,,,,5.00,,,,,,,,,,,,,,,,,,,4.00,,,,,,,,,,,,,,,,,,,,,,,,,,,,,,,,4.50
Guten Bock Dopplebock Lager,MadTree Brewing Co.,Bock,Doppelbock,Ohio,3/23/2023,March,2023,Zach M.,117,Zach M.,4.04,,,,,,,,,,,,,,,,,,,,,,,,,,,,,,,,,,4.00,,,,,,,,,3.75,,,,,,,,,,3.00,,,,,,,,,,,,,,,,,,,4.25,,,,,,,,,,,,4.50,,,,,,,,,,4.00,,,,,,,,,,,,,,,,,,,,,,,,,,,,,,,,4.75
Lunch IPA,Maine Brewing Co.,IPA,American IPA,Maine,12/15/2023,December,2024,Paul W.,126,Paul W.,4.02,,,,,,,,,,,,,,,4.25,,3.50,,,,,,4.25,,,,,,,,,,,,,,,,,,,,,,,,,,,,,,4.00,,,,,,4.00,,,,,2.00,,,,,,,,,,,,5.00,,,,,,,,4.50,,,,,,,,,,,4.50,,,,,,,,,,,,,4.00,,,,,,,,,,,,,,,,,,4.25
Lil Coconut Imperial Sweet Stout,Angry Chair Brewing,Stout,American Imperial Stout,Florida,2/29/2024,February,2024,Scott T.,128,Matt T.,3.94,,,,,,,,,,,,4.00,,,3.50,,,,,,,,,,,,,,,,,,,4.00,,,,,,,,,,,,,,,,,,,3.75,,,,,,,,,,,,,,,,,,,,,,,3.00,,,,,,,,4.50,,,,,,,,,,,,,,,,,,,,,,,,4.25,,,4.50,,,,,,, ,,,,,,,,
Relative Rates Double India Pale Ale,Equilibrium Brewery,IPA,Double IPA,New York,2/29/2024,February,2024,Scott T.,128,Ben S.,3.94,,,,,,,,,,,,4.25,,,4.25,,,,,,,,,,,,,,,,,,,3.25,,,,,,,,,,,,,,,,,,,4.00,,,,,,,,,,,,,,,,,,,,,,,4.25,,,,,,,,3.75,,,,,,,,,,,,,,,,,,,,,,,,4.00,,,3.75,,,,,,,,,,,,,,,
KBS Imperial Stout,Founders Brewing Co.,Stout,American Imperial Stout,Michigan,11/27/2024,November,2024,Lee M.,137,Jake W.,3.88,,,,,,,,,,,,,,,,,,,,,,,,,,,,,,,,,,4.25,,,,,,,,,,,,,3.25,,,,,,3.50,,,,,,,,,,,,,,,,,,,,,,,,4.50,,,,,,,,,,,,,,,,,,,,,,,,,,,,,,,,,,,,,,,,,,,,,,,,,
Double Astral Imperial Chocolate Oatmeal Stout ,Third Eye Brewing Co.,Stout,American Imperial Stout,Ohio,1/31/2025,January,2025,Scott T.,139,Scott T.,3.86,,,,,,,,,,,,,,,,,,4.25,,,,,,,,,,,,,,,,3.50,,3.00,,,,,,,3.75,,,,,,,,,,3.00,,,,,,,,,,,,,,,,,,,,,,,,,,,4.00,,,,4.00,,,,,,,,,,,,,,,,,,,,,,,,4.25,,,5.00,,,,,,,,,,,,,,,
Copper Clouds IPA,Brewery Vivant,IPA,American IPA,Michigan,6/16/2017,June,2017,Denis M.,50,Adam W.,3.85,,,4.50,,,,,,,,,,,,,,,3.00,,,,,,,,,,,,,,,,,,,,,3.00,,,,,,,,4.25,,,,,,4.00,,,,,,,,,,,,,,4.25,3.00,,,,,,,,,,,,,,,,,,,,,,,,,,,,5.00,,,,,,,,,,,,,,,,,,,,3.75,,3.75,,,,,,,,
Wrench Northeast IPA ,Industrial Arts Brewing Co.,IPA,New England/Hazy IPA,New York,9/26/2023,September,2023,Charlie D.,123,Charlie D.,3.82,,,,,,,,,,,,,,,,,,,,,,,4.50,,,,,,,,,,,4.25,,,,,,,,,3.50,,,,,,,,,,3.25,,,,,,,,,,,,,,,,,,,,,,,,,,,,,,,,,,,,,,,,,,,,,,,,,,,,,,,4.00,,,3.50,,,,,,,,,3.75,,,,,,
Broccoli Double Dry Hopped Imperial India Pale Ale,Other Half Brewing Co.,IPA,New England/Hazy IPA,New York,11/27/2024,November,2024,Lee M.,137,Lee M.,3.81,,,,,,,,,,,,,,,,,,,,,,,,,,,,,,,,,,3.75,,,,,,,,,,,,,3.75,,,,,,3.75,,,,,,,,,,,,,,,,,,,,,,,,4.00,,,,,,,,,,,,,,,,,,,,,,,,,,,,,,,,,,,,,,,,,,,,,,,,,
Ziegler Oktoberfest Lager,MadTree Brewing Co.,Oktoberfest,Marzen,Ohio,8/27/2021,August,2021,Jeremy S.,98,Jeremy S.,3.81,,,,,,,,,,,,,,,3.25,,,,,,,,3.50,,,,,,,,,,,,,,,,,,,,,,,,,,,,4.00,,3.00,,,3.75,,,4.00,,,,,,,,,,,,4.50,,,,,,,,,,,,,,,,,,,,,,,3.75,,,,,,,,,,,,,,,,,,,,,,,,,,,,,,,,4.50
Old Rasputin Russian Imperial Stout,North Coast Brewing Co.,Stout,Russian Imperial Stout,California,5/17/2019,May,2019,Jake W.,73,Scott T.,3.80,4.00,,,,,,,,,4.25,,,,,,,,,,,,,,,,,,,,,,,,3.75,,,,,,,,,,,,,,,,,3.00,,4.00,,,,,,4.00,,,,,,,,,,,,,,,,4.50,,4.00,,,,,,,,,,,,,,,,,3.25,2.75,4.50,,,,,,,,,,,,,,,3.75,,,,,,3.25,,,,,,,,4.25,
Boat Show IPA,Yellow Springs Brewery,IPA,American IPA,Ohio,3/2/2018,February,2018,Colin J.,58,Chris J.,3.80,,,,,,,,,,,,,,,,,,4.00,,,,,3.25,,,,4.25,,,4.25,,,,2.00,,,,,,,,,,,,,3.75,,,,,,4.00,,,4.00,,,,,,,,,,,,,,,,,,,4.00,,,,,,,,,,,,,,,,,,,4.25,,,,,,,,,,,,,,,,,4.00,,,,,,,,,,,,,,,
Amber Ale,West Sixth Brewing Co.,Amber,,Kentucky,6/25/2013,June,2013,Colin J.,2,Paul W.,3.79,,,,,,,,,,,,,,,,,,,,,,,,,,,,,,4.50,,,,3.50,,,,,,,,,,,,,3.00,,,,,,3.50,,,,,,,,,,,,,,,,,,,,,,,,,,,,,,,4.00,,,,,,,,,,,4.50,,,,,,,,,,,,,,,,3.50,,,,,,,,,,,,,,,
Pumpkin Ale,Rivertown Brewing Co.,Pumpkin,,Ohio,10/10/2013,October,2013,Matt S.,6,Matt S.,3.79,,,,,,,,,,,,,,,,,,3.50,,,,,,,,,,,,5.00,,,,3.50,,,,,,,,,,,,,,,,,,,3.00,,,,,,,,,,,,,,,,,,,,,,,,,,,,,,4.50,,,,,,,,,,,,,,,,,,,,,,,,,,,,3.00,,,,,,,,,,,,4.00,,,
Raven Export Stout,Rhinegeist Brewing Co.,Stout,Export Stout,Ohio,2/24/2023,February,2023,Silverton/Pleasant Ridge,116,Jake W.,3.79,,,,,,,,,,,,,,,,5.00,,,,,,,,,,,,,,,,,,3.75,,,,,,,,,,,,,,,,,,,3.50,,,,,,3.50,,,,,3.25,,,,,,,,,,,,,,,,,,,,3.75,,,,,,,,,,,,,,,,,,,,,,,,3.75,,,,,,,,,,,,,,,,,,
Chocolate Oak Aged Yeti Imperial Stout,Great Divide Brewing Co.,Stout,American Imperial Stout,Colorado,4/22/2016,April,2016,Tony H.,36,Eric A.,3.78,,,,,,,,,,,,,,,,4.00,,3.00,,,,,,,,,,,,,,,,3.50,,,,,,,,,,,4.50,,4.00,,,,,,,,,,,,,,,,,,,,,,,,,,,,,,,,,,,,,,,,,,,,,,3.50,,,4.50,,,,,,,,,,,,,,,4.00,,,,,,,,,,3.00,,,,,
Zombie Dust Pale Ale,3 Floyds Brewing Co.,Pale Ale,American Pale Ale,Indiana,3/23/2018,March,2018,Kevin W. and Dave E.,59,Dave E.,3.78,,,,,,,,,,,,,,,,,,,,,,,,,,,,,,,,,,3.25,,,,,,,,,,,,,3.50,,,,,,,,3.00,4.00,,,,,,,,,,,,,,,,,,,5.00,,,,,,,,3.50,,,,,,,,,,,3.75,,4.50,,,,,,,,,,3.50,,,,,,,,,,,,,,,,,,,,
Beer For Huddles Amber Ale,Off Color Brewing,Amber,,Illinois,10/30/2025,October,2025,Ben S.,148,Rick S.,3.78,,,,,,,3.00,,,,,,,,4.25,,4.00,,,,,,,,,,,3.75,,,,,,3.75,,3.25,,,,,,,,,,,3.50,,,,,,,,,,,,,,,,,,,,,,,,,,,,,,,,,,,,,,,,,,,,,,,4.00,,,,,,,4.00,,,,,,,,,,,,,,,,,,,,,,,,,4.25
Organic Chocolate Stout,Samuel Smith Old Brewery,Stout,English Stout,UK,5/18/2016,May,2016,Scott T.,37,Matt T.,3.75,,,,,,,,,,,,,,,,,,4.00,,,,,,,,,,,,,,,,4.00,,,,,,,,,,,4.50,,3.50,,,,,,2.00,,,,,,,,,,,,,,,,,,,,,,,,,,,,,,3.50,5.00,,,,,,,,,,,3.00,,,,,,,,,,,3.50,,,,,4.50,,,,,,,,,,,,,,,
Speedway Stout Imperial Stout With Coffee,AleSmith Brewing Co.,Stout,Coffee Stout,California,10/16/2020,October,2020,Dave E. and Jake W.,89,Scott T.,3.75,,,,,,,,,,,,,,,3.50,,,,,,,,,,,,,,,,,,,3.00,,,,,,,,,,,,,3.50,,,,,,3.50,,,,,,,,,,,,,,,,,,,,,,4.00,,,,,,,,,,,,,,,,,,,4.25,,,,,,,,,,,,,,,,,4.50,,,,,,,,,,,,,,,
Bamm Bamm Rubble Rubble Sour Ale Now With Rainbow Sherbet,WeldWerks Brewing Co.,Sour,Fruited Sour,Colorado,6/19/2024,June,2024,Sara P. ,132,Dave E.,3.75,,,,,,,,,,,,,,,,,,,,,,,,,,,,,,,3.75,,,3.75,,,,,,,,,,,,,,,,,,,,,,,,,,,,,,3.25,,,,,3.50,,,,,,,,,,,,,,,4.50,,,,,,,,,,,,,,,,,,,,,,,,4.00,,,3.50,,,,,,,,,,,,,,,
10W-40 Imperial Stout,Hi-Wire Brewing,Stout,American Imperial Stout,North Carolina,12/7/2018,December,2019,Paul W.,68,Dave E.,3.73,,,,,,,,,,,,,,,,5.00,,3.00,,,,,3.75,,,,,,,,,,,4.25,,,,,,4.00,,,,,4.00,,2.50,,,,,,4.00,,,3.00,,,4.00,,,,,,,,,,,,,,,,4.00,,4.50,,,,,,,,,,,,,,,,,3.25,3.25,,,,,,,,,,,,,,,,4.00,,,,,,3.25,,,,,,,,,
S'More Gratitude,MadTree Brewing Co.,Stout,Pastry Stout,Ohio,10/18/2018,October,2018,Phil H.,66,Phil H.,3.73,,,,,,,,,,,,,,,,4.00,,3.00,,,,,4.00,,,,,,,,,,,3.00,,,,,,,,,,,,,,,,,,,4.00,,,,,,,,,,,,,,4.50,,,,,,,,,,3.75,,,,,,,,,,,,,,,,,3.00,3.25,5.00,,,,,,,,,,,,,,,,,,,,,3.50,,,,,,,,,
Preserved In Three Dimensions Double India Pale Ale,Hop Butcher for the World,IPA,Double IPA,Illinois,12/10/2021,December,2022,Paul W.,102,Scott T.,3.73,,,,,,,,,,,,,,,3.50,,,4.00,,,,,4.00,,,,,,,,,,,,,,,,,,,,4.25,,,,,,,,,,4.00,,,,,,3.00,,,,,,,,,,,,,,,,,,,,,,,,,,,,,,,,,,,3.75,3.25,,,,,,,,,,,,,,,,4.00,,,,,,3.50,,,,,,,,,
Oberon Ale,Bell's Brewery,Wheat,American Pale Wheat,Michigan,5/13/2015,May,2015,Scott T.,25,Paul W.,3.72,,,,,,,,,,,,,,,,,,4.00,,,,,,,,,,,,,,,,3.50,,,,,,,,,,,4.00,,3.50,,,,,,3.00,,,,,,,,,,,,,,,,,,,,,,,,,,,,,,,,,,,,,,,,,,4.00,5.00,,,,,,,,,,,,,,,3.50,,,,,,,,,,3.00,,,,,
Axis Mundi,MadTree Brewing Co.,Stout,Russian Imperial Stout,Ohio,4/22/2016,April,2016,Tony H.,36,Scott T.,3.72,,,,,,,,,,,,,,,,4.00,,3.50,,,,,,,,,,,,,,,,3.00,,,,,,,,,,,4.00,,4.00,,,,,,,,,,,,,,,,,,,,,,,,,,,,,,,,,,,,,,,,,,,,,,3.00,,,5.00,,,,,,,,,,,,,,,4.50,,,,,,,,,,2.50,,,,,
Dirty Bastard Scotch Ale,Founders Brewing Co.,Scotch,,Michigan,3/30/2016,March,2016,Jake W.,35,Ben W.,3.70,,,,,,,,,,,,,,,,5.00,,,,,,,,,,,,,,,,,5.00,3.00,,,,,,,,,,,4.00,,3.50,,,,,,3.00,,,,,,,,,,,,,,,,,,,,,,,,,,,,,,3.00,,,,,,,,,,,,3.50,,,,,,,,,,,,,,,,,,,,,,4.00,,,,3.00,,,,,
Robert the Bruce Scottish Style Ale,3 Floyds Brewing Co.,Scottish,,Indiana,5/13/2015,May,2015,Scott T.,25,Dave E. / Retrial,3.69,5.00,,,,,4.00,,,,,,,,,3.00,3.50,,3.50,,,,,,,,,,,,,,,,4.00,,,,,,,,,3.50,,4.50,,4.00,,,,,,3.50,,,4.00,,,4.50,,,,,,,,,,,,,,,,,,,,,,,,3.50,,,3.00,,,,,,2.75,,2.75,4.00,5.00,,,,,,,,,,,,,,,3.00,,,,,,,,,,2.00,,,,,4.50
Octoberfest Marzen Lager,Left Hand Brewing Co.,Oktoberfest,Marzen,Colorado,9/9/2013,September,2013,Dave E.,5,Phil H.,3.69,,,,,,,,,,,,,,,,,,3.50,,,,,,,,,,,,,,,,3.50,,,,,3.50,,,3.50,,,,,,,,,,,3.50,,,,,,,,,,,,,,,,,,,,,,,,,,,,,,3.50,,,,,,,,,,,,,5.00,,,,,,,,,,,,,,,3.50,,,,,,,,,,,,,,,
Phantom Forest Juicy Imperial IPA,MadTree Brewing Co.,IPA,Imperial IPA,Ohio,10/16/2020,October,2020,Dave E. and Jake W.,89,Ben S.,3.68,,,,,,,,,,,,,,,4.25,,,,,,,,,,,,,,,,,,,2.00,,,,,,,,,,,,,3.75,,,,,,4.00,,,,,,,,,,,,,,,,,,,,,,4.00,,,,,,,,,,,,,,,,,,,4.00,,,,,,,,,,,,,,,,,3.75,,,,,,,,,,,,,,,
10W-40 Chai Imperial Stout,Hi-Wire Brewing,Stout,American Imperial Stout,North Carolina,10/1/2021,October,2021,Jim B.,100,Charlie D.,3.68,,,,,,,,,,,,,,,,,,,,,,,4.50,,,,,,,,,,,3.50,,,,,,,,,,,,,,,,,3.50,,3.75,,,,,,2.75,,4.00,,,,,,,,,,,,,,,,,,,,,,,,,,,,,,,,,3.75,,,,,,,,,,,,,,,,,,,,,,,,,,,,,,,,
Buckeye Stout,Sonder Brewing,Stout,Pastry Stout,Ohio,4/30/2021,April,2021,Paul W. and Jake W.,94,Greg A.,3.68,,,,,,,,,,,,,,,3.50,,,,,,,,3.25,,,,,,,,,,,,,,,,,,,,3.75,,4.25,,3.75,,,,4.00,,3.00,,,,,,,,,,,,,,,,,,,,,,,,,,,,,,,,,,,,,,,,,3.50,3.25,,,,,,,,,,,,,,,,4.50,,,,,,,,,,,,,,,
Cryo Fresh Hop Bayou Juice Hazy India Pale Ale,WeldWerks Brewing Co. / Parish Brewing Co.,IPA,New England/Hazy IPA,Colorado,2/29/2024,February,2024,Scott T.,128,Lauren D.,3.66,,,,,,,,,,,,4.25,,,3.75,,,,,,,,,,,,,,,,,,,2.75,,,,,,,,,,,,,,,,,,,4.25,,,,,,,,,,,,,,,,,,,,,,,4.50,,,,,,,,3.50,,,,,,,,,,,,,,,,,,,,,,,,2.75,,,3.5,,,,,,,,,,,,,,,
Rabbit West Coast Style India Pale Ale,Trillium Brewing,IPA,American IPA,Massachusetts,5/16/2025,May,2025,Jake W.,143,Paul W.,3.66,,,,,,,,,,,,,,,,,,3.00,,,,,,,,,,,,,,,,,,2.75,,,,,,,,,,,4.00,,,,,,4.00,,,,,,,,,,,,,,,,,,,,,,,,,,,,,,,3.50,,,,,,,,,,,4.50,,,,,,,,,,,,,3.50,,,4.00,,,,,,,,,,,,,,,
Fork in the Road India Amber Ale,Blank Slate Brewing Co.,Amber,,Ohio,7/27/2016,July,2016,Kevin W.,39,Kevin W.,3.65,,,,,,,,,,,,,,,,,,3.00,,,,,,,,,,,,,,,,3.50,,,,,,,,,,,2.50,,3.50,,,,,,4.00,,,,,,,,,,,,,,,,,,,,,,5.00,,,,,,,,,,,,,,4.50,,,,,,3.00,4.50,,,,,,,,,,,,,,,,,,,,,,,,,,,3.00,,,
Oh Mai! Golden Ale,MadTree Brewing Co.,Golden,,Ohio,9/30/2022,September,2022,Charlie D.,111,Sara P.,3.65,,,,,,,,,,,,,,,3.25,,,3.75,,,,,4.25,,,,,,,,,,,,,,,,,,,,,,,,,,,,,,3.00,,,3.25,,,,,,,,3.75,,,,,,,,,,,,,,,,,,,,4.00,,,,,,,,,,,,,,,,,,,,,,,,4.25,,,3.25,,,,,,,,,3.75,,,,,,
Quentin Quarantino DDH IPA,Taft's Brewing Co.,IPA,American IPA,Ohio,10/16/2020,October,2020,Dave E. and Jake W.,89,Jake W.,3.64,,,,,,,,,,,,,,,4.00,,,,,,,,,,,,,,,,,,,2.75,,,,,,,,,,,,,4.00,,,,,,4.00,,,,,,,,,,,,,,,,,,,,,,4.00,,,,,,,,,,,,,,,,,,,3.50,,,,,,,,,,,,,,,,,3.25,,,,,,,,,,,,,,,
From the Market,Boston Beer Co.,Pilsner,German Pilsner,Massachusetts,3/23/2023,March,2023,Zach M.,117,Juan B.,3.64,,,,,,,,,,,,,,,,,,,,,,,,,,,,,,,,,,3.25,,,,,,,,,3.25,,,,,,,,,,2.75,,,,,,,,,,,,,,,,,,,4.00,,,,,,,,,,,,3.50,,,,,,,,,,4.50,,,,,,,,,,,,,,,,,,,,,,,,,,,,,,,,4.25
Pernicious IPA,Wicked Weed Brewing,IPA,American IPA,North Carolina,5/3/2017,April,2017,Jake W.,48,Jake W.,3.64,,,,,,,,,,,,,,,,,,,,,,,,,,,,,,,,,,3.25,,,,,,,,3.75,,,2.50,,4.00,,,,,,3.75,,,,,,,,,,,,,,,,,,,,,,,,3.50,,,,,,,,,,,,,,,,,,3.25,5.00,,,,,,,,,,,,,,,,,,,,,3.75,,,,,,,,,
Salted Caramel Imperial Stout,Southern Tier Brewing Co.,Stout,Sweet/Milk Stout,New York,11/16/2017,November,2017,Scott T.,55,Dave E.,3.64,,,,,,,,,,,,,,,,,,4.00,,,,,4.50,,,,,,,,,,,4.25,,,,,3.50,,,,,,3.50,,2.50,,,,,,2.25,,,,,,,,,,,,,,,,,,,,,,,,,,,,,,,,,,,,,,,,,4.25,,,,,,,,,,,,,,,,,4.00,,,,,,,,,,,,,,,
Expedition Stout,Bell's Brewery,Stout,Russian Imperial Stout,Michigan,10/18/2018,October,2018,Phil H.,66,Paul W.,3.64,,,,,,,,,,,,,,,,4.50,,3.00,,,,,4.25,,,,,,,,,,,3.25,,,,,,,,,,,,,,,,,,,3.50,,,,,,,,,,,,,,3.75,,,,,,,,,,4.25,,,,,,,,,,,,,,,,,2.25,3.00,5.00,,,,,,,,,,,,,,,,,,,,,3.25,,,,,,,,,
Lord Rear Admiral ESB,3 Floyds Brewing Co.,ESB,,Indiana,3/22/2019,March,2019,Jason M.,71,Jeremy S.,3.64,4.00,,,,,,,,,2.75,,,,,,,,,,,,,,,,,,,,,,,,,,,,,,,,,,,3.25,,,,,,,,3.50,,,4.00,,,4.25,,,,,,,,,,,,3.50,,,,4.00,,3.50,,,,,,,,,,,,,,,,,2.75,,,,,,,,,,,,,,,,,,,,,,,,,,,,,,,,4.50
Dino Bits Hazy Double India Pale Ale,Weldwerks Brewing Co. / Toppling Goliath Brewing Co.,IPA,New England/Hazy IPA,Colorado,7/24/2025,July,2025,Dave E.,145,Ryan F.,3.64,,,,,,,,,,,,,,,3.75,,,,,,,,3.00,,,,,,,,,,,3.50,,2.75,,,,,,,3.25,,,,3.75,,,,,,4.00,,,,,,,,,,,,,,,,,,,,,,,,,,,,,,,,,,,,,,,,,,,,,,,,,,,3.72,,,,,5.00,,,,,,,,,,,,,,,,,
Happy Amber,MadTree Brewing Co.,Amber,,Ohio,1/17/2014,January,2014,Phil H.,9,Denis M.,3.63,,,,,,,,,,,,,,,,,,,,,,,,4.00,,,,,,,,3.50,,3.00,,,,,4.00,,,3.50,,,,,,,,,,,,,,,4.00,,,,,,,,,,,,,,,,,,,,,,,,,,,,,,,,,,,,,,,3.00,,,,,,,,,,,,,,,,,,4.00,,,,,,,,,,,,
Trappistes Rochefort 10,Brasserie de Rochefort,Quad,Belgian Quad,Belgium,2/24/2017,February,2017,Ben W.,46,Kevin W.,3.63,,,,,,,,,,,,,,,,4.00,,,,,,,,,,,,,,,,,,2.75,,,,,,,,,,,,,3.50,,,,,,2.75,,,,,,,,,,,,,,,,,,,,,,5.00,,,,,,,,,,,3.00,,,,,,,,,,,,,,4.50,,,,,,,,,,,,,,,,,,,,,3.50,,,,,
Springbok South African IPA,New Holland Brewing Co.,IPA,American IPA,Michigan,6/17/2017,June,2017,Denis M.,50,Jake W.,3.63,,,,,,,,,,,,,,,,,,2.50,,,,,,,,,,,,,,,,,,,,,3.25,,,,,,,,4.50,,,,,,3.75,,,,,,,,,,,,,,3.25,,,,,,,,,,,,,,,,,,,,,,,,,,,,,5.00,,,,,,,,,,,,,,,,,,,,3.00,,3.75,,,,,,,,
Imperial Java Stout ,Santa Fe Brewing Co.,Stout,Coffee Stout,New Mexico,2/28/2026,February,2026,Ryan F.,152,Eric H.,3.63,,,,,,,,,,,,,,,,4.50,,,,,,,,,,,,,3.50,,,,,3.50,,2.75,,,,,,,,,,,3.25,,,,,,3.50,,,,,,,,,,,,,,,,,,,,,,,,,4.00,,,,,,4.50,,,,,,,,,,,,,,,,,,,,3.50,,,,3.50,3.00,,4.00,,,,,,,,,,,,,,,
White Stouts Can't Jump Imperial White Stout,Abomination Brewing,Stout,American Imperial Stout,Connecticut,6/13/2023,June,2023,Sara P.,120,Sara P.,3.62,,,,,,,,,4.00,,,,,,3.50,,,,,,,,,,3.75,,,,,,,,,3.25,,,,,,,,,,,,,,,,,,,4.00,,,,,,,,,,,3.25,,,,,,,,,,,,,,,,,,,,4.75,,,,,,,,,,3.50,,5.00,,,,,,,,,,,,4.00,,,2.00,,,,,2.25,,,,,,,,,,3.75
St. Peter's Cream Stout,St. Peter's Brewery Co.,Stout,Sweet/Milk Stout,UK,1/19/2017,January,2017,Jake W.,45,Eric A.,3.61,,,,,,,,,,,,,,,,,,,,,,,,,,,,,,,,,,3.25,,,,,,,,,,,4.00,,2.50,,,,,,4.00,,,,,,,,,3.50,,,,,,,,3.75,,,,,4.50,,,,4.00,,,,,,,,,,,,,,3.00,,,,,,,,,,,,,,,,,,,,,,,,,,,,,,,,,
Voodoo Ranger Tropic Force IPA,New Belgium Brewing Co.,IPA,Imperial IPA,Colorado,1/31/2025,January,2025,Scott T.,139,Drew B.,3.61,,,,,,,,,,,,,,,,,,3.50,,,,,,,,,,,,,,,,3.00,,3.50,,,,,,,3.50,,,,,,,,,,3.25,,,,,,,,,,,,,,,,,,,,,,,,,,,4.50,,,,3.50,,,,,,,,,,,,,,,,,,,,,,,,3.50,,,4.25,,,,,,,,,,,,,,,
Moloko Milk Stout,3 Floyds Brewing Co.,Stout,Sweet/Milk Stout,Indiana,2/24/2023,February,2023,Silverton/Pleasant Ridge,116,Matt T.,3.61,,,,,,,,,,,,,,,,3.50,,,,,,,,,,,,,,,,,,4.00,,,,,,,,,,,,,,,,,,,3.50,,,,,,3.00,,,,,3.50,,,,,,,,,,,,,,,,,,,,3.75,,,,,,,,,,,,,,,,,,,,,,,,4.00,,,,,,,,,,,,,,,,,,
Peanut Butter Milk Stout,West Side Brewing,Stout,Sweet/Milk Stout,Ohio,4/29/2023,April,2023,Ben W.,118,Ben W.,3.61,,,,,,,,4.25,,,,,,,,3.50,,,,,,,,,,,,,,,,,,3.75,,,,,,,,,3.75,,,,,,,,,,,,,,,,,,,,,,,,,,,,,,,,,,,,,,,,,,,3.00,,,,,,,3.50,,,,,,,,,,,,,,,,,,,,,,,,,,,,3.50,,,,,
Trip in the Woods: Biere De Garde,Sierra Nevada Brewing Co.,Biere de Garde,,California,11/21/2018,November,2018,Lee M.,67,Ben W. / Jeremy S.,3.60,,,,,,,,,,,,,,,,4.50,,,,,,,,,,,,,,,,,,3.75,,,,,,,,,,,4.50,,1.75,,,,,,2.50,,4.00,2.00,,,4.00,,,,,,,,,,,,,,,,4.50,,4.50,,,,,3.75,,,,,,,,,,,,3.50,,,,,,,,,,,,,,,,,,,,,,,,,,,,,,,,
Bedtime Stories Imperial Milk Stout,Abomination Brewing,Stout,Sweet/Milk Stout,Connecticut,8/21/2019,August,2019,Jeremy S.,76,Dave E.,3.60,4.00,,,,,,,,,,,,,,3.25,,,,,,,,,,,,,,,,,,,4.00,,,,,,,,,,,,,,,,,4.00,,3.00,,,,,,3.50,,,,,,,,,,,,4.00,,,,4.00,,3.75,,,,,,,,,,,,,,,,,3.50,,,,,,,,,,,,,,,,,3.00,,,,,,,,,,,,,,,3.25
Hipster Repellant IPA,Falls City Brewing Co.,IPA,American IPA,Kentucky,11/21/2014,November,2014,Denis M.,19,Tony H.,3.60,,,,,,,,,,,,,,,,,,,,,,,,,,,,,,4.00,,,,3.00,,,,,2.50,,,,,,,,3.50,,,,,5.00,3.50,,,,,,,,,,,,,,,,,,,,,,,,,,3.50,,,,,,,,,,,,,,,,,4.50,,,,,,,,,,,,,,,3.00,,,,,,,,,,3.50,,,,,
Cryosphere India Pale Ale,Terrapin Beer Co.,IPA,American IPA,Georgia,5/29/2020,May,2020,Wes B.,83,Charlie D.,3.59,,,,,,,,,,,,,,,,,,,,,,,4.25,,,,,,,,,,,2.75,,,,,,,,,,,,,4.00,,,,,,3.50,,,3.75,,,3.00,,,,,,,,,,,,,,,,3.50,,,,,,,,,,,,,,,,,,,,,,,,,,,,,,,,,,,,,,,,,,,,,,,,,,4.00,
IPA,Karrikin Spirits Co.,IPA,American IPA,Ohio,5/29/2020,May,2020,Wes B.,83,Jake W.,3.59,,,,,,,,,,,,,,,,,,,,,,,4.00,,,,,,,,,,,3.00,,,,,,,,,,,,,3.75,,,,,,4.00,,,3.75,,,2.50,,,,,,,,,,,,,,,,3.50,,,,,,,,,,,,,,,,,,,,,,,,,,,,,,,,,,,,,,,,,,,,,,,,,,4.25,
Abt 12 Abbey Ale,Brouwerij St. Bernardus NV,Quad,Belgian Quad,Belgium,8/26/2022,August,2022,Jeremy S.,110,Juan B.,3.59,,,,,,,,,,,,,,,3.00,,,,,,,,,,,,,,,,,,,3.00,,,,,,,,,,,,,,,,,,,,,,3.50,,,3.25,,,,,,,,,,,,3.75,4.50,,,4.00,,,,,,,,,,,,,,,,,,,,,,,,,,,,,,,,,,,,,,,,,,,,,,,,,,,3.75
Black Note Stout,Bell's Brewery,Stout,American Imperial Stout,Michigan,2/29/2024,February,2024,Scott T.,128,Scott T.,3.59,,,,,,,,,,,,4.00,,,3.00,,,,,,,,,,,,,,,,,,,3.50,,,,,,,,,,,,,,,,,,,3.00,,,,,,,,,,,,,,,,,,,,,,,3.25,,,,,,,,4.00,,,,,,,,,,,,,,,,,,,,,,,,3.25,,,4.75,,,,,,,,,,,,,,,
Shake Chocolate Porter,Boulder Beer ,Porter,American Porter,Colorado,7/5/2019,July,2019,Dave E.,75,Charlie D.,3.59,3.00,,,,,,,,,,,,,,,3.50,,,,,,,3.25,,,,,,,,,,,3.25,,,,,,,,,4.25,,,,,,,,,,3.50,,,3.50,,,4.00,,,,,,,,,,,,,,,,,,,,,,,,,,,,,,,,,,,3.50,,,,,,,,,,,,,,,,,,,,3.25,,,,,,,,,,,,4.50
Blood Orange Psychopathy IPA,MadTree Brewing Co.,IPA,American IPA,Ohio,10/13/2016,October,2016,Sam E.,42,Matt S.,3.58,,,,,,,,,,,,,,,,,,,,,,,,,,,,,,,,,,3.00,,,,,,,,,,,,,4.50,,,,,,,,,,,,,,,,,,,,,,,,,,,,4.00,,,,,,,,3.50,,,,,,,,,,,,,,,,,,,,,,,3.00,,,,,,,,,,,,,,,,,3.50,,,
Oktoberfest,West Side Brewing,Oktoberfest,Marzen,Ohio,9/12/2020,September,2020,Jason M.,87,Jason M.,3.58,,,,,,,,,,,,,,,,,,,,,,,3.25,,,,,,,,,,,3.50,,,,,,,,,,,,,3.25,,,,3.75,,,,,4.25,,,,,,,,,,,,,,,,,,,,,,,,,,,,,,,,,,,,3.50,,,,,,,,,,,,,,,,,,,,,,,,,,,,,,,,,,
Hop Baron Double Down IPA,Rivertown Brewing Co.,IPA,Double IPA,Ohio,6/25/2013,June,2013,Colin J.,2,Jake W.,3.57,,,,,,,,,,,,,,,,,,,,,,,,,,,,,,5.00,,,,3.50,,,,,,,,,,,,,4.00,,,,,,3.00,,,,,,,,,,,,,,,,,,,,,,,,,,,,,,,3.50,,,,,,,,,,,3.00,,,,,,,,,,,,,,,,3.00,,,,,,,,,,,,,,,
Ichabod Pumpkin Ale,New Holland Brewing Co.,Pumpkin,,Michigan,10/10/2013,October,2013,Matt S.,6,Scott T.,3.57,,,,,,,,,,,,,,,,,,2.00,,,,,,,,,,,,4.00,,,,3.50,,,,,,,,,,,,,,,,,,,2.50,,,,,,,,,,,,,,,,,,,,,,,,,,,,,,5.00,,,,,,,,,,,,,,,,,,,,,,,,,,,,4.00,,,,,,,,,,,,4.00,,,
"My Mug, My Rules Imperial Stout",Short Throw Brewing Co.,Stout,American Imperial Stout,Connecticut,10/16/2020,October,2020,Dave E. and Jake W.,89,Paul K.,3.57,,,,,,,,,,,,,,,3.50,,,,,,,,,,,,,,,,,,,3.50,,,,,,,,,,,,,2.75,,,,,,3.25,,,,,,,,,,,,,,,,,,,,,,4.00,,,,,,,,,,,,,,,,,,,4.00,,,,,,,,,,,,,,,,,4.00,,,,,,,,,,,,,,,
Hopslam Ale,Bell's Brewery,IPA,Double IPA,Michigan,3/2/2018,February,2018,Colin J.,58,Colin J.,3.57,,,,,,,,,,,,,,,,,,2.50,,,,,4.00,,,,3.75,,,4.50,,,,2.00,,,,,,,,,,,,,4.00,,,,,,3.75,,,3.00,,,,,,,,,,,,,,,,,,,4.50,,,,,,,,,,,,,,,,,,,3.00,,,,,,,,,,,,,,,,,4.25,,,,,,,,,,,,,,,
Oktoberfest,Bell's Brewery,Oktoberfest,Marzen,Michigan,9/28/2018,September,2018,Aaron T. and Jeremy S.,65,Jeremy S.,3.57,3.50,,,,,,,,,,,,,,,,,,,,,,,,,,,,,,,,,3.75,,,,,,,,,,,3.25,,,,,,,,3.00,,3.75,4.00,,,3.00,,,,,,,,,,,,4.00,,,,4.00,,2.50,,,,,,,,,,,,,,,,,,,,,,,,,,,,,,,,,,,,4.50,,,,,,,,,,,,,
950 Cuvee,Brouwerij Affligem,Blonde,Belgian Blonde,Belgium,1/17/2014,January,2014,Phil H.,9,Jason S.,3.56,,,,,,,,,,,,,,,,,,,,,,,,4.00,,,,,,,,3.50,,2.50,,,,,3.00,,,3.00,,,,,,,,,,,,,,,4.00,,,,,,,,,,,,,,,,,,,,,,,,,,,,,,,,,,,,,,,4.50,,,,,,,,,,,,,,,,,,4.00,,,,,,,,,,,,
Amber Ale,Mt. Carmel Brewing Co.,Amber,,Ohio,7/22/2015,July,2015,Trent D.,27,Trent D.,3.56,,,,,,,,,,,,,,,,,,,,,,,,,,,,,,,,,,3.50,,,,,,,,,,,3.50,,,,,,,,3.00,,,,,,,,,,,,,,,,,,,,,,,,,,,,,,,,,,,4.00,,,,,,,3.50,,,,,,,,,,,3.00,,,,,4.00,,,,,,,,,,,,4.00,,,
ERIC More Cowbell! Chocolate Milk Stout,SingleCut Beersmiths,Stout,Sweet/Milk Stout,New York,8/21/2019,August,2019,Jeremy S.,76,Lee M.,3.56,2.00,,,,,,,,,,,,,,3.25,,,,,,,,,,,,,,,,,,,3.50,,,,,,,,,,,,,,,,,4.00,,4.00,,,,,,4.00,,,,,,,,,,,,4.25,,,,3.50,,4.00,,,,,,,,,,,,,,,,,3.25,,,,,,,,,,,,,,,,,3.75,,,,,,,,,,,,,,,3.25
Nocturnal Dark Lager,Sonder Brewing,Schwarzbier,,Ohio,1/30/2023,January,2023,Scott T.,115,Dave E.,3.56,,,,,,,,,,,,,,,,,,,,,,,,,,,,,,,4.25,,,3.50,,,,,,,,,2.75,,,,,,,,,,3.50,,,,,,,,,,,3.00,,,,,,,,,,,,,,,,,,,,4.25,,,,,,,,,,,,,,,,,,,,,,,,3.75,,,3.50,,,,,,,,,,,,,,,
Wildness Alaskan Cold Beer,Alaskan Brewing Co.,Blonde,,Alaska,9/27/2024,September,2024,Charlie D.,135,Charlie D.,3.56,,,,,,,,,,,,,,,,,,3.50,,,,,3.75,,,,,,,,,,,,,,,,,,,,,,,,3.25,,,,,,,,,,,,,,,,,,,,,,,,,,,,,3.75,,,,,,,,,,,,,,,,,,,,,,,,,,,,,,,,,,,,,,,,,,,,,,,,,,
Batsquatch Hazy IPA,Rogue Ales,IPA,New England/Hazy IPA,Oregon,12/11/2020,December,2021,Paul W.,90,Jeremy S. / Lee M. / Merritt W.,3.56,3.00,,,,,,,,,,,,,,4.25,3.50,,3.50,,,,,4.25,,,,,,,,,,,3.50,,,,,,,,,3.50,,2.00,,3.00,,,,4.00,,3.75,,,3.00,,,5.00,,,,,,,,,,,,,,,,3.50,,3.50,,,,,,,,,,,,,,,3.75,,3.75,3.25,4.50,,,,,,,,,,,,,,,4.00,,,,,2.25,,,,,,,,,,
Gnarly Brown,MadTree Brewing Co.,Brown,,Ohio,7/22/2015,July,2015,Trent D.,27,Dave E.,3.56,,,,,,,,,,,,,,,,,,,,,,,,,,,,,,,,,,4.50,,,,,,,,,,,4.00,,,,,,,,3.50,,,,,,,,,,,,,,,,,,,,,,,,,,,,,,,4.00,,,,4.00,,,,,,,3.00,,,,,,,,,,,2.50,,,,,3.50,,,,,,,,,,,,3.00,,,
Gaffel Kolsch,Privatbrauerei Gaffel Becker & Co.,Kolsch,,Germany,6/21/2019,June,2019,Ben W.,74,Dick K.,3.56,,,,,,,,,,,,,,,,4.00,,,,,,,3.00,,,,,,,,,,,2.50,,,,,,3.75,,,4.00,,,,,,,,,,,,,,,,4.00,,,,,,,,,,,,3.75,,,,,,,,,,,,,,,,,,,,,,,4.00,,,,,,,,,,,,,,,,,,,,,,,,,,,3.00,,,,,
Green Moss Citra and Simcoe-Hopped Double India Pale Ale,Hop Butcher for the World,IPA,Double IPA,Illinois,1/31/2025,January,2025,Scott T.,139,David A.,3.56,,,,,,,,,,,,,,,,,,3.25,,,,,,,,,,,,,,,,2.50,,5.00,,,,,,,3.75,,,,,,,,,,4.25,,,,,,,,,,,,,,,,,,,,,,,,,,,3.00,,,,3.75,,,,,,,,,,,,,,,,,,,,,,,,3.25,,,3.25,,,,,,,,,,,,,,,
Crooked Tree IPA,Dark Horse Brewing Co.,IPA,American IPA,Michigan,11/21/2014,November,2014,Denis M.,19,Eric H.,3.55,,,,,,,,,,,,,,,,,,,,,,,,,,,,,,4.00,,,,2.50,,,,,3.00,,,,,,,,4.00,,,,,4.50,4.00,,,,,,,,,,,,,,,,,,,,,,,,,,2.50,,,,,,,,,,,,,,,,,5.00,,,,,,,,,,,,,,,3.00,,,,,,,,,,3.00,,,,,
Milk Stout,North High Brewing Co.,Stout,Sweet/Milk Stout,Ohio,7/27/2016,July,2016,Kevin W.,39,Eric A.,3.55,,,,,,,,,,,,,,,,,,3.50,,,,,,,,,,,,,,,,3.00,,,,,,,,,,,4.50,,2.00,,,,,,3.50,,,,,,,,,,,,,,,,,,,,,,4.50,,,,,,,,,,,,,,4.00,,,,,,3.00,4.00,,,,,,,,,,,,,,,,,,,,,,,,,,,3.50,,,
Pigs Ass Porter,Harvest Moon Brewery,Porter,English Porter,Montana,3/2/2018,February,2018,Colin J.,58,Scott T.,3.55,,,,,,,,,,,,,,,,,,2.50,,,,,4.25,,,,3.75,,,3.25,,,,3.25,,,,,,,,,,,,,3.25,,,,,,4.00,,,3.50,,,,,,,,,,,,,,,,,,,4.00,,,,,,,,,,,,,,,,,,,3.50,,,,,,,,,,,,,,,,,3.75,,,,,,,,,,,,,,,
Evil Dead Red,Ale Smith Brewing Co.,Red,,California,10/18/2018,October,2018,Phil H.,66,Charlie D.,3.55,,,,,,,,,,,,,,,,3.50,,4.00,,,,,4.00,,,,,,,,,,,3.50,,,,,,,,,,,,,,,,,,,3.00,,,,,,,,,,,,,,4.00,,,,,,,,,,4.00,,,,,,,,,,,,,,,,,2.50,2.50,4.50,,,,,,,,,,,,,,,,,,,,,3.50,,,,,,,,,
Munsterfest Oktoberfest-style Lager,3 Floyds Brewing Co.,Oktoberfest,Marzen,Indiana,9/27/2019,September,2019,Kevin W.,77,Jeremy S.,3.55,,,,,,,,,,,,,,,3.50,,,,,,,,,,,,,,,,,,,3.00,,,,,,,,,3.50,,,,3.25,,,,4.25,,3.25,,,,,,4.25,,,,,,,,,,,,4.00,,,,3.50,,,,,,,,,,,,,,,,,,,3.25,,,,,,,,,,,,,,,,,,,,,,,,,,,,,,,,3.25
Necron 99 Scorch-Style Ale,3 Floyds Brewing Co.,IPA,American IPA,Indiana,7/3/2017,July,2017,Dave E.,51,Matt S.,3.54,4.00,,,,,,,,,,,,,,,3.50,,,,,,,,,,,,,,,,,,2.50,,,,,,,,,,,,,3.00,,,,,,3.50,,,,,,4.00,,,,,,,,,,,,,,,,4.50,,,,,,,,4.00,,,3.25,,,,,,,,2.75,,3.75,,,,,,,,,,,,,,,,,,,,,,,,,,,3.75,,,
Canadian Breakfast Stout,Founders Brewing Co.,Stout,American Imperial Stout,Michigan,11/21/2018,November,2018,Lee M.,67,Paul K. / Jake W.,3.54,,,,,,,,,,,,,,,,4.25,,,,,,,,,,,,,,,,,,3.25,,,,,,,,,,,4.00,,2.25,,,,,,3.00,,4.25,1.50,,,3.50,,,,,,,,,,,,,,,,4.00,,4.75,,,,,4.50,,,,,,,,,,,,3.25,,,,,,,,,,,,,,,,,,,,,,,,,,,,,,,,
I'm An Alligator IIPA,SingleCut Beersmiths,IPA,Imperial IPA,New York,1/30/2020,January,2020,Scott T.,81,Wes B.,3.54,,,,,,,,,,,,,,,3.75,,,,,,,,,,,,,,,,,,,3.25,,,,,,,,,4.75,,,,3.50,,,,,,4.00,,,,,,3.00,,,,,,,,,,,,,,,,,,3.00,,,,,,,,,,,,,,,,,3.75,,,,,,,,,,,,,,,,,3.00,,,,,3.25,,,,,3.00,,,,4.25,
Cold Mountain Winter Ale,Highland Brewing Co.,Winter,,North Carolina,12/6/2019,December,2020,Paul W.,80,Paul W.,3.54,3.00,,,,,,,,,,,,,,,3.00,,3.50,,,,,4.00,,,3.25,,,,,,,,3.00,,,,,,,,,,,3.00,,3.50,,,,4.50,,3.00,,,3.75,,,4.50,,,,,,,,,,,,4.25,,,,,,3.75,,,,,,,,,,,,,,,,,3.25,3.50,,,,,,,,,,,,,,,,3.00,,,,,,3.25,,,,,,,,4.25,
Big Bunny Imperial Chocolate Milk Stout,Stillwater Artisanal Ales,Stout,Sweet/Milk Stout,Maryland,7/3/2017,July,2017,Dave E.,51,Phil H.,3.54,4.00,,,,,,,,,,,,,,,4.00,,,,,,,,,,,,,,,,,,3.50,,,,,,,,,,,,,2.50,,,,,,3.00,,,,,,3.00,,,,,,,,,,,,,,,,3.00,,,,,,,,3.00,,,4.00,,,,,,,,3.75,,4.25,,,,,,,,,,,,,,,4.50,,,,,,,,,,,,3.50,,,
Black Cats English Brown Ale,Streetside Brewery,Brown,,Ohio,5/31/2021,May,2021,Scott T.,95,Ben S.,3.54,,,,,,,,,,,,,,,3.50,,,,,,,,,,,,,,,,,,,3.50,,,,,,,,,,,,,3.25,,,,4.00,,4.00,,,,,,,,,,,,,,,,,,,,,,,,,,,,,,,,,,,,,,,,,3.25,,,,,,,,,,,,,,,,,3.25,,,,,,,,,,,,,,,
Pride & Joy 3000 Mild Ale,3 Floyds Brewing Co.,Mild Ale,American Mild Ale,Indiana,6/21/2019,June,2019,Ben W.,74,Josh R.,3.53,,,,,,,,,,,,,,,,4.00,,,,,,,3.00,,,,,,,,,,,2.00,,,,,,3.50,,,4.00,,,,,,,,,,,,,,,,4.25,,,,,,,,,,,,4.00,,,,,,,,,,,,,,,,,,,,,,,3.50,,,,,,,,,,,,,,,,,,,,,,,,,,,,,,,,
White Out Blueberry Walnut Cream Stout ,Fifty West Brewing Co.,Stout,American Stout,Ohio,4/12/2019,April,2019,Andrew P.,72,Dave E.,3.53,,,,,,,,,,3.50,,,,,,3.75,,,,,,,,,,,,,,,,,,3.75,,,,,,,,,,,,,,,,,,,3.50,,,3.00,,,,,,,,,,,,,,,,,,,3.50,,3.75,,,,,,,,,,,,,,,,,,,,,,,,,,,,,,,,,,,,,,,,,,,,,,,,4.50,2.50
Nugget Nectar,Troegs Brewing Co.,Red,,Pennsylvania,1/26/2018,January,2018,Ben W.,57,Richard A.,3.53,,,,,,,,,,,,,,,,4.00,,,,,,,,,,,,,,3.50,,,,3.25,,,,,,,,,,,,,3.25,,,,,,3.75,,,,,,,,,,,,,,,,,,,,,,,,,,,,,,3.50,,,,,,,,,,,3.50,,3.50,,,,3.50,,,,,,3.50,,,,,,,,,,,,,,,,,,,,
Cafe Ink Imperial Stout,Rhinegeist Brewing Co.,Stout,American Imperial Stout,Ohio,4/17/2018,April,2018,Jake W.,60,Jason F.,3.53,,,,,,,,,,,,,,,,,,,,,,,,,,,,,,,,,,4.25,,,,,,,,,,,,,,,,,,,4.00,,4.00,3.00,,,3.75,,,,,,,,,,,,,,,,,,4.25,,,,,,,,,,,,,,,,,3.50,3.00,,,,,,,,,,,,,,,,,,,,,,3.50,,,,,2.00,,,,
Dinner Ale,Maine Brewing Co.,IPA,Double IPA,Maine,12/20/2024,December,2025,Paul W.,138,Paul W.,3.53,,,,,,,,,,,,,,,,,4.00,3.25,,,,,4.50,,,,,,,,,,,2.25,,3.25,,,,,,,,,2.50,,,,,,,,4.00,,,,,,,,,,,,,,,,,,,,,,,,,,,,,,,,4.00,,,,,,,,,,4.00,,,,,,,,,,,,,,,,3.50,,,,,,,,,,,,,,,
Insane Wanderer IPA,Columbus Brewing Co.,IPA,American IPA,Ohio,9/27/2019,September,2019,Kevin W.,77,Drew B.,3.52,,,,,,,,,,,,,,,4.00,,,,,,,,,,,,,,,,,,,2.50,,,,,,,,,4.25,,,,4.00,,,,4.00,,3.50,,,,,,3.50,,,,,,,,,,,,3.50,,,,4.00,,,,,,,,,,,,,,,,,,,2.75,,,,,,,,,,,,,,,,,,,,,,,,,,,,,,,,2.75
Hazy Slugger Hazy IPA,Taft's Brewing Co.,IPA,New England/Hazy IPA,Ohio,6/12/2020,June,2020,Charlie D.,84,Jason M.,3.52,4.00,,,,,,,,,,3.25,,,,,3.00,,3.00,,,,,3.75,,,,,,,,,,,3.25,,,,,,,,,,,,,4.00,,,,,,3.75,,,4.00,,,3.00,,,,,,,,,,,,,,,,,,,,,,,,,,,,,,,,,,,3.75,,,,,,,,,,,,,,,,,,,,,,,,,,,,,,,,
Electric Llama Bavarian Style IPA,Fretboard Brewing Co.,IPA,American IPA,Ohio,5/22/2024,May,2024,Jake W. ,131,Eric H.,3.52,,,,,,,,,,,,,,,3.00,,2.75,,,,,,,,,,,,,,,,,,,,,,,,,,3.75,,,,4.50,,,,,,3.00,,,,,,3.25,,,,,,,,,,,,,,,,,,,,,,,,,4.00,,,,,,,,,,3.75,2.75,,,,,,,,,,,,,3.75,,,3.50,,,,,,,,,,,,,,,4.25
Weissbier,Franziskaner,Wheat,Hefeweizen,Germany,8/12/2013,August,2013,Scott T.,4,Paul W.,3.50,,4.00,,,,,,,,,,,,,,,,3.00,,,,,,,,,,,,,,,,2.00,,,,,4.00,,,,,,,,,,,,,,3.00,,,,,,,,,,,4.00,,,,,,,,,,,,,,,,,,,,4.00,,,,,,,,,,,3.50,3.50,,,,,,,,,,,,,,,4.00,,,,,,,,,,,,,,,
Special Dark Bier,St. Pauli Girl,Lager,European Dark Lager,Germany,9/9/2013,September,2013,Dave E.,5,Bobby T.,3.50,,,,,,,,,,,,,,,,,,3.50,,,,,,,,,,,,,,,,4.00,,,,,3.00,,,4.00,,,,,,,,,,,2.50,,,,,,,,,,,,,,,,,,,,,,,,,,,,,,,,,,,,,,,,,,,4.00,,,,,,,,,,,,,,,3.50,,,,,,,,,,,,,,,
Gruntled Pumpkin Ale,RJ Rockers Brewing Co.,Pumpkin,,South Carolina,10/10/2013,October,2013,Matt S.,6,Trent D.,3.50,,,,,,,,,,,,,,,,,,2.50,,,,,,,,,,,,4.50,,,,3.50,,,,,,,,,,,,,,,,,,,2.00,,,,,,,,,,,,,,,,,,,,,,,,,,,,,,4.00,,,,,,,,,,,,,,,,,,,,,,,,,,,,4.00,,,,,,,,,,,,4.00,,,
Furious Beer,Surly Brewing Co.,IPA,American IPA,Minnesota,6/24/2014,June,2014,Scott T.,14,Colin J.,3.50,,,,,,,,,,,,,,,,,,3.50,,,,,,,,,,,,5.00,,,,2.00,,,,,3.00,,,,,,,,3.50,,,,,,4.00,,,,,,,,,,3.00,3.00,3.00,,,,,,,,,,,,,,,,,,,,,,,,,,,,,,,4.50,,,,,,,,,,4.00,,,,,3.50,,,,,,,,,,,,3.50,,,
Hazelnut Brown Nectar,Rogue Ales,Brown,,Oregon,9/16/2014,September,2014,Jake W.,17,Scott T.,3.50,,,,,,,,,,,,,,,,,,,,,,,,,,,,,,,,,,4.00,,,,,,,,,,,,3.50,,,,,,,4.00,,,,,,,,,,,,,,,,,,,,,,,,,,,,,,,,,,,,,,,,,,3.50,,,,,,,,,,,3.50,,,,,3.00,,,,,,,,,,,,3.00,,,
Merry Monks' Ale,Weyerbacher Brewing Co.,Tripel,Belgian Tripel,Pennsylvania,1/29/2015,January,2015,Jake W.,21,Paul W.,3.50,,,,,,,,,,,,,,,,,,,,,,,,,,,,,,,,,,,,,,,,,,,,,,4.50,3.50,,,,,,3.00,,,,,,,,,,,,,,,,,,,,,,,,,,,,,,,,,,,,,,,,,,3.00,,,,,,,,,,,,,,,,,,,,,,,,,,,,,,,
Red Chair NWPA,Deschutes Brewery,Pale Ale,American Pale Ale,Oregon,1/29/2015,January,2015,Jake W.,21,Eric H.,3.50,,,,,,,,,,,,,,,,,,,,,,,,,,,,,,,,,,,,,,,,,,,,,,4.50,3.00,,,,,,3.50,,,,,,,,,,,,,,,,,,,,,,,,,,,,,,,,,,,,,,,,,,3.00,,,,,,,,,,,,,,,,,,,,,,,,,,,,,,,
Dragon's Milk,New Holland Brewing Co.,Stout,American Imperial Stout,Michigan,1/14/2016,January,2016,Trent D.,33,Dave E.,3.50,,,,,,,,,,,,,,,,,,,,,,,,,,,,,,,,,,4.00,,,,,,,,,,,5.00,,3.00,,,,,,1.50,,,,,,,,,,,,,,,,,,,,,,5.00,,,,,,,,2.00,,,,,,,,,,,,,,,,,,,,,,,,,,,,4.00,,,,,,,,,,,,3.50,,,
Nitro Vanilla Porter,Breckenridge Brewery,Porter,American Porter,Colorado,8/17/2016,August,2016,Scott T.,40,Jake W.,3.50,,,,,,,,,,,,,,,,,,,,,,,,,,,,,,,,,,,,,,,,,,,,,4.00,,2.50,,,,,,3.50,,,,,,,,,,,,,,,,,,,,,,,,,,,,,,,,,,,,,,,,,,,,,,,,,,,,,,,,,,4.00,,,,,,,,,,,,,,,
Breakfast Porter,Woodburn Brewery,Porter,American Porter,Ohio,1/19/2017,January,2017,Jake W.,45,Kevin W.,3.50,,,,,,,,,,,,,,,,,,,,,,,,,,,,,,,,,,3.00,,,,,,,,,,,4.00,,2.75,,,,,,2.75,,,,,,,,,3.25,,,,,,,,4.00,,,,,4.00,,,,4.25,,,,,,,,,,,,,,3.50,,,,,,,,,,,,,,,,,,,,,,,,,,,,,,,,,
Unhappy Amber,MadTree Brewing Co.,Amber,,Ohio,2/24/2017,February,2017,Ben W.,46,Eric H.,3.50,,,,,,,,,,,,,,,,3.50,,,,,,,,,,,,,,,,,,3.00,,,,,,,,,,,,,4.50,,,,,,3.75,,,,,,,,,,,,,,,,,,,,,,3.50,,,,,,,,,,,3.25,,,,,,,,,,,,,,4.00,,,,,,,,,,,,,,,,,,,,,2.50,,,,,
Alpha King Pale Ale,3 Floyds Brewing Co.,Pale Ale,American Pale Ale,Indiana,3/22/2017,March,2017,Scott T.,47,Kevin W.,3.50,,,,,,,,,,,,,,,,,,,,,,,,,,,,,,,,,,2.75,,,,,,,,,,,3.00,,3.50,,,,,,4.00,,,,,,,,,,,,,,,,,,,,,,4.00,,,,,,,,,,,,,,,,,,,,3.25,,,,,,,,,,,,,,,,4.00,,,,,,,,,,,,,,,
Raspberry Beret,Streetside Brewery,Sour,Berliner Weisse,Ohio,8/28/2017,August,2017,Bobby T.,52,Ben C.,3.50,,,,,,,,,,,,,,4.25,,,,3.50,,,,,4.25,,,,,,,,,,,3.50,,,,,,,,,,,,,2.00,,,,,,3.00,,4.00,,,,,,,,,,,,,,,,,,,,,,,,,,,,,,,,,,,,,,,,,,,,,,,,,,,,,,,,3.50,,,,,,,,,,,,,,,
Moloko Milk Stout,3 Floyds Brewing Co.,Stout,Sweet/Milk Stout,Indiana,9/26/2017,September,2017,Lee M.,53,Eric A.,3.50,,,,,,,,,,,,,,,,,,,,,,,,,,,,,,,,,,3.50,,,,,,,,,,,4.25,,2.25,,,,,,3.50,,,,,,,,,,,,,,,,,,,,,,,,3.75,,,,,,,,,,,,,,,,,3.25,,,,,,,,,,,,,,,,,4.00,,,,,,,,,,,,,,,
Anni Ale 13irteen,Short's Brewing Co.,Sour,Fruited Sour,Michigan,12/8/2017,December,2018,Paul W.,56,Richard A.,3.50,,,,,,,,,,,,,,,,4.00,,3.75,,,,,,,,,,,,,,,,3.00,,,,3.75,,,,,,,2.00,,3.25,,,,,,3.75,,,,,,,,,,,,,,,,,,,,,,3.00,,2.00,,,,,,3.00,,,4.00,,,,,,,,3.25,3.25,5.00,,,,5.00,,,,,,,,,,,4.00,,,,,4.00,3.25,,,,3.25,,,,,
Cellar Dweller Eye Opener Hazlenut Coffee Stout,Valley Vineyards Winery,Stout,Coffee Stout,Ohio,1/26/2018,January,2018,Ben W.,57,Dave E.,3.50,,,,,,,,,,,,,,,,2.50,,,,,,,,,,,,,,4.00,,,,4.00,,,,,,,,,,,,,2.75,,,,,,4.00,,,,,,,,,,,,,,,,,,,,,,,,,,,,,,3.50,,,,,,,,,,,3.75,,4.75,,,,3.25,,,,,,2.50,,,,,,,,,,,,,,,,,,,,
Hanalei Island IPA,Kona Brewing Co.,IPA,American IPA,Hawaii,6/21/2019,June,2019,Ben W.,74,Drew B.,3.50,,,,,,,,,,,,,,,,3.50,,,,,,,3.75,,,,,,,,,,,2.50,,,,,,3.75,,,4.00,,,,,,,,,,,,,,,,3.50,,,,,,,,,,,,3.75,,,,,,,,,,,,,,,,,,,,,,,3.25,,,,,,,,,,,,,,,,,,,,,,,,,,,,,,,,
Big Bad Baptist Imperial Stout,Epic Brewing Co.,Stout,American Imperial Stout,Utah,11/22/2019,November,2019,Lee M.,79,Lee M.,3.50,,,,,,,,,,,,,,,,,,,,,,,,,,,,,,,,,,3.00,,,,,,,,,,,3.50,,,,,,3.50,,3.25,,,,,,,,,,,,,,,,,,,,,,4.00,,4.25,,,,,,,,,,,,,,,,,,,,,,,,,,,,,,,,,,4.00,,,,,,,,,,,,,,3.25,2.75
Nitro Luck Irish Style Dry Stout,Rhinegeist Brewing Co.,Stout,Irish Stout,Ohio,5/29/2020,May,2020,Wes B.,83,Jason M.,3.50,,,,,,,,,,,,,,,,,,,,,,,2.00,,,,,,,,,,,3.50,,,,,,,,,,,,,3.25,,,,,,4.00,,,4.25,,,3.00,,,,,,,,,,,,,,,,4.00,,,,,,,,,,,,,,,,,,,,,,,,,,,,,,,,,,,,,,,,,,,,,,,,,,4.00,
Barbarian Haze IPA,3 Floyds Brewing Co.,IPA,New England/Hazy IPA,Indiana,4/30/2021,April,2021,Paul W. and Jake W.,94,Drew B.,3.50,,,,,,,,,,,,,,,3.25,,,,,,,,3.50,,,,,,,,,,,,,,,,,,,,3.75,,3.00,,3.50,,,,3.75,,4.00,,,,,,,,,,,,,,,,,,,,,,,,,,,,,,,,,,,,,,,,,4.00,3.00,,,,,,,,,,,,,,,,3.25,,,,,,,,,,,,,,,
La Fin Du Monde,Unibroue Brewery,Tripel,Belgian Tripel,Canada,10/27/2022,October,2022,Juan B. / Zach M.,112,Zach M.,3.50,,,,,,,,,,,,,,,3.50,,,,,,,,,,,,,,,,,,,4.00,,,,,,,,,,,,,,,,,,,2.00,,,,,,,,,,,,,,,,,,,3.25,,,,,,,,,,,,,,,,,,,,,,4.00,,,,,,,,,,,,,,,,,,,,,,,,,,,,,,,,4.25
Mother Said Knock You Out Double IPA,BC's Brewing Co.,IPA,Double IPA,Ohio,12/12/2025,December,2026,Scott T.,150,Ryan F.,3.50,,,,,,,,,,,,,,,4.00,,,,,,,,,,,,,,,,,,,3.00,,3.00,,,,,,,,,,,,,,,,,3.50,,,,,,,,,,,,,,,,,,,,,,,,,,,,,,,,,,,,,,,,,3.25,,,,,,,3.75,,,4.00,,,,,,,3.50,,,,,,,,,,,,,,,
Society & Solitude #4 Double IPA,Hill Farmstead Brewery,IPA,Double IPA,Vermont,8/21/2019,August,2019,Jeremy S.,76,Ben S.,3.48,4.50,,,,,,,,,,,,,,3.50,,,,,,,,,,,,,,,,,,,2.00,,,,,,,,,,,,,,,,,3.75,,4.25,,,,,,3.00,,,,,,,,,,,,3.25,,,,4.50,,2.50,,,,,,,,,,,,,,,,,3.75,,,,,,,,,,,,,,,,,3.00,,,,,,,,,,,,,,,3.75
Drunken Hog Smoked Porter,Wooden Cask Brewing Co.,Porter,Smoked Porter,Kentucky,7/3/2020,July,2020,Dave E.,85,Jeremy S.,3.48,,,2.75,,,,,,,,,,,,,,,,,,,,2.50,,,,,,,,,,,4.00,,,,,,,3.50,,,,4.00,,2.25,,,,,,3.50,,,3.75,,,5.00,,,,,,,,,,,,,,,,4.00,,,,,,,,,,,,,,,,,,,3.50,,,,,,,,,,,,,,,,,,,,,,,,,,,,,,,3.00,
Dark Aura Chocolate Peanut Butter Stout,Third Eye Brewing Co.,Stout,Russian Imperial Stout,Ohio,6/27/2025,June,2025,Sara P.,144,Ben S.,3.48,,,,,,,,,,,,,,,3.75,,,4.50,,,,,3.00,,,,,,,,,,,3.00,,,,,,,,,,,,,,,,,,,3.00,,,,,,,,,,,,,,,,,,,,,,,4.25,,,,,,,,4.25,,,,,,,,,,3.00,,,,,,,3.50,,,,,,,3.00,4.00,,,,,,,,,,,,,,,,,2.50
Hobo Life Session IPA,Lord Hobo Brewing Co.,IPA,Session IPA,Massachusetts,3/2/2018,February,2018,Colin J.,58,Jake W.,3.48,,,,,,,,,,,,,,,,,,3.50,,,,,3.00,,,,3.50,,,4.25,,,,3.00,,,,,,,,,,,,,3.50,,,,,,3.75,,,3.00,,,,,,,,,,,,,,,,,,,3.50,,,,,,,,,,,,,,,,,,,4.25,,,,,,,,,,,,,,,,,3.00,,,,,,,,,,,,,,,
Trail Head Pale Ale,Fat Head's Brewery & Saloon,Pale Ale,American Pale Ale,Ohio,3/2/2018,February,2018,Colin J.,58,Eric H.,3.48,,,,,,,,,,,,,,,,,,3.50,,,,,3.00,,,,3.25,,,4.75,,,,2.75,,,,,,,,,,,,,3.50,,,,,,3.00,,,3.50,,,,,,,,,,,,,,,,,,,4.00,,,,,,,,,,,,,,,,,,,3.25,,,,,,,,,,,,,,,,,3.75,,,,,,,,,,,,,,,
Robust Porter,Bell's Brewery,Porter,Robust Porter,Michigan,9/27/2019,September,2019,Kevin W.,77,Josh R.,3.48,,,,,,,,,,,,,,,3.75,,,,,,,,,,,,,,,,,,,3.50,,,,,,,,,2.75,,,,3.00,,,,4.00,,3.50,,,,,,4.00,,,,,,,,,,,,4.25,,,,4.00,,,,,,,,,,,,,,,,,,,2.75,,,,,,,,,,,,,,,,,,,,,,,,,,,,,,,,2.75
Cosmic Cocoa Imperial Stout,Sibling Revelry Brewing,Stout,American Imperial Stout,Ohio,10/11/2019,October,2019,Charlie D.,78,Lee M.,3.48,,,,,,,,,,,,,,,,,,3.50,,,,,3.50,,,3.25,,,,3.50,,,,2.75,,,,,,,,,,,4.00,,3.25,,,,,,3.50,,,,,,,,,,,,,,,,,,,,,,,,4.00,,,,,3.50,,,,,,,,,,,,,,,,,,,,,,,,,,,,,,,,,,,,,,,,,,,,
Steve Austin's Broken Skull IPA,El Segundo Brewing Co.,IPA,American IPA,California,8/31/2020,August,2020,Jeremy S.,86,Jeremy S.,3.48,4.00,,,,,,,,,,,,,,4.00,,,,,,,,4.00,,,,,,,,,,,2.50,,,,,,,,,,,1.50,,,,,,4.00,,3.75,,,3.00,,,4.00,,,,,,,,,,,,,,,,,,,,,,,,,,,,,,,,,,,4.00,,,,,,,,,,,,,,,,,,,,,,,,,,,,,,,,
Blackbird Fly Blackberry Wheat,Little Miami Brewing Co.,Wheat,Fruited Wheat,Ohio,9/30/2022,September,2022,Charlie D.,111,Joe J.,3.48,,,,,,,,,,,,,,,2.75,,,4.00,,,,,3.75,,,,,,,,,,,,,,,,,,,,,,,,,,,,,,2.75,,,3.50,,,,,,,,4.00,,,,,,,,,,,,,,,,,,,,3.50,,,,,,,,,,,,,,,,,,,,,,,,3.75,,,3.00,,,,,,,,,3.75,,,,,,
Cheat Day Brownie Swirl Ice Cream Imperial Ale,Southern Tier Brewing Co.,Brown,,New York,3/27/2026,March,2026,Zach M.,153,Alex S.,3.48,,,,,,,4.00,,,,,,,,3.75,,,,,,,,,,,,,,,,,,,,,,,,,,,,,,,,2.50,,,,,,2.25,,,,,,,,,,,,,,,,,,,,,,,,,,,,,,,4.50,,,4.75,,,,,,,2.75,,,,,,,4.00,,,3.25,,,,,,,,,,,,,,,,,,,,,,3.00
Choklat Imperial Stout,Southern Tier Brewing Co.,Stout,American Imperial Stout,New York,11/16/2017,November,2017,Scott T.,55,Eric A.,3.47,,,,,,,,,,,,,,,,,,3.50,,,,,3.75,,,,,,,,,,,4.00,,,,,1.25,,,,,,4.00,,3.50,,,,,,3.00,,,,,,,,,,,,,,,,,,,,,,,,,,,,,,,,,,,,,,,,,4.00,,,,,,,,,,,,,,,,,4.25,,,,,,,,,,,,,,,
GoneAway IPA,Half Acre Beer Co.,IPA,American IPA,Illinois,3/23/2018,March,2018,Kevin W. and Dave E.,59,Phil H.,3.47,,,,,,,,,,,,,,,,,,,,,,,,,,,,,,,,,,3.25,,,,,,,,,,,,,3.25,,,,,,,,2.25,4.00,,,,,,,,,,,,,,,,,,,4.50,,,,,,,,2.50,,,,,,,,,,,3.50,,5.00,,,,,,,,,,3.00,,,,,,,,,,,,,,,,,,,,
Ransack the Universe IPA,Collective Arts Brewing,IPA,American IPA,Canada,11/22/2019,November,2019,Lee M.,79,Jake W.,3.47,,,,,,,,,,,,,,,,,,,,,,,,,,,,,,,,,,3.00,,,,,,,,,,,3.25,,,,,,3.00,,4.00,,,,,,,,,,,,,,,,,,,,,,4.00,,3.00,,,,,,,,,,,,,,,,,,,,,,,,,,,,,,,,,,3.50,,,,,,,,,,,,,,3.50,4.00
Dreadnaught IPA,3 Floyds Brewing Co.,IPA,Imperial IPA,Indiana,4/30/2021,April,2021,Paul W. and Jake W.,94,Scott T.,3.47,,,,,,,,,,,,,,,3.50,,,,,,,,3.00,,,,,,,,,,,,,,,,,,,,4.00,,2.75,,4.00,,,,3.50,,4.00,,,,,,,,,,,,,,,,,,,,,,,,,,,,,,,,,,,,,,,,,3.00,,,,,,,,,,,,,,,,,3.50,,,,,,,,,,,,,,,
Ursus Major Imperial Stout,Equilibrium Brewery,Stout,American Imperial Stout,New York,2/29/2024,February,2024,Scott T.,128,Anfernee A.,3.47,,,,,,,,,,,,4.00,,,3.00,,,,,,,,,,,,,,,,,,,3.00,,,,,,,,,,,,,,,,,,,2.75,,,,,,,,,,,,,,,,,,,,,,,3.50,,,,,,,,3.75,,,,,,,,,,,,,,,,,,,,,,,,3.50,,,4.25,,,,,,,,,,,,,,,
Brian Boru Irish-Style Red Ale,3 Floyds Brewing Co.,Red,Irish Red,Indiana,3/25/2021,March,2021,Paul K.,93,Dave E.,3.46,,,,,,,,,,,,,,,3.25,,,,,,,,,,,,,,,,,,,3.50,,,,,,,,,,,,,3.50,,,,3.50,,3.25,,,,,,,,,,,,,,,,,,,,,,,,,,,,,,,,,,,,,,,,,3.00,,,,,,,,,,,,,,,,,,,,,,,,,,,,,,,,4.25
Mocha Latte Porter,Country Boy Brewing,Porter,American Porter,Kentucky,1/18/2024,January,2024,Paul K.,127,Matt T.,3.46,,,,,,,,,,,,,,,3.75,,2.75,,,,,,,,,,,,,,,,,3.75,,,,,,,,,3.50,,,,,,,,,,,,,,,,,,,,,,,,,,,,,,,,,,,,,,,,,4.25,,,,,,,,,,4.00,,,,,,,,,,,,,,,,,,,,,,,,,,,,,,,,2.25
Retrospective II Marzen,MadTree Brewing Co.,Oktoberfest,Marzen,Ohio,1/18/2024,January,2024,Paul K.,127,Zach M.,3.46,,,,,,,,,,,,,,,3.00,,4.25,,,,,,,,,,,,,,,,,3.25,,,,,,,,,3.50,,,,,,,,,,,,,,,,,,,,,,,,,,,,,,,,,,,,,,,,,3.00,,,,,,,,,,3.50,,,,,,,,,,,,,,,,,,,,,,,,,,,,,,,,3.75
Spaten Premium Lager,Spaten-Franziskaner-Bräu,Lager,Helles Lager,Germany,1/18/2024,January,2024,Paul K.,127,Bill K.,3.46,,,,,,,,,,,,,,,3.50,,4.25,,,,,,,,,,,,,,,,,3.00,,,,,,,,,3.50,,,,,,,,,,,,,,,,,,,,,,,,,,,,,,,,,,,,,,,,,3.75,,,,,,,,,,3.50,,,,,,,,,,,,,,,,,,,,,,,,,,,,,,,,2.75
Chasing Darkness Stout with Coconut,Timber Ales Brewery,Stout,American Imperial Stout,Connecticut,11/26/2025,November,2025,Lee M.,149,Lee M.,3.46,,,,,,,,,,,,,,,,,,,,,,,,,,,,,,,,,,4.00,,2.75,,,,,,,,,,,3.00,,,,,,3.00,,,,,,,,,,,,,,,,,,,,,,,,4.25,,,,,,,,,,,,,,,,,,,,,,,,,,,2.75,,,,,,,4.50,,,,,,,,,,,,,,,
Obsidian Stout,Deschutes Brewery,Stout,American Stout,Oregon,2/15/2019,February,2019,Jeremy S.,70,Aaron T.,3.46,5.00,,,,,,,,,,,,,,,3.50,,,,,,,,,,,,,,,,,,3.75,,,,,,,,,,,,,,,,,2.50,,3.25,,,3.50,,,4.50,,,,,,,,,,,,,,,,3.00,,,,,,,,,,,,,,,,,3.50,,3.00,,,,,,,,,,,,,,,,,3.25,,,,,,,,,,,,,,,2.75
Stout at the Devil,Straight to Ale,Stout,Oatmeal Stout,Alabama,1/30/2020,January,2020,Scott T.,81,Lee M.,3.46,,,,,,,,,,,,,,,4.00,,,,,,,,,,,,,,,,,,,3.25,,,,,,,,,3.25,,,,3.00,,,,,,3.75,,,,,,4.00,,,,,,,,,,,,,,,,,,3.75,,,,,,,,,,,,,,,,,3.75,,,,,,,,,,,,,,,,,3.50,,,,,2.50,,,,,3.00,,,,3.75,
Saber Tooth Tiger Imperial IPA,Rhinegeist Brewing Co.,IPA,Imperial IPA,Ohio,2/29/2020,February,2020,Tony H.,82,Eric H.,3.46,,,3.50,,,,,,,,,,,,3.25,3.50,,,,,,3.50,,,,,,,,,,,,,,,,,,,,,,,,,4.50,,,,3.75,,3.75,,,3.50,,,3.00,,,,,,,,,,,,,,,,,,,,,,,,,,,,,,,,,,,3.25,,,,,,,,,,,,,,,,,,,,,,,,,,,2.50,,,,3.50,
Widow Maker Black Ale,Keweenaw Brewing Co.,IPA,Black IPA,Michigan,2/29/2020,February,2020,Tony H.,82,Tony H.,3.46,,,3.00,,,,,,,,,,,,3.25,4.00,,,,,,3.25,,,,,,,,,,,,,,,,,,,,,,,,,3.75,,,,5.00,,3.50,,,3.00,,,3.25,,,,,,,,,,,,,,,,,,,,,,,,,,,,,,,,,,,3.00,,,,,,,,,,,,,,,,,,,,,,,,,,,2.75,,,,3.75,
Beard Crumbs Oatmeal Raisin Stout,Land Grant Brewing Co.,Stout,Oatmeal Stout,Ohio,1/28/2022,January,2022,Standard Beer,103,Trent D.,3.46,,,,,,,,,,,,,,,,,,,,,,,,,,,,,,,,,,3.75,,,,,,,,,,,,,,,,,,,3.50,,,,,,3.00,,,,,,,,,,,,,,,,,,,,,,,,,,,,,,,,,,,3.50,,,,,,,,,,,,,,,,,,,,,,,,,,,,,4.00,,,3.00
Gunner's Daughter Milk Stout,Mast Landing Brewing Co.,Stout,Sweet/Milk Stout,Maine,5/22/2024,May,2024,Jake W. ,131,Paul W.,3.46,,,,,,,,,,,,,,,3.75,,3.00,,,,,,,,,,,,,,,,,,,,,,,,,,4.00,,,,3.00,,,,,,3.00,,,,,,3.00,,,,,,,,,,,,,,,,,,,,,,,,,4.50,,,,,,,,,,3.50,3.00,,,,,,,,,,,,,4.00,,,3.75,,,,,,,,,,,,,,,3.00
The Hunt for Red Octobrew,South Ave Brewing Co.,Red,,Ohio,10/18/2018,October,2018,Phil H.,66,Ben W.,3.45,,,,,,,,,,,,,,,,4.50,,3.50,,,,,3.50,,,,,,,,,,,3.50,,,,,,,,,,,,,,,,,,,2.75,,,,,,,,,,,,,,4.25,,,,,,,,,,2.75,,,,,,,,,,,,,,,,,2.75,3.00,4.50,,,,,,,,,,,,,,,,,,,,,3.00,,,,,,,,,
Breakfast Stout,Founders Brewing Co.,Stout,Oatmeal Stout,Michigan,7/5/2019,July,2019,Dave E.,75,Aaron T.,3.45,4.50,,,,,,,,,,,,,,,4.00,,,,,,,3.00,,,,,,,,,,,3.75,,,,,,,,,4.50,,,,,,,,,,3.50,,,3.25,,,3.25,,,,,,,,,,,,,,,,,,,,,,,,,,,,,,,,,,,3.25,,,,,,,,,,,,,,,,,,,,2.00,,,,,,,,,,,,3.00
Hop Casserole Hazy IPA,Lebanon Brewing Co.,IPA,New England/Hazy IPA,Ohio,7/21/2023,July,2023,Dave E.,121,DJ W.,3.45,,,,,,,,,,,,,,,3.50,,,,,,,,,,,,,,,,,,,3.25,,,,,,,3.50,,,,,,,,,,,,3.00,,,3.50,,,,,,,,3.00,,,,,,,,,,,,,3.25,,,,,,,3.50,,,,,,,,,,,,,,,,,,,,,,,,,,,,4.00,4.00,,,,,,,,,,,,,3.50
Roebling Imperial Robust Porter,Rivertown Brewing Co.,Porter,Imperial Porter,Ohio,11/21/2014,November,2014,Denis M.,19,Mark A.,3.45,,,,,,,,,,,,,,,,,,,,,,,,,,,,,,1.50,,,,3.50,,,,,2.00,,,,,,,,3.50,,,,,4.50,3.00,,,,,,,,,,,,,,,,,,,,,,,,,,4.50,,,,,,,,,,,,,,,,,4.50,,,,,,,,,,,,,,,4.00,,,,,,,,,,3.50,,,,,
Roebling Vanilla Espresso Imperial Porter,Rivertown Brewing Co.,Porter,Imperial Porter,Ohio,1/26/2018,January,2018,Ben W.,57,Eric H.,3.45,,,,,,,,,,,,,,,,4.00,,,,,,,,,,,,,,3.00,,,,3.00,,,,,,,,,,,,,3.00,,,,,,3.75,,,,,,,,,,,,,,,,,,,,,,,,,,,,,,3.50,,,,,,,,,,,3.25,,4.25,,,,3.00,,,,,,3.75,,,,,,,,,,,,,,,,,,,,
Porter,West Side Brewing Co.,Porter,American Porter,Ohio,8/31/2020,August,2020,Jeremy S.,86,Aaron T.,3.45,4.50,,,,,,,,,,,,,,4.00,,,,,,,,4.00,,,,,,,,,,,3.00,,,,,,,,,,,2.75,,,,,,3.25,,3.25,,,3.00,,,4.00,,,,,,,,,,,,,,,,,,,,,,,,,,,,,,,,,,,2.75,,,,,,,,,,,,,,,,,,,,,,,,,,,,,,,,
Special Double Cream Stout,Bell's Brewery,Stout,Sweet/Milk Stout,Michigan,12/2/2016,December,2017,Paul W.,44,Scott T.,3.44,,,,,,,,,,,,,,,,3.75,,3.50,,,,,,,,,,,,,,,,3.50,,,,,,,,,,,3.50,,2.50,,,,,,4.00,,,,,,,,,,,,,,,,,,,,,,3.50,,3.75,,2.75,,,,2.00,4.00,,,,,,,,,,,3.50,3.75,,,,,,,,,,3.00,,,,,4.00,,,,,,3.75,,,,,,3.75,,,
Premium Dunkel,Warsteiner,Dunkel,,Germany,9/9/2013,September,2013,Dave E.,5,Scott T.,3.44,,,,,,,,,,,,,,,,,,3.50,,,,,,,,,,,,,,,,4.00,,,,,3.00,,,4.00,,,,,,,,,,,2.50,,,,,,,,,,,,,,,,,,,,,,,,,,,,,,2.50,,,,,,,,,,,,,4.00,,,,,,,,,,,,,,,4.00,,,,,,,,,,,,,,,
Plain Porter,Porterhouse Brewing,Stout,Irish Stout,Ireland,3/14/2014,March,2014,Denis M.,11,Denis M.,3.44,,,,,,,,,,,,,,,,,,,,,,,,,,,,,,,,,,3.50,,,3.00,,3.00,,,4.00,,,3.00,,,,,,,,,,,,,,,,,,,,,,,,,,,,,,,,,,,,4.00,,3.00,,,,,,,,,,,,,,,,,,,,,,,,,,,,4.00,,,,,,,,,,,,,,,
Bitter Oats Ale,Lagunitas Brewing Co.,IPA,Imperial IPA,California,1/14/2016,January,2016,Trent D.,33,Eric H.,3.44,,,,,,,,,,,,,,,,,,,,,,,,,,,,,,,,,,2.50,,,,,,,,,,,3.00,,4.50,,,,,,3.50,,,,,,,,,,,,,,,,,,,,,,4.50,,,,,,,,3.00,,,,,,,,,,,,,,,,,,,,,,,,,,,,3.50,,,,,,,,,,,,3.00,,,
Mosacca IPA,Greyline Brewing Co.,IPA,American IPA,Michigan,6/17/2017,June,2017,Denis M.,50,Steve W.,3.44,,,,,,,,,,,,,,,,,,3.25,,,,,,,,,,,,,,,,,,,,,3.00,,,,,,,,3.25,,,,,,3.50,,,,,,,,,,,,,,3.75,,,,,,,,,,,,,,,,,,,,,,,,,,,,,4.50,,,,,,,,,,,,,,,,,,,,3.25,,3.00,,,,,,,,
E's BlackEye-PA ,DVD Brew,IPA,Black IPA,Ohio,9/27/2024,September,2024,Charlie D.,135,Eric H.,3.44,,,,,,,,,,,,,,,,,,3.25,,,,,3.75,,,,,,,,,,,,,,,,,,,,,,,,3.75,,,,,,,,,,,,,,,,,,,,,,,,,,,,,3.00,,,,,,,,,,,,,,,,,,,,,,,,,,,,,,,,,,,,,,,,,,,,,,,,,,
Edelstoff,Augustiner-Bräu Wagner KG,Lager,Export Lager,Germany,6/12/2020,June,2020,Charlie D.,84,Jeremy S.,3.43,3.00,,,,,,,,,,3.00,,,,,4.00,,2.50,,,,,3.75,,,,,,,,,,,2.75,,,,,,,,,,,,,3.75,,,,,,2.50,,,4.00,,,4.00,,,,,,,,,,,,,,,,,,,,,,,,,,,,,,,,,,,4.50,,,,,,,,,,,,,,,,,,,,,,,,,,,,,,,,
Brinktoberfest Marzen Style Lager,Brink Brewing Co.,Oktoberfest,Marzen,Ohio,10/24/2023,October,2023,Higher Gravity,124,Jeremy S.,3.43,,,,,,,,,,,,,,,2.75,,2.75,,,,,,,,,,,,,,,,,4.00,,,,,,,,,3.75,,,,,,,,,,2.75,,,,,,4.00,,,,,,,,,,,,,,,,,,,,,,,,,4.00,,,,,,,,,,4.00,,,,,,,,,,,,,,3.50,3.00,,,,,,,3.25,,,,,,,,,,
Autumnation,Sixpoint Brewery,IPA,American IPA,New York,10/10/2013,October,2013,Matt S.,6,Colin J.,3.43,,,,,,,,,,,,,,,,,,2.50,,,,,,,,,,,,4.50,,,,2.50,,,,,,,,,,,,,,,,,,,3.00,,,,,,,,,,,,,,,,,,,,,,,,,,,,,,4.00,,,,,,,,,,,,,,,,,,,,,,,,,,,,3.50,,,,,,,,,,,,4.00,,,
Prior 8 Belgian Abbey Watou,Brouwerij St. Bernardus NV ,Dubbel,Belgian Dubbel,Belgium,1/17/2014,January,2014,Phil H.,9,Donny H.,3.43,,,,,,,,,,,,,,,,,,,,,,,,3.50,,,,,,,,3.00,,3.50,,,,,3.50,,,4.00,,,,,,,,,,,,,,,3.00,,,,,,,,,,,,,,,,,,,,,,,,,,,,,,,,,,,,,,,3.50,,,,,,,,,,,,,,,,,,,,,,,,,,,,,,
Dry Irish Stout,Brooklyn Brewery,Stout,Irish Stout,New York,3/26/2015,March,2015,Joel B.,23,Joel B.,3.43,,,,,,,,,,,,,,,,,,,,,3.50,,,,,,,,,,,,,3.50,,,,,,,,,,,,,3.50,,,,,,3.50,,,,,,,,,,,,,3.50,,,,,,,,,,,,,,,,,,,,,,,,,,,,,3.50,,,,,,,,,,,,,,,,,,,,,,3.00,,,,,,,,,
The Chocolate Manifesto Chocolate Milk Stout,Flying Monkeys Craft Brewery,Stout,Sweet/Milk Stout,Canada,11/17/2016,November,2016,Trent D.,43,Eric A.,3.43,,,,,,,,,,,,,,,,,,,,,,,,,,,,,,,,,,,,,,,,,,,,,4.00,,4.00,,,,,,2.50,,,,,,,,,,,,,,,,,,,,,,,,3.00,,,,,,,,,,,,,,,,,,,,,,,,,,,,,3.50,,,,,3.50,,,,,,,,,,,,3.50,,,
Mocha Milk Stout,Alaskan Brewing Co.,Stout,Sweet/Milk Stout,Alaska,9/26/2017,September,2017,Lee M.,53,Scott T.,3.43,,,,,,,,,,,,,,,,,,,,,,,,,,,,,,,,,,3.75,,,,,,,,,,,3.50,,2.50,,,,,,3.25,,,,,,,,,,,,,,,,,,,,,,,,3.50,,,,,,,,,,,,,,,,,3.75,,,,,,,,,,,,,,,,,3.75,,,,,,,,,,,,,,,
Apocalypse Cow DIPA,3 Floyds Brewing Co.,IPA,Double IPA,Indiana,5/31/2021,May,2021,Scott T.,95,Scott T.,3.43,,,,,,,,,,,,,,,3.25,,,,,,,,,,,,,,,,,,,3.25,,,,,,,,,,,,,3.75,,,,3.50,,3.75,,,,,,,,,,,,,,,,,,,,,,,,,,,,,,,,,,,,,,,,,3.25,,,,,,,,,,,,,,,,,3.25,,,,,,,,,,,,,,,
Dragon's Milk Reserve Oatmeal Cookie Bourbon Barrel-Aged Stout,New Holland Brewing Co.,Stout,American Imperial Stout,Michigan,6/19/2024,June,2024,Sara P. ,132,Jordyn P.,3.43,,,,,,,,,,,,,,,,,,,,,,,,,,,,,,,2.75,,,3.75,,,,,,,,,,,,,,,,,,,,,,,,,,,,,,2.50,,,,,2.75,,,,,,,,,,,,,,,4.50,,,,,,,,,,,,,,,,,,,,,,,,3.75,,,4.00,,,,,,,,,,,,,,,
Doscher's French Chew Vanilla Porter,DVD Brew,Porter,American Porter,Ohio,11/26/2025,November,2025,Lee M.,149,Eric H.,3.43,,,,,,,,,,,,,,,,,,,,,,,,,,,,,,,,,,3.50,,3.00,,,,,,,,,,,4.00,,,,,,3.25,,,,,,,,,,,,,,,,,,,,,,,,4.00,,,,,,,,,,,,,,,,,,,,,,,,,,,2.75,,,,,,,3.50,,,,,,,,,,,,,,,
Smoked Porter,Alaskan Brewing Co.,Porter,Smoked Porter,Alaska,1/26/2018,January,2018,Ben W.,57,Ben W.,3.43,,,,,,,,,,,,,,,,4.00,,,,,,,,,,,,,,2.00,,,,3.50,,,,,,,,,,,,,2.25,,,,,,3.50,,,,,,,,,,,,,,,,,,,,,,,,,,,,,,3.50,,,,,,,,,,,3.25,,5.00,,,,3.50,,,,,,3.75,,,,,,,,,,,,,,,,,,,,
B.O.R.I.S. the Crusher Oatmeal Imperial Stout,Hoppin' Frog Brewery,Stout,Russian Imperial Stout,Ohio,10/11/2019,October,2019,Charlie D.,78,Charlie D.,3.43,,,,,,,,,,,,,,,,,,2.50,,,,,5.00,,,3.00,,,,4.50,,,,2.50,,,,,,,,,,,2.50,,3.25,,,,,,3.25,,,,,,,,,,,,,,,,,,,,,,,,3.25,,,,,4.50,,,,,,,,,,,,,,,,,,,,,,,,,,,,,,,,,,,,,,,,,,,,
Lyrical Poet Bourbon Barrel-Aged Stout,Sun King Brewing Co.,Stout,American Imperial Stout,Indiana,10/11/2019,October,2019,Charlie D.,78,Matt G.,3.43,,,,,,,,,,,,,,,,,,3.00,,,,,3.00,,,3.50,,,,4.50,,,,2.50,,,,,,,,,,,4.00,,2.00,,,,,,3.50,,,,,,,,,,,,,,,,,,,,,,,,4.25,,,,,4.00,,,,,,,,,,,,,,,,,,,,,,,,,,,,,,,,,,,,,,,,,,,,
Punch You In the EyePA,Fifty West Brewing Co.,IPA,Imperial IPA,Ohio,10/11/2019,October,2019,Charlie D.,78,Eric H.,3.43,,,,,,,,,,,,,,,,,,2.00,,,,,3.00,,,4.00,,,,5.00,,,,2.50,,,,,,,,,,,2.25,,4.50,,,,,,3.75,,,,,,,,,,,,,,,,,,,,,,,,2.75,,,,,4.50,,,,,,,,,,,,,,,,,,,,,,,,,,,,,,,,,,,,,,,,,,,,
Safety Falcon European Dark Lager,MadTree Brewing Co.,Lager,European Dark Lager,Ohio,9/30/2022,September,2022,Charlie D.,111,Matt T.,3.43,,,,,,,,,,,,,,,2.75,,,2.75,,,,,2.00,,,,,,,,,,,,,,,,,,,,,,,,,,,,,,3.00,,,3.25,,,,,,,,4.00,,,,,,,,,,,,,,,,,,,,5.00,,,,,,,,,,,,,,,,,,,,,,,,4.00,,,3.50,,,,,,,,,4.00,,,,,,
Hazy Hearted Hazy IPA,Bell's Brewery,IPA,New England/Hazy IPA,Michigan,5/9/2023,May,2023,Jake W.,119,Paul W.,3.43,,,,,,,,,,,,,,,3.00,,,,,,,,,,,,,,,,,,,3.00,,,,,,,,,4.00,,,,,3.00,,,,,3.25,,,,,,3.00,,,,,,,,,,,,,,,,,,,,,,,,,3.50,,,,,,,,,,3.50,4.50,,,,,,,,,,,,,3.50,,,,,,,,,,,,,,,,,,
Lime and Sea Salt Common Ale,West Side Brewing,Blonde,,Ohio,7/21/2023,July,2023,Dave E.,121,Joe J.,3.43,,,,,,,,,,,,,,,3.00,,,,,,,,,,,,,,,,,,,2.25,,,,,,,2.75,,,,,,,,,,,,3.00,,,3.25,,,,,,,,3.50,,,,,,,,,,,,,3.25,,,,,,,,,,,,,,,,,,,,,,,,,,,,,,,,,,,4.50,5.00,,,,,,,,,,,,,3.75
Xingu Black Beer,Cervejaria Sul Brasileira,Schwarzbier,,Brazil,6/24/2014,June,2014,Scott T.,14,Phil H.,3.42,,,,,,,,,,,,,,,,,,3.00,,,,,,,,,,,,3.50,,,,3.50,,,,,4.00,,,,,,,,2.50,,,,,,3.50,,,,,,,,,,2.50,3.00,4.00,,,,,,,,,,,,,,,,,,,,,,,,,,,,,,,5.00,,,,,,,,,,4.00,,,,,3.00,,,,,,,,,,,,3.00,,,
Imperial Stout,The Woodburn Brewery,Stout,American Imperial Stout,UK,12/8/2017,December,2018,Paul W.,56,Ben W.,3.42,,,,,,,,,,,,,,,,4.00,,3.00,,,,,,,,,,,,,,,,3.75,,,,3.25,,,,,,,4.75,,1.75,,,,,,2.25,,,,,,,,,,,,,,,,,,,,,,4.50,,4.50,,,,,,,,,4.00,,,,,,,,3.75,3.00,4.50,,,,3.75,,,,,,,,,,,2.75,,,,,2.00,3.75,,,,2.25,,,,,
72 Imperial Chocolate Cream Stout,Breckenridge Brewery,Stout,Cream Stout,Colorado,4/12/2019,April,2019,Andrew P.,72,Andrew P.,3.42,,,,,,,,,,4.00,,,,,,3.50,,,,,,,,,,,,,,,,,,3.25,,,,,,,,,,,,,,,,,,,3.25,,,4.00,,,,,,,,,,,,,,,,,,,4.00,,3.75,,,,,,,,,,,,,,,,,,,,,,,,,,,,,,,,,,,,,,,,,,,,,,,,2.50,2.50
Liquid Harmony Amber Lager,Third Eye Brewing Co.,Amber,,Ohio,1/28/2022,January,2022,Standard Beer,103,Jeremy S.,3.42,,,,,,,,,,,,,,,,,,,,,,,,,,,,,,,,,,3.25,,,,,,,,,,,,,,,,,,,2.75,,,,,,3.50,,,,,,,,,,,,,,,,,,,,,,,,,,,,,,,,,,,3.25,,,,,,,,,,,,,,,,,,,,,,,,,,,,,4.25,,,3.50
Dopplerbock Barrel-Aged Dopplebock,Devil Wind Brewing,Bock,Doppelbock,Ohio,4/19/2024,April,2024,Joe J.,130,Joe J.,3.42,,,,,,,,,,,,,,,3.25,,3.75,,,,,,,,,,,,,,3.00,,,3.50,,,,,,,,,,,,,,,,,,,,,,,,,,,,,,3.50,,,,,,,,,,,,,,,,,,,,,,,,,,,,,,3.50,,,,,,,,,,,,,,,,,,,,,,,,,,,,,,,,
Pay It Forward Cocoa Porter,West Sixth Brewing Co.,Porter,American Porter,Kentucky,1/29/2015,January,2015,Jake W.,21,Jake W. / Retrial,3.41,1.00,,,,,4.50,,,,,,,,,3.00,4.00,,,,,,,,,,,,,,,,,,3.50,,,,,,,,,4.25,,3.75,4.00,3.50,,,,,,4.00,,,3.75,,,2.50,,,,,,,,,,,,,,,,,,,,,,,,3.00,,,4.00,,,,,,2.25,,3.00,3.50,,,,,,,,,,,,,,,,3.75,,,,,,,,,,3.00,,,,,4.00
Regretful Tattoo 35K Stout,Against the Grain Brewery & Smokehouse,Stout,Sweet/Milk Stout,Kentucky,5/17/2019,May,2019,Jake W.,73,Jeremy S.,3.41,2.50,,,,,,,,,3.25,,,,,,,,,,,,,,,,,,,,,,,,3.50,,,,,,,,,,,,,,,,,3.50,,3.75,,,,,,4.00,,,,,,,,,,,,,,,,4.00,,4.25,,,,,,,,,,,,,,,,,3.00,2.50,3.75,,,,,,,,,,,,,,,3.75,,,,,,3.00,,,,,,,,3.00,
McPoyle Milk Stout,Mile Wide Beer Co.,Stout,Sweet/Milk Stout,Kentucky,7/5/2019,July,2019,Dave E.,75,Jeremy S.,3.41,4.50,,,,,,,,,,,,,,,3.50,,,,,,,2.50,,,,,,,,,,,3.50,,,,,,,,,4.25,,,,,,,,,,3.00,,,3.50,,,3.50,,,,,,,,,,,,,,,,,,,,,,,,,,,,,,,,,,,3.75,,,,,,,,,,,,,,,,,,,,2.25,,,,,,,,,,,,3.25
Lustro Imperial IPA,Omnipollo,IPA,Imperial IPA,Sweden,8/10/2018,August,2018,Jason M.,64,Dave E.,3.41,4.00,,,,,,,,,,,,,,,,,,,,,,,,,,,,,,,,,2.00,,,,,,,,3.75,,,,,,,,,,,4.50,,,3.00,,,4.00,,,,,,,,,,,,,,,,3.00,,,,,,,,,,,,,,,,,,,3.00,,,,,,,,,,,,,,,,,,,,,,,,,,,,,,,,
Noel Belgian Style Dark Ale,Goose Island Beer Co.,Strong,Belgian Strong,Illinois,12/7/2018,December,2019,Paul W.,68,Kevin W.,3.41,,,,,,,,,,,,,,,,4.25,,4.00,,,,,2.75,,,,,,,,,,,2.75,,,,,,5.00,,,,,3.75,,2.75,,,,,,2.75,,,4.00,,,2.75,,,,,,,,,,,,,,,,4.00,,2.25,,,,,,,,,,,,,,,,,3.75,2.75,,,,,,,,,,,,,,,,3.75,,,,,,3.25,,,,,,,,,
Bo and Luke Imperial Smoked Stout Aged In Bourbon Barrels,Against the Grain Brewery & Smokehouse,Stout,Russian Imperial Stout,Kentucky,9/26/2025,September,2025,Charlie D.,147,David A.,3.40,,,,,,,,,,,,,,,,,,,,,,,4.00,,,,,,,,,,,2.50,,3.25,,,,,,,,,,,2.50,,,,,,3.75,,,,,,3.00,,,,,3.00,,,,,,,,,,,,,,,,,,,,4.00,,,,,,,,,,3.00,,,,,4.00,,3.50,,,,,,,3.50,,,4.25,,,,,,,,,,,,,,,
Stereo Sanctity New England IPA,Nine Giant Brewing,IPA,New England/Hazy IPA,Ohio,2/28/2026,February,2026,Ryan F.,152,Jake W.,3.40,,,,,,,,,,,,,,,,3.50,,,,,,,,,,,,,3.75,,,,,1.50,,3.00,,,,,,,,,,,3.00,,,,,,3.75,,,,,,,,,,,,,,2.50,,,,,,4.25,,,,,3.75,,,,,,3.00,,,,,,,,,,,,,,,,,,,,4.25,,,,3.75,,,4.25,,,,,,,,,,,,,,,
Murphy's Imported Stout Draught Style,Murphy Brewery Ireland Ltd.,Stout,Irish Stout,Ireland,4/17/2018,April,2018,Jake W.,60,Jake W.,3.40,,,,,,,,,,,,,,,,,,,,,,,,,,,,,,,,,,4.25,,,,,,,,,,,,,,,,,,,3.75,,3.75,4.50,,,3.00,,,,,,,,,,,,,,,,,,3.00,,,,,,,,,,,,,,,,,3.25,3.50,,,,,,,,,,,,,,,,,,,,,,2.75,,,,,2.25,,,,
Beta Guppy Hazy IPA,Rhinegeist Brewing Co.,IPA,New England/Hazy IPA,Ohio,4/30/2021,April,2021,Paul W. and Jake W.,94,Ben S.,3.40,,,,,,,,,,,,,,,4.25,,,,,,,,3.25,,,,,,,,,,,,,,,,,,,,3.00,,2.75,,3.75,,,,3.50,,3.75,,,,,,,,,,,,,,,,,,,,,,,,,,,,,,,,,,,,,,,,,3.75,2.75,,,,,,,,,,,,,,,,3.25,,,,,,,,,,,,,,,
Skipping Moose Dark German Wheat Ale,MadTree Brewing Co.,Bock,Weizenbock,Ohio,7/28/2022,July,2022,Dave E.,109,Joe J.,3.40,,,,,,,,,,,,,,,,3.00,,,,,,,,,,,,,,,,,,3.50,,,,,,,,,3.25,,4.00,,2.00,,,,,,3.00,,,,,,,,,,,4.00,,,,,,,,4.50,,,,,,,,,,,,4.00,,,,,,,,,,3.75,,,,,,,,,,,,,,,,,2.25,,,,,,,,,,,,,,,3.50
Midnight to Morning Chocolate Porter,Nine Giant Brewing,Porter,American Porter,Ohio,2/25/2025,February,2025,Silverton/Pleasant Ridge,140,Erik W.,3.40,,,,,,,,,,,,,,,3.00,4.25,3.00,,,,,,,,,,,,,,,,,3.75,,2.50,,,,,,,,,,,3.00,4.75,,,,,2.50,,,,,,,,,,,,,,,,,,,,,,,,,,,,,,,4.00,,,,,,,,,,3.75,,,,,,,,,,,,,,4.00,,,,,,,,,,,,,,,,,,2.25
Jackyale Bourbon Barrel Aged Imperial Brown Ale,Against the Grain Brewery & Smokehouse,Brown,,Kentucky,9/26/2017,September,2017,Lee M.,53,Dave E.,3.39,,,,,,,,,,,,,,,,,,,,,,,,,,,,,,,,,,3.00,,,,,,,,,,,4.75,,2.00,,,,,,2.75,,,,,,,,,,,,,,,,,,,,,,,,4.25,,,,,,,,,,,,,,,,,4.00,,,,,,,,,,,,,,,,,3.00,,,,,,,,,,,,,,,
Creeper Imperial India Pale Ale,Columbus Brewing Co.,IPA,Imperial IPA,Ohio,10/16/2020,October,2020,Dave E. and Jake W.,89,Eric H.,3.39,,,,,,,,,,,,,,,3.75,,,,,,,,,,,,,,,,,,,2.50,,,,,,,,,,,,,3.75,,,,,,4.00,,,,,,,,,,,,,,,,,,,,,,3.00,,,,,,,,,,,,,,,,,,,3.50,,,,,,,,,,,,,,,,,3.25,,,,,,,,,,,,,,,
DIPA,West Side Brewing,IPA,Double IPA,Ohio,5/31/2021,May,2021,Scott T.,95,Eric H.,3.39,,,,,,,,,,,,,,,3.00,,,,,,,,,,,,,,,,,,,3.00,,,,,,,,,,,,,4.25,,,,3.00,,3.75,,,,,,,,,,,,,,,,,,,,,,,,,,,,,,,,,,,,,,,,,3.50,,,,,,,,,,,,,,,,,3.25,,,,,,,,,,,,,,,
Boffo Brown Ale,Dark Horse Brewing Co.,Brown,,Michigan,6/4/2013,June,2013,Jake W.,1,Colin J.,3.39,,,,,,,,,,,,,,,,,,4.00,,,,,,,,,,,,4.00,,,,,,,,,3.00,,,,,,,,,,,,,,2.50,,,,,,,,,,,,,,,,,,,,,,,,,,,,,,,,,,,,,,,,,,4.00,4.50,,,,,,,3.00,,,,,,,,3.00,,,,,,,,,,2.50,,,,,
Stella Artois,Anheuser-Busch,Pilsner,,Missouri,6/4/2013,June,2013,Jake W.,1,Denis M.,3.39,,,,,,,,,,,,,,,,,,2.00,,,,,,,,,,,,4.00,,,,,,,,,4.50,,,,,,,,,,,,,,2.00,,,,,,,,,,,,,,,,,,,,,,,,,,,,,,,,,,,,,,,,,,3.50,4.50,,,,,,,2.50,,,,,,,,3.00,,,,,,,,,,4.50,,,,,
Collaboration Not Litigation Ale,Avery Brewing Co.,Strong,Belgian Strong,Colorado,4/17/2015,April,2015,Phil H.,24,Eric H.,3.39,,,,,,,,,,,,,,,,,,4.00,,,,,,,,,,,,,,,,2.00,,,,,2.50,,,,,,,,3.50,,,,,,3.00,,,,,,,,,,,,,,,,,,,,,,,,,,,,,,,3.50,,,,,,,,,,,3.50,5.00,,,,,,,,,,,,,,,3.50,,,,,,,,,,,,,,,
Kalamazoo Stout,Bell's Brewery,Stout,American Stout,Michigan,12/8/2017,December,2018,Paul W.,56,Paul W.,3.39,,,,,,,,,,,,,,,,3.50,,3.50,,,,,,,,,,,,,,,,3.50,,,,3.00,,,,,,,4.00,,2.25,,,,,,3.75,,,,,,,,,,,,,,,,,,,,,,3.50,,4.00,,,,,,,,,3.75,,,,,,,,2.25,3.50,5.00,,,,3.00,,,,,,,,,,,3.50,,,,,2.25,3.75,,,,3.00,,,,,
Larry's Latest Juicy IPA,Bell's Brewery,IPA,New England/Hazy IPA,Michigan,9/25/2020,September,2020,Paul K. and Chalie D.,88,Eric H.,3.39,,,,,,,,,,,,,,,4.00,3.50,,,,,,,3.75,,,,,,,,,,,2.50,,,,,,,,,,,,,3.50,,,,,,,,,3.00,,,,3.25,,,,,,,,,,,,,,,,,,,,,,,,,,,,,,,,3.25,,3.75,,,,,,,,,,,,,,,,,,,,,,,,,,,,,,,,
Indian Brown Dark IPA,Dogfish Head Craft Brewery,IPA,Brown IPA,Delaware,10/18/2018,October,2018,Phil H.,66,Jake W.,3.39,,,,,,,,,,,,,,,,2.50,,3.50,,,,,4.00,,,,,,,,,,,2.75,,,,,,,,,,,,,,,,,,,3.50,,,,,,,,,,,,,,4.00,,,,,,,,,,3.25,,,,,,,,,,,,,,,,,3.00,2.75,5.00,,,,,,,,,,,,,,,,,,,,,3.00,,,,,,,,,
Coffee Stout Obsession,Connecticut Valley Brewing Co.,Stout,Coffee Stout,Connecticut,2/15/2019,February,2019,Jeremy S.,70,Dave E.,3.39,,,,,,,,,,,,,,,,4.50,,,,,,,,,,,,,,,,,,3.50,,,,,,,,,,,,,,,,,2.75,,3.50,,,3.25,,,3.00,,,,,,,,,,,,,,,,4.00,,,,,,,,,,,,,,,,,3.50,,3.50,,,,,,,,,,,,,,,,,3.00,,,,,,,,,,,,,,,2.75
Kilt Lifter Scottish Ale,Humble Monk Brewing Co.,Scottish,,Ohio,7/5/2019,July,2019,Dave E.,75,Ben W.,3.39,3.00,,,,,,,,,,,,,,,4.00,,,,,,,3.00,,,,,,,,,,,4.00,,,,,,,,,3.00,,,,,,,,,,4.00,,,4.00,,,3.25,,,,,,,,,,,,,,,,,,,,,,,,,,,,,,,,,,,2.75,,,,,,,,,,,,,,,,,,,,2.25,,,,,,,,,,,,4.00
Isar Nacht Dunkelweiss,HighGrain Brewing Co.,Wheat,Dunkelweizen,Ohio,2/28/2026,February,2026,Ryan F.,152,Matt T.,3.39,,,,,,,,,,,,,,,,4.00,,,,,,,,,,,,,4.00,,,,,2.75,,3.25,,,,,,,,,,,2.00,,,,,,2.75,,,,,,,,,,,,,,,,,,,,,,,,,3.75,,,,,,5.00,,,,,,,,,,,,,,,,,,,,2.00,,,,4.00,,,3.75,,,,,,,,,,,,,,,
Winter White Ale,Bell's Brewery,Winter,,Michigan,1/29/2015,January,2015,Jake W.,21,Eric B.,3.38,,,,,,,,,,,,,,,,,,,,,,,,,,,,,,,,,,,,,,,,,,,,,,4.50,3.00,,,,,,3.00,,,,,,,,,,,,,,,,,,,,,,,,,,,,,,,,,,,,,,,,,,3.00,,,,,,,,,,,,,,,,,,,,,,,,,,,,,,,
Best Brown Ale,Bell's Brewery,Brown,,Michigan,10/26/2015,October,2015,Scott T.,30,Paul W.,3.38,,,,,,,,,,,,,,,,,,3.00,,,,,,,,,,,,4.00,,,,2.50,,,,,,,,,,,,,3.00,,,,,,3.50,,,,,,,,,3.50,,,,,,,,,,,,,3.50,,,,2.50,,,,,5.00,,,,,,,,,,,3.50,,,,,,,,,,,,,,,,3.50,,,3.00,,,,,,,,,,,,
Young's Double Chocolate Stout,Wells & Young's Brewing Co.,Stout,Sweet/Milk Stout,UK,1/14/2016,January,2016,Trent D.,33,Eric A.,3.38,,,,,,,,,,,,,,,,,,,,,,,,,,,,,,,,,,3.50,,,,,,,,,,,4.50,,3.00,,,,,,3.50,,,,,,,,,,,,,,,,,,,,,,3.50,,,,,,,,2.00,,,,,,,,,,,,,,,,,,,,,,,,,,,,3.50,,,,,,,,,,,,3.50,,,
562 Lateral Oatmeal Sweet Stout,Listermann Brewing Co.,Stout,Oatmeal Stout,Ohio,9/21/2016,September,2016,Matt S.,41,Lee M.,3.38,,,,,,,,,,,,,,,,,,,,,,,,,,,,,,,,,,3.50,,,,,,,,,,,4.00,,3.00,,,,,,4.00,,,,,,,,,,,,,,,,,,,,,3.00,,,4.00,,,,,,2.50,,,,,,,,,,,,,,,,,,,,,,,3.00,,,,,,,,,,,,,,,,,,,,
Fountain & Fairfax Milk Stout,Nine Giant Brewing,Stout,Sweet/Milk Stout,Ohio,10/12/2017,October,2017,Matt S.,54,Eric A.,3.38,,,,,,,,,,,,,,,,,,,,,,,,,,,,,,,,,,3.75,,,,,,,,3.25,,,4.00,,,,,,,,3.75,,,,,,2.50,,,,,,,,,,,,,,,,3.00,,,,,,,,2.50,,,,,,,,,,,4.25,,,,,,,,,,,,,,,,,,,,,,,,,,,,,,,,
LazerSnake IPA,3 Floyds Brewing Co.,IPA,American IPA,Indiana,3/23/2018,March,2018,Kevin W. and Dave E.,59,Matt S. / Aaron T.,3.38,4.00,,,,,,,,,,3.00,,,,,4.00,,2.50,,,,,3.00,,,,,,,,,,,3.00,,,,,,,,,,,,,2.75,,,,,,4.00,,2.50,4.00,,,3.00,,,,,,,,,,,,,,,,4.00,,,,,,,,3.50,,,,,,,,,,,3.25,,4.00,,,,,,,,,,3.50,,,,,,,,,,,,,,,,,,,,
All the Boys Milkshake IPA,Bhramari Brewing,IPA,Milkshake IPA,North Carolina,4/17/2018,April,2018,Jake W.,60,Jeremy S.,3.38,,,,,,,,,,,,,,,,,,,,,,,,,,,,,,,,,,3.00,,,,,,,,,,,,,,,,,,,4.25,,4.00,3.00,,,4.00,,,,,,,,,,,,,,,,,,3.00,,,,,,,,,,,,,,,,,3.75,2.75,,,,,,,,,,,,,,,,,,,,,,3.00,,,,,3.00,,,,
Skull Splitter,Orkney Brewery,Scotch,,UK,4/17/2018,April,2018,Jake W.,60,Paul W.,3.38,,,,,,,,,,,,,,,,,,,,,,,,,,,,,,,,,,4.25,,,,,,,,,,,,,,,,,,,3.50,,3.75,3.00,,,4.00,,,,,,,,,,,,,,,,,,3.50,,,,,,,,,,,,,,,,,3.00,3.50,,,,,,,,,,,,,,,,,,,,,,3.25,,,,,2.00,,,,
Incessant Double New England IPA,Bell's Brewery,IPA,New England/Hazy IPA,Michigan,5/29/2020,May,2020,Wes B.,83,Eric H.,3.38,,,,,,,,,,,,,,,,,,,,,,,4.00,,,,,,,,,,,2.75,,,,,,,,,,,,,3.75,,,,,,4.00,,,2.75,,,2.75,,,,,,,,,,,,,,,,2.50,,,,,,,,,,,,,,,,,,,,,,,,,,,,,,,,,,,,,,,,,,,,,,,,,,4.50,
Moozie Milk Stout,Brink Brewing Co.,Stout,Sweet/Milk Stout,Ohio,6/17/2021,June,2021,Jason M.,96,Jake W.,3.38,,,,,,,,,,,,,,,3.50,,,,,,,,3.00,,,,,,,,,,,3.50,,,,,,,,,,,,,,,,,3.25,,3.50,,,3.25,,,,,,,,,,,,,,,,,,,,,,,,,,,,,,,,,,,,,,3.75,,,,,,,,,,,,,,,,,,,,,,,,,,,,,,,,3.25
Another One India Pale Ale,Maine Beer Co.,IPA,American IPA,Maine,1/28/2022,January,2022,Standard Beer,103,Paul K.,3.38,,,,,,,,,,,,,,,,,,,,,,,,,,,,,,,,,,3.00,,,,,,,,,,,,,,,,,,,3.50,,,,,,3.00,,,,,,,,,,,,,,,,,,,,,,,,,,,,,,,,,,,4.00,,,,,,,,,,,,,,,,,,,,,,,,,,,,,3.25,,,3.50
Porter ,Green Man Brewery,Porter,English Porter,North Carolina,4/29/2023,April,2023,Ben W.,118,Drew B.,3.38,,,,,,,,4.25,,,,,,,,3.00,,,,,,,,,,,,,,,,,,4.00,,,,,,,,,3.50,,,,,,,,,,3.00,,,,,,,,,,,,,,,,,,,,,,,,,,,,,,,,,3.50,,,,,,,2.75,,,,,,,,,,,,,,,,,,,,,,,,,,,,3.00,,,,,
Première,Chimay Brewery,Dubbel,Belgian Dubbel,Belgium,4/19/2024,April,2024,Joe J.,130,Bill K.,3.38,,,,,,,,,,,,,,,3.50,,4.00,,,,,,,,,,,,,,2.75,,,3.50,,,,,,,,,,,,,,,,,,,,,,,,,,,,,,3.25,,,,,,,,,,,,,,,,,,,,,,,,,,,,,,3.25,,,,,,,,,,,,,,,,,,,,,,,,,,,,,,,,
Bitrate Fluctuation Double India Pale Ale,Equilibrium Brewery / WeldWerks Brewing Co.,IPA,Double IPA,New York,3/27/2026,March,2026,Zach M.,153,Ben S.,3.38,,,,,,,3.25,,,,,,,,3.75,,,,,,,,,,,,,,,,,,,,,,,,,,,,,,,,3.50,,,,,,3.25,,,,,,,,,,,,,,,,,,,,,,,,,,,,,,,2.50,,,4.75,,,,,,,3.00,,,,,,,3.75,,,3.50,,,,,,,,,,,,,,,,,,,,,,2.50
Eliot Ness Amber Lager,Great Lakes Brewing Co.,Amber,,Ohio,2/15/2019,February,2019,Jeremy S.,70,Jeremy S.,3.36,,,,,,,,,,,,,,,,3.50,,,,,,,,,,,,,,,,,,3.50,,,,,,,,,,,,,,,,,2.75,,3.00,,,4.00,,,3.50,,,,,,,,,,,,,,,,4.00,,,,,,,,,,,,,,,,,3.25,,3.00,,,,,,,,,,,,,,,,,2.75,,,,,,,,,,,,,,,3.75
Official Hazy IPA,Bell's Brewery,IPA,New England/Hazy IPA,Michigan,3/22/2019,March,2019,Jason M.,71,Kevin W.,3.36,3.00,,,,,,,,,3.00,,,,,,,,,,,,,,,,,,,,,,,,,,,,,,,,,,,3.25,,,,,,,,3.00,,,3.50,,,3.00,,,,,,,,,,,,3.25,,,,4.00,,3.00,,,,,,,,,,,,,,,,,3.25,,,,,,,,,,,,,,,,,,,,,,,,,,,,,,,,4.75
Coffee Table Blonde Ale,MadTree Brewing Co.,Blonde,Coffee Blonde,Ohio,9/27/2019,September,2019,Kevin W.,77,Jake W.,3.36,,,,,,,,,,,,,,,3.50,,,,,,,,,,,,,,,,,,,3.25,,,,,,,,,3.75,,,,2.25,,,,3.75,,3.50,,,,,,3.00,,,,,,,,,,,,3.75,,,,3.50,,,,,,,,,,,,,,,,,,,4.00,,,,,,,,,,,,,,,,,,,,,,,,,,,,,,,,2.75
Curmudgeon Old Ale,Founders Brewing Co.,Old,,Michigan,5/3/2017,April,2017,Jake W.,48,Eric A.,3.36,,,,,,,,,,,,,,,,,,,,,,,,,,,,,,,,,,3.50,,,,,,,,4.00,,,4.00,,2.50,,,,,,2.75,,,,,,,,,,,,,,,,,,,,,,,,2.75,,,,,,,,,,,,,,,,,,2.75,4.50,,,,,,,,,,,,,,,,,,,,,3.50,,,,,,,,,
Four Giant Double IPA,Founders Brewing Co.,IPA,Double IPA,Michigan,6/16/2017,June,2017,Denis M.,50,Eric H.,3.36,,,3.25,,,,,,,,,,,,,,,2.75,,,,,,,,,,,,,,,,,,,,,3.75,,,,,,,,4.50,,,,,,3.75,,,,,,,,,,,,,,2.75,,,,,,,,,,,,,,,,,,,,,,,,,,,,,4.25,,,,,,,,,,,,,,,,,,,,2.25,,3.00,,,,,,,,
Intergalactic IPA,Listermann Brewing Co.,IPA,American IPA,Ohio,3/26/2015,March,2015,Joel B.,23,Jake W.,3.36,,,,,,,,,,,,,,,,,,,,,4.00,,,,,,,,,,,,,3.00,,,,,,,,,,,,,4.00,,,,,,4.00,,,,,,,,,,,,,3.50,,,,,,,,,,,,,,,,,,,,,,,,,,,,,2.00,,,,,,,,,,,,,,,,,,,,,,3.00,,,,,,,,,
Ocular Pat-Down Vanilla Coffee Porter,Odd Side Ales,Porter,Coffee Porter,Michigan,8/10/2018,August,2018,Jason M.,64,Jeremy S.,3.36,3.00,,,,,,,,,,,,,,,,,,,,,,,,,,,,,,,,,3.75,,,,,,,,,,,,,,,,,,,3.50,,,3.50,,,3.75,,,,,,,,,,,,,,,,2.50,,,,,,,,,,,,,,,,,,,3.50,,,,,,,,,,,,,,,,,,,,,,,,,,,,,,,,
Hairpin Turns Bock,Nine Giant Brewing,Bock,Maibock,Ohio,2/24/2023,February,2023,Silverton/Pleasant Ridge,116,Jeremy S.,3.36,,,,,,,,,,,,,,,,4.00,,,,,,,,,,,,,,,,,,3.25,,,,,,,,,,,,,,,,,,,2.75,,,,,,3.75,,,,,3.00,,,,,,,,,,,,,,,,,,,,3.50,,,,,,,,,,,,,,,,,,,,,,,,3.25,,,,,,,,,,,,,,,,,,
My Friends Over You New England IPA,Streetside Brewery / Nine Giant Brewing,IPA,New England/Hazy IPA,Ohio,3/23/2023,March,2023,Zach M.,117,Matt T.,3.36,,,,,,,,,,,,,,,,,,,,,,,,,,,,,,,,,,3.00,,,,,,,,,3.00,,,,,,,,,,4.00,,,,,,,,,,,,,,,,,,,3.50,,,,,,,,,,,,4.00,,,,,,,,,,2.75,,,,,,,,,,,,,,,,,,,,,,,,,,,,,,,,3.25
Endless Echoes Hazy India Pale Ale,Jackie O's Brewery,IPA,New England/Hazy IPA,Ohio,9/26/2023,September,2023,Charlie D.,123,Jake W.,3.36,,,,,,,,,,,,,,,,,,,,,,,3.75,,,,,,,,,,,2.75,,,,,,,,,3.50,,,,,,,,,,3.75,,,,,,,,,,,,,,,,,,,,,,,,,,,,,,,,,,,,,,,,,,,,,,,,,,,,,,,2.75,,,3.75,,,,,,,,,3.25,,,,,,
Freak of Nature Double IPA,Wicked Weed Brewing,IPA,Double IPA,North Carolina,12/6/2019,December,2020,Paul W.,80,Jake W.,3.36,4.50,,,,,,,,,,,,,,,3.75,,2.50,,,,,3.25,,,3.75,,,,,,,,3.00,,,,,,,,,,,2.00,,4.25,,,,3.75,,3.75,,,3.50,,,2.50,,,,,,,,,,,,3.00,,,,,,2.50,,,,,,,,,,,,,,,,,3.25,3.50,,,,,,,,,,,,,,,,3.75,,,,,,3.50,,,,,,,,3.75,
Cloud Harvest 02 Unfiltered Juicy IPA,Rhinegeist Brewing Co.,IPA,New England/Hazy IPA,Ohio,7/3/2020,July,2020,Dave E.,85,Jake W.,3.35,,,4.00,,,,,,,,,,,,,,,,,,,,3.50,,,,,,,,,,,3.25,,,,,,,3.25,,,,3.00,,3.25,,,,,,4.00,,,3.25,,,3.50,,,,,,,,,,,,,,,,3.00,,,,,,,,,,,,,,,,,,,3.25,,,,,,,,,,,,,,,,,,,,,,,,,,,,,,,3.00,
Dunkel,Eurisko Beer Co.,Dunkel,,Germany,4/30/2021,April,2021,Paul W. and Jake W.,94,Jake W.,3.35,,,,,,,,,,,,,,,3.50,,,,,,,,3.25,,,,,,,,,,,,,,,,,,,,3.50,,3.50,,3.50,,,,3.50,,3.00,,,,,,,,,,,,,,,,,,,,,,,,,,,,,,,,,,,,,,,,,3.75,3.00,,,,,,,,,,,,,,,,3.00,,,,,,,,,,,,,,,
Odyssey New England India Pale Ale,Esoteric Brewing Co.,IPA,New England/Hazy IPA,Ohio,5/9/2023,May,2023,Jake W.,119,Jake W.,3.35,,,,,,,,,,,,,,,3.25,,,,,,,,,,,,,,,,,,,2.00,,,,,,,,,3.50,,,,,4.00,,,,,3.50,,,,,,3.50,,,,,,,,,,,,,,,,,,,,,,,,,3.25,,,,,,,,,,3.25,3.25,,,,,,,,,,,,,4.00,,,,,,,,,,,,,,,,,,
Hefeweissbier Dunkel,Weihenstephaner,Wheat,Dunkelweizen,Germany,3/27/2026,March,2026,Zach M.,153,Paul K.,3.35,,,,,,,4.00,,,,,,,,4.25,,,,,,,,,,,,,,,,,,,,,,,,,,,,,,,,2.50,,,,,,2.50,,,,,,,,,,,,,,,,,,,,,,,,,,,,,,,5.00,,,4.50,,,,,,,4.00,,,,,,,3.00,,,1.25,,,,,,,,,,,,,,,,,,,,,,2.50
Gose,Hi-Wire Brewing,Sour,Gose,North Carolina,8/28/2017,August,2017,Bobby T.,52,Jason F.,3.34,,,,,,,,,,,,,,3.75,,,,3.50,,,,,4.00,,,,,,,,,,,2.75,,,,,,,,,,,,,1.75,,,,,,3.25,,4.25,,,,,,,,,,,,,,,,,,,,,,,,,,,,,,,,,,,,,,,,,,,,,,,,,,,,,,,,3.50,,,,,,,,,,,,,,,
Hannah Bavarian-Style Wheat Ale,Exile Brewing Co.,Wheat,Hefeweizen,Iowa,10/12/2017,October,2017,Matt S.,54,Kevin W.,3.34,,,,,,,,,,,,,,,,,,,,,,,,,,,,,,,,,,2.50,,,,,,,,2.50,,,3.25,,,,,,,,3.25,,,,,,3.25,,,,,,,,,,,,,,,,3.50,,,,,,,,4.50,,,,,,,,,,,4.00,,,,,,,,,,,,,,,,,,,,,,,,,,,,,,,,
75 Minute IPA,Dogfish Head Craft Brewery,IPA,American IPA,Delaware,12/7/2018,December,2019,Paul W.,68,Eric H.,3.34,,,,,,,,,,,,,,,,4.00,,3.00,,,,,2.75,,,,,,,,,,,3.00,,,,,,4.00,,,,,2.75,,4.25,,,,,,4.00,,,3.50,,,3.00,,,,,,,,,,,,,,,,4.00,,2.50,,,,,,,,,,,,,,,,,3.00,2.75,,,,,,,,,,,,,,,,3.75,,,,,,3.25,,,,,,,,,
Montucky Cold Snack Lager,Montucky Cold Snacks,Lager,American Lager,Montana,8/26/2022,August,2022,Jeremy S.,110,Jason M.,3.34,,,,,,,,,,,,,,,3.50,,,,,,,,,,,,,,,,,,,2.75,,,,,,,,,,,,,,,,,,,,,,4.25,,,3.00,,,,,,,,,,,,3.00,3.00,,,4.00,,,,,,,,,,,,,,,,,,,,,,,,,,,,,,,,,,,,,,,,,,,,,,,,,,,3.25
Vienna Lager,Devils Backbone Brewing Co.,Lager,Vienna Lager,Austria,8/26/2022,August,2022,Jeremy S.,110,Jeremy S.,3.34,,,,,,,,,,,,,,,3.00,,,,,,,,,,,,,,,,,,,2.25,,,,,,,,,,,,,,,,,,,,,,3.75,,,4.00,,,,,,,,,,,,3.50,3.50,,,3.00,,,,,,,,,,,,,,,,,,,,,,,,,,,,,,,,,,,,,,,,,,,,,,,,,,,3.75
10W-40 Churro Imperial Stout,Hi-Wire Brewing,Stout,American Imperial Stout,North Carolina,5/16/2025,May,2025,Jake W.,143,Eric H.,3.34,,,,,,,,,,,,,,,,,,4.00,,,,,,,,,,,,,,,,,,2.50,,,,,,,,,,,4.00,,,,,,3.00,,,,,,,,,,,,,,,,,,,,,,,,,,,,,,,4.00,,,,,,,,,,,2.50,,,,,,,,,,,,,3.25,,,3.50,,,,,,,,,,,,,,,
Iron Maiden Hellcat India Pale Lager,BrewDog,Lager,India Pale Lager,UK,6/22/2022,June,2022,Jake W.,108,Brian La.,3.34,,,,,,,,,,,,,,,3.50,,,,,4.00,,,,,,,,,,,,,,3.00,,,,,,,,,3.50,,,,2.75,3.50,3.50,,,,3.50,,,,,,3.00,,,,,,,,,,,,,,,,,,,,,,,,,,,,,,,,,,,2.75,,,,,,,,,,,,,,,,,,,,,,,,,,,,,,,,3.75
Hershey's Chocolate Porter ,D. G. Yuengling & Son,Porter,American Porter,Pennsylvania,11/23/2022,November,2022,Matt T.,113,Sara P.,3.34,,,,,,,,,,,,,,,,3.00,,3.75,,,,,,,,,,,,,,,,2.50,,,,,,,,,2.75,,,,,,,,,,2.00,,,,,,,,,,,3.75,,,,,,,,,,,,,,,,,,,,4.25,,,,,,,,,,,,,3.50,,,,,,,,,,,4.25,,,3.50,,,,,,,,,,,,,,,3.50
Third Eye Brewing Higher Consciousness Scotch Ale,Third Eye Brewing Co.,Scotch,,Ohio,10/24/2023,October,2023,Higher Gravity,124,Dave E.,3.34,,,,,,,,,,,,,,,2.75,,3.00,,,,,,,,,,,,,,,,,4.25,,,,,,,,,3.00,,,,,,,,,,3.25,,,,,,3.00,,,,,,,,,,,,,,,,,,,,,,,,,3.25,,,,,,,,,,3.25,,,,,,,,,,,,,,4.25,4.00,,,,,,,2.75,,,,,,,,,,
The Substance Ale IPA,Bissell Brothers,IPA,New England/Hazy IPA,Maine,6/13/2023,June,2023,Sara P.,120,Phil H.,3.34,,,,,,,,,4.25,,,,4.00,,3.50,,,,,,,,,,2.00,,,,,,,,,2.50,,,,,,,,,,,,,,,,,,,3.25,,,,,,,,,,,2.25,,,,,,,,,,,,,,,,,,,,4.00,,,,,,,,,,2.50,,4.50,,,,,,,,,,,,4.00,,,3.00,,,,,3.25,,,,,,,,,,3.75
Pegleg Imperial Stout,Heavy Seas Beer,Stout,Russian Imperial Stout,Maryland,2/20/2014,February,2014,Dave E.,10,Sam E.,3.33,,,,,,,,,,,,,,,,,,3.50,,,,,,,,,,,,,,,,3.00,,,,,,,,3.00,,,3.50,,3.00,,,,,4.00,3.00,,,,,,,,,,,,,,,,,,,,,,,,,,,,3.00,,3.50,,,,,,,,,,,,,,,,,,,,,,,3.50,,,,,3.50,,,,,,,,,,,,3.50,,,
10 Ton Oatmeal Stout,Warped Wing Brewing Co.,Stout,Oatmeal Stout,Ohio,1/14/2016,January,2016,Trent D.,33,Matt T.,3.33,,,,,,,,,,,,,,,,,,,,,,,,,,,,,,,,,,3.50,,,,,,,,,,,4.00,,3.00,,,,,,4.00,,,,,,,,,,,,,,,,,,,,,,2.50,,,,,,,,2.00,4.00,,,,,,,,,,,,,,,,,,,,,,,,,,,3.50,,,,,,,,,,,,3.50,,,
Quinannan Falls Special Lager Beer,Bell's Brewery,Lager,India Pale Lager,Michigan,7/3/2017,July,2017,Dave E.,51,Trent D.,3.33,3.00,,,,,,,,,,,,,,,3.00,,,,,,,,,,,,,,,,,,2.25,,,,,,,,,,,,,3.25,,,,,,3.25,,,,,,3.25,,,,,,,,,,,,,,,,3.50,,,,,,,,3.50,,,3.50,,,,,,,,3.00,,4.75,,,,,,,,,,,,,,,,,,,,,,,,,,,3.75,,,
70K Bourbon Barrel Aged Imperial Stout,Against the Grain Brewery & Smokehouse,Stout,Sweet/Milk Stout,Kentucky,11/21/2018,November,2018,Lee M.,67,Dave E.,3.33,,,,,,,,,,,,,,,,4.00,,,,,,,,,,,,,,,,,,2.75,,,,,,,,,,,3.00,,2.00,,,,,,2.75,,4.50,2.00,,,4.00,,,,,,,,,,,,,,,,4.00,,4.00,,,,,3.75,,,,,,,,,,,,3.25,,,,,,,,,,,,,,,,,,,,,,,,,,,,,,,,
To Dream NE-Style Hazy IPA,Revision Brewing Co.,IPA,New England/Hazy IPA,Nevada,2/29/2020,February,2020,Tony H.,82,Ben S.,3.33,,,2.75,,,,,,,,,,,,3.25,3.00,,,,,,4.25,,,,,,,,,,,,,,,,,,,,,,,,,3.50,,,,3.75,,3.75,,,3.50,,,3.25,,,,,,,,,,,,,,,,,,,,,,,,,,,,,,,,,,,3.00,,,,,,,,,,,,,,,,,,,,,,,,,,,2.00,,,,4.00,
King Sue Double India Pale Ale,Toppling Goliath Brewing Co.,IPA,Double IPA,Iowa,7/3/2020,July,2020,Dave E.,85,Wes B.,3.33,,,4.00,,,,,,,,,,,,,,,,,,,,3.50,,,,,,,,,,,2.00,,,,,,,3.00,,,,3.25,,3.25,,,,,,4.00,,,3.50,,,3.50,,,,,,,,,,,,,,,,3.50,,,,,,,,,,,,,,,,,,,3.00,,,,,,,,,,,,,,,,,,,,,,,,,,,,,,,3.50,
Vlad Imperial Stout,Royal Docks Brewing Co.,Stout,Russian Imperial Stout,Ohio,8/27/2021,August,2021,Jeremy S.,98,Jake W.,3.33,,,,,,,,,,,,,,,3.00,,,,,,,,2.75,,,,,,,,,,,,,,,,,,,,,,,,,,,,3.00,,3.50,,,3.50,,,3.25,,,,,,,,,,,,4.50,,,,,,,,,,,,,,,,,,,,,,,3.50,,,,,,,,,,,,,,,,,,,,,,,,,,,,,,,,3.00
Quantum Drops Double India Pale Ale,Equilibrium Brewery,IPA,Double IPA,New York,3/28/2024,March,2024,Zach M.,129,Ben S.,3.33,,,,,,,,,,,,,,,3.50,,3.00,,,,,,,,,,,,,,,,,3.50,,,,,,,,,,,,,,,,,,,3.50,,,,,,,,,,,,,,,,,,,,,,,,,,,,,,,,,,,,,,,,,3.25,,,,,,,,,,,,,,,,,,,,,,,,,,,,,,,,3.25
Star Light Double India Pale Ale,Equilibrium Brewery,IPA,Double IPA,New York,4/19/2024,April,2024,Joe J.,130,Ben S.,3.33,,,,,,,,,,,,,,,3.50,,4.25,,,,,,,,,,,,,,3.75,,,2.50,,,,,,,,,,,,,,,,,,,,,,,,,,,,,,2.75,,,,,,,,,,,,,,,,,,,,,,,,,,,,,,3.25,,,,,,,,,,,,,,,,,,,,,,,,,,,,,,,,
Good Vibes West Coast Style India Pale Ale,Voodoo Brewery,IPA,American IPA,Pennsylvania,8/29/2024,August,2024,Jeremy S.,134,Zach M.,3.33,,,,,,,,,,,,,,,,,,,,,,,,,,,,,,,,,,,,,,,,,,,,,,,,,,,,,3.25,,,,,,3.50,,,,,,,,,,,,,,,,,,,,,,,,,,,,,,,,,,,,,,,,,,,,,,,,,,,,,,,,,,,,,,,,,,,3.25
Eye Wide Open Coffee & Vanilla Milk Stout,Third Eye Brewing Co.,Stout,Sweet/Milk Stout,Ohio,10/30/2024,October,2024,Ben S.,136,Ben S.,3.33,,,,,,,,,,,,,,,3.50,,2.75,,,,,,,,,,,,,,,,,,,,,,,,,,,,,,3.25,,,,,,3.00,,,,,,,,,,,,,,,,,,,,,,,,,,,,,,,,,,,,,,,,,4.00,,,,,,,,,,,,,,,,,,,,,,,,,,,,,,,,3.50
Swiss Chocolate Stout,March First Brewing,Stout,Sweet/Milk Stout,Ohio,12/7/2018,December,2019,Paul W.,68,Steve S.,3.33,,,,,,,,,,,,,,,,4.50,,2.50,,,,,3.50,,,,,,,,,,,3.25,,,,,,5.00,,,,,3.00,,2.25,,,,,,3.50,,,3.00,,,3.00,,,,,,,,,,,,,,,,4.00,,3.50,,,,,,,,,,,,,,,,,3.00,3.00,,,,,,,,,,,,,,,,3.25,,,,,,3.00,,,,,,,,,
Smile More India Pale Ale,Anchorage Brewing Co.,IPA,New England/Hazy IPA,Alaska,6/13/2023,June,2023,Sara P.,120,Andrew F.,3.33,,,,,,,,,4.75,,,,,,4.25,,,,,,,,,,1.25,,,,,,,,,2.75,,,,,,,,,,,,,,,,,,,3.75,,,,,,,,,,,2.50,,,,,,,,,,,,,,,,,,,,3.75,,,,,,,,,,3.75,,5.00,,,,,,,,,,,,3.50,,,2.50,,,,,2.75,,,,,,,,,,2.75
Brewtus Coffee Porter,ELK Brewing,Porter,Coffee Porter,Michigan,6/16/2017,June,2017,Denis M.,50,John S.,3.33,,,3.50,,,,,,,,,,,,,,,3.75,,,,,,,,,,,,,,,,,,,,,1.50,,,,,,,,3.50,,,,,,3.50,,,,,,,,,,,,,,5.00,3.25,,,,,,,,,,,,,,,,,,,,,,,,,,,,4.00,,,,,,,,,,,,,,,,,,,,1.75,,3.50,,,,,,,,
Downtown Nut Brown Ale,R. Shea Brewing,Brown,,Ohio,8/31/2020,August,2020,Jeremy S.,86,Dave E.,3.33,3.50,,,,,,,,,,,,,,3.25,,,,,,,,3.75,,,,,,,,,,,3.00,,,,,,,,,,,3.25,,,,,,3.50,,3.25,,,3.50,,,3.00,,,,,,,,,,,,,,,,,,,,,,,,,,,,,,,,,,,3.25,,,,,,,,,,,,,,,,,,,,,,,,,,,,,,,,
Icelandic Wee Heavy Scotch Ale,Einstök Ölgerð,Scotch,,Iceland,12/11/2020,December,2021,Paul W.,90,Jason M. / OJ W. / Paul W. / Scott T.,3.33,1.50,,,,,,,,,,,,,,4.50,5.00,,1.75,,,,,2.50,,,,,,,,,,,3.25,,,,,,,,,3.00,,4.00,,3.25,,,,4.50,,3.75,,,3.50,,,3.50,,,,,,,,,,,,,,,,3.50,,2.50,,,,,,,,,,,,,,,3.50,,4.00,3.50,,,,,,,,,,,,,,,,3.50,,,,,2.00,,,,,,,,,,
Pale Ale,Sierra Nevada Brewing Co.,Pale Ale,American Pale Ale,California,12/10/2021,December,2022,Paul W.,102,Paul W.,3.33,,,,,,,,,,,,,,,2.75,,,3.50,,,,,3.00,,,,,,,,,,,,,,,,,,,,3.25,,,,,,,,,,3.00,,,,,,3.25,,,,,,,,,,,,,,,,,,,,,,,,,,,,,,,,,,,3.00,5.00,,,,,,,,,,,,,,,,3.50,,,,,,3.00,,,,,,,,,
Captain Stardust Saison,Yellow Springs Brewery,Saison,,Ohio,2/24/2017,February,2017,Ben W.,46,Merritt W.,3.32,,,,,,,,,,,,,,,,4.00,,,,,,,,,,,,,,,,,,2.50,,,,,,,,,,,,,,,,,,,3.00,,,,,,,,,,,,,,,,,,,,,,3.50,,,,,,,,,,,3.00,,,,,,,,,,,,,,4.25,,,,,,,,,,,,,,,,,,,,,3.00,,,,,
Above the Clouds With Trve Festbier,Bhramari Brewing,Oktoberfest,Festbier,North Carolina,10/1/2021,October,2021,Jim B.,100,Jeremy S.,3.32,,,,,,,,,,,,,,,,,,,,,,,3.50,,,,,,,,,,,2.75,,,,,,,,,,,,,,,,,3.25,,3.00,,,,,,3.50,,3.50,,,,,,,,,,,,,,,,,,,,,,,,,,,,,,,,,3.75,,,,,,,,,,,,,,,,,,,,,,,,,,,,,,,,
Ibex Weizen Bock ,HighGrain Brewing Co.,Bock,Weizenbock,Ohio,2/24/2023,February,2023,Silverton/Pleasant Ridge,116,Sara P.,3.32,,,,,,,,,,,,,,,,4.00,,,,,,,,,,,,,,,,,,3.25,,,,,,,,,,,,,,,,,,,2.75,,,,,,2.50,,,,,3.75,,,,,,,,,,,,,,,,,,,,3.50,,,,,,,,,,,,,,,,,,,,,,,,3.50,,,,,,,,,,,,,,,,,,
Attention Please! Double IPA,Bearded Iris Brewing,IPA,Double IPA,Tennessee,7/28/2022,July,2022,Dave E.,109,Drew B. / Sarah G.,3.32,,,,,,,,,,,,,,,4.00,2.50,,4.25,,,,,3.50,,,,,,,,,,,2.75,,,,,,,,,3.25,,1.50,,4.00,,,,,,4.00,,,,,,,,,,,1.75,,,,,,,,3.00,,,,4.75,,,,,,,,3.50,,,,,,,,,,3.25,,,,,,,3.25,,,,,,,4.00,,,3.50,,,,,,,,,,,,,,,3.00
Like Clockwork Dunkelweizen,Nine Giant Brewing,Wheat,Dunkelweizen,Ohio,9/28/2018,September,2018,Aaron T. and Jeremy S.,65,Dave E.,3.32,4.00,,,,,,,,,,,,,,,,,,,,,,,,,,,,,,,,,3.50,,,,,,,,,,,3.25,,,,,,,,3.25,,3.25,1.00,,,3.50,,,,,,,,,,,,4.25,,,,3.00,,3.50,,,,,,,,,,,,,,,,,,,,,,,,,,,,,,,,,,,,4.00,,,,,,,,,,,,,
Hazelnut Latte,Taft's Brewing Co.,Stout,Coffee Stout,Ohio,2/29/2020,February,2020,Tony H.,82,Paul K.,3.32,,,3.25,,,,,,,,,,,,3.75,3.00,,,,,,3.00,,,,,,,,,,,,,,,,,,,,,,,,,2.75,,,,3.50,,3.00,,,3.75,,,3.25,,,,,,,,,,,,,,,,,,,,,,,,,,,,,,,,,,,3.50,,,,,,,,,,,,,,,,,,,,,,,,,,,,,,,3.75,
Isar Weiss Hefeweizen,HighGrain Brewing Co.,Wheat,Hefeweizen,Ohio,6/12/2020,June,2020,Charlie D.,84,Ben W.,3.32,4.00,,,,,,,,,,3.25,,,,,4.00,,4.00,,,,,3.00,,,,,,,,,,,3.50,,,,,,,,,,,,,2.25,,,,,,2.50,,,2.50,,,3.00,,,,,,,,,,,,,,,,,,,,,,,,,,,,,,,,,,,4.50,,,,,,,,,,,,,,,,,,,,,,,,,,,,,,,,
Age of Otters India Pale Ale,3 Floyds Brewing Co.,IPA,American IPA,Indiana,7/31/2024,July,2024,Dave E.,133,Charlie D.,3.32,,,,,,,,,,,,,,,3.25,,3.75,,,,,,3.50,,,,,,,,,,,3.25,,,,,,,,,,,,,3.50,,,,,,3.50,,,,,,,,,,,3.25,,,,,,,,3.00,,,,,3.25,,,,,,,3.50,,,,,,,,,,,,,,3.00,,,,,,,,,,3.50,3.00,,3.25,,,,,,,,,,,,,,,3.25
BamBaLam Breakfast Stout,Zaftig Brewing Co.,Stout,American Imperial Stout,Ohio,3/22/2019,March,2019,Jason M.,71,Eric A.,3.31,2.50,,,,,,,,,3.75,,,,,,,,,,,,,,,,,,,,,,,,3.25,,,,,,,,,,,4.00,,,,,,,,3.50,,,2.75,,,3.50,,,,,,,,,,,,3.50,,,,3.00,,4.00,,,,,,,,,,,,,,,,,3.25,,,,,,,,,,,,,,,,,,,,,,,,,,,,,,,,2.75
Oktoberfest,Great Lakes Brewing Co.,Oktoberfest,Marzen,Ohio,10/11/2014,October,2014,Phil H.,18,Jake W.,3.31,,,,,,,,,,,,,,,,,,3.00,,,,,,,,,,,,,,,,3.00,,,,,,,,,,,,,,,,,,,,,,,,,,,,,,,,,,,,,,,,,,,,,,,,,,,,,,2.50,,3.50,,,,,,4.00,,,,,,,,,,,,,,,3.50,,,,,3.50,,,,,,,3.50,,,
Amber,Alaskan Brewing Co.,Amber,,Alaska,7/3/2017,July,2017,Dave E.,51,Aaron T.,3.31,4.00,,,,,,,,,,,,,,,3.50,,,,,,,,,,,,,,,,,,3.50,,,,,,,,,,,,,2.25,,,,,,2.50,,,,,,4.00,,,,,,,,,,,,,,,,4.00,,,,,,,,3.00,,,3.00,,,,,,,,3.00,,4.25,,,,,,,,,,,,,,,,,,,,,,,,,,,2.75,,,
Pilgrim Fall Ale,MadTree Brewing Co.,Pale Ale,American Pale Ale,Ohio,10/12/2017,October,2017,Matt S.,54,Matt S.,3.31,,,,,,,,,,,,,,,,,,,,,,,,,,,,,,,,,,2.50,,,,,,,,3.50,,,3.00,,,,,,,,3.00,,,,,,3.00,,,,,,,,,,,,,,,,3.50,,,,,,,,4.00,,,,,,,,,,,4.00,,,,,,,,,,,,,,,,,,,,,,,,,,,,,,,,
Art Deco IPA,Dancing Gnome Brewery,IPA,American IPA,Pennsylvania,3/25/2022,March,2022,Zach M.,105,Paul K.,3.31,,,,,,,,,,,,,,,,,,,,,,,,,,,,,,,,,,3.00,,,,,,,,,,,,,,,,,,,3.50,,,,,,,,,,,,,,,,,,,,,,,,,,,,,,,,,,,,,,,,,3.25,,,,,,,,,,,,,,,,,,,,,,,,,,,,,,,,3.50
Homestyle IPA ,Bearded Iris Brewing,IPA,New England/Hazy IPA,Tennessee,3/25/2022,March,2022,Zach M.,105,Jake W.,3.31,,,,,,,,,,,,,,,,,,,,,,,,,,,,,,,,,,3.25,,,,,,,,,,,,,,,,,,,3.25,,,,,,,,,,,,,,,,,,,,,,,,,,,,,,,,,,,,,,,,,3.00,,,,,,,,,,,,,,,,,,,,,,,,,,,,,,,,3.75
Slightly Mighty Lo-Cal IPA,Dogfish Head Craft Brewery,IPA,American IPA,Delaware,9/27/2024,September,2024,Charlie D.,135,Lauren D.,3.31,,,,,,,,,,,,,,,,,,2.50,,,,,3.25,,,,,,,,,,,,,,,,,,,,,,,,3.50,,,,,,,,,,,,,,,,,,,,,,,,,,,,,4.00,,,,,,,,,,,,,,,,,,,,,,,,,,,,,,,,,,,,,,,,,,,,,,,,,,
Toasted Coconut & Cinnamon Imperial Stout,Parsons North Brewing Co.,Stout,American Imperial Stout,Ohio,5/16/2025,May,2025,Jake W.,143,Sara P.,3.31,,,,,,,,,,,,,,,,,,3.50,,,,,,,,,,,,,,,,,,2.50,,,,,,,,,,,3.00,,,,,,3.25,,,,,,,,,,,,,,,,,,,,,,,,,,,,,,,4.50,,,,,,,,,,,3.25,,,,,,,,,,,,,3.50,,,3.00,,,,,,,,,,,,,,,
Single Origin Coffee Stout ,Masthead Brewing Co.,Stout,Coffee Stout,Ohio,12/12/2025,December,2026,Scott T.,150,Ben S.,3.31,,,,,,,,,,,,,,,3.50,,,,,,,,,,,,,,,,,,,3.00,,2.75,,,,,,,,,,,,,,,,,3.75,,,,,,,,,,,,,,,,,,,,,,,,,,,,,,,,,,,,,,,,,3.50,,,,,,,2.75,,,3.50,,,,,,,3.75,,,,,,,,,,,,,,,
Leaf Creepers Double Dry Hopped Imperial India Pale Ale,Other Half Brewing Co.,IPA,Imperial IPA,New York,12/12/2025,December,2026,Scott T.,150,Rick S.,3.31,,,,,,,,,,,,,,,3.50,,,,,,,,,,,,,,,,,,,2.00,,3.00,,,,,,,,,,,,,,,,,3.75,,,,,,,,,,,,,,,,,,,,,,,,,,,,,,,,,,,,,,,,,3.00,,,,,,,3.75,,,4.25,,,,,,,3.25,,,,,,,,,,,,,,,
Maduro Brown Ale,Cigar City Brewing,Brown,,Florida,12/11/2020,December,2021,Paul W.,90,Ben S. / Drew B. / Jake W. / Tony H.,3.31,2.50,,,,,,,,,,,,,,3.50,3.00,,4.00,,,,,3.00,,,,,,,,,,,3.75,,,,,,,,,3.25,,2.50,,3.25,,,,2.25,,3.50,,,3.00,,,4.00,,,,,,,,,,,,,,,,4.50,,3.25,,,,,,,,,,,,,,,2.75,,3.50,2.75,5.00,,,,,,,,,,,,,,,3.00,,,,,2.00,,,,,4.50,,,,,
Death by Coconut Irish Style Porter,Oskar Blues Brewery,Porter,Robust Porter,Colorado,4/12/2019,April,2019,Andrew P.,72,Lee M.,3.31,,,,,,,,,,3.00,,,,,,4.00,,,,,,,,,,,,,,,,,,4.00,,,,,,,,,,,,,,,,,,,2.75,,,2.00,,,,,,,,,,,,,,,,,,,4.00,,4.00,,,,,,,,,,,,,,,,,,,,,,,,,,,,,,,,,,,,,,,,,,,,,,,,3.00,3.00
Who Cooks For You Double Dry-Hopped Hazy Pale Ale,Jackie O's Brewery,Pale Ale,New England/Hazy Pale Ale,Ohio,4/12/2019,April,2019,Andrew P.,72,Jake W.,3.31,,,,,,,,,,4.50,,,,,,3.25,,,,,,,,,,,,,,,,,,2.00,,,,,,,,,,,,,,,,,,,3.50,,,3.00,,,,,,,,,,,,,,,,,,,3.50,,2.25,,,,,,,,,,,,,,,,,,,,,,,,,,,,,,,,,,,,,,,,,,,,,,,,4.75,3.00
Amazonas II Fresh Hop Saison,HighGrain Brewing Co.,Saison,,Ohio,9/25/2020,September,2020,Paul K. and Chalie D.,88,Ben W.,3.31,,,,,,,,,,,,,,,3.50,4.00,,,,,,,3.25,,,,,,,,,,,2.75,,,,,,,,,,,,,2.75,,,,,,,,,2.00,,,,3.25,,,,,,,,,,,,,,,,,,,,,,,,,,,,,,,,3.25,,5.00,,,,,,,,,,,,,,,,,,,,,,,,,,,,,,,,
Nosferatu Imperial Red Ale,Great Lakes Brewing Co.,Red,,Ohio,9/25/2020,September,2020,Paul K. and Chalie D.,88,Charlie D.,3.31,,,,,,,,,,,,,,,3.75,4.00,,,,,,,3.50,,,,,,,,,,,2.75,,,,,,,,,,,,,2.25,,,,,,,,,3.50,,,,3.25,,,,,,,,,,,,,,,,,,,,,,,,,,,,,,,,3.00,,3.75,,,,,,,,,,,,,,,,,,,,,,,,,,,,,,,,
Red Martian Slushee Style Sour,Platform Beer Co.,Sour,Fruited Sour,Ohio,9/25/2020,September,2020,Paul K. and Chalie D.,88,OJ W.,3.31,,,,,,,,,,,,,,,4.25,2.50,,,,,,,3.00,,,,,,,,,,,3.50,,,,,,,,,,,,,2.75,,,,,,,,,3.00,,,,3.00,,,,,,,,,,,,,,,,,,,,,,,,,,,,,,,,3.75,,4.00,,,,,,,,,,,,,,,,,,,,,,,,,,,,,,,,
Quad Transmigration of Souls Quadruple Dry-Hopped DIPA,Orpheus Brewing,IPA,Double IPA,Georgia,8/27/2021,August,2021,Jeremy S.,98,Charlie D.,3.31,,,,,,,,,,,,,,,3.00,,,,,,,,3.00,,,,,,,,,,,,,,,,,,,,,,,,,,,,3.25,,3.25,,,2.75,,,3.25,,,,,,,,,,,,4.25,,,,,,,,,,,,,,,,,,,,,,,3.25,,,,,,,,,,,,,,,,,,,,,,,,,,,,,,,,3.75
Nutter Your Business Peanut Butter Stout,Grand Armory Brewing Co.,Stout,Sweet/Milk Stout,Michigan,3/27/2026,March,2026,Zach M.,153,Matt T.,3.31,,,,,,,4.25,,,,,,,,3.50,,,,,,,,,,,,,,,,,,,,,,,,,,,,,,,,3.50,,,,,,3.00,,,,,,,,,,,,,,,,,,,,,,,,,,,,,,,4.00,,,,,,,,,,3.25,,,,,,,2.75,,,3.00,,,,,,,,,,,,,,,,,,,,,,2.50
Iliad Double Dry Hopped New England IPA,Esoteric Brewing Co.,IPA,New England/Hazy IPA,Ohio,8/22/2025,August,2025,Jeremy S.,146,Sara P.,3.30,,,,,,,,,,,,,,,3.75,,4.00,,,,,,2.75,,,,,2.75,,,,,,2.50,,3.50,,,,,,,,,,,,,,,,,4.25,,,,,,3.00,,,,,,,,,,,,,,,,,,,,,,,,,3.50,,,,,,,,,,3.25,,,,,,,2.25,,,4.25,,,,2.75,,,,,,,,,,,,,,,,,,3.75
Black Chocolate Stout,Brooklyn Brewery,Stout,Russian Imperial Stout,New York,12/6/2019,December,2020,Paul W.,80,Scott T.,3.30,4.00,,,,,,,,,,,,,,,3.00,,3.50,,,,,3.50,,,3.00,,,,,,,,3.25,,,,,,,,,,,3.75,,3.25,,,,3.00,,3.00,,,3.00,,,2.75,,,,,,,,,,,,3.50,,,,,,3.75,,,,,,,,,,,,,,,,,3.50,3.00,,,,,,,,,,,,,,,,4.25,,,,,,3.25,,,,,,,,2.50,
St. Charles Porter,Blackstone Restaurant and Brewery,Porter,American Porter,North Carolina,11/21/2014,November,2014,Denis M.,19,Dave E.,3.30,,,,,,,,,,,,,,,,,,,,,,,,,,,,,,4.00,,,,4.00,,,,,2.00,,,,,,,,3.50,,,,,3.00,3.50,,,,,,,,,,,,,,,,,,,,,,,,,,2.50,,,,,,,,,,,,,,,,,4.00,,,,,,,,,,,,,,,3.00,,,,,,,,,,3.50,,,,,
Belgian Style Blonde,West Sixth Brewing Co.,Blonde,Belgian Blonde,Kentucky,3/30/2016,March,2016,Jake W.,35,Matt S.,3.30,,,,,,,,,,,,,,,,4.00,,,,,,,,,,,,,,,,,3.50,3.50,,,,,,,,,,,3.00,,2.50,,,,,,2.50,,,,,,,,,,,,,,,,,,,,,,,,,,,,,,3.50,,,,,,,,,,,,3.50,,,,,,,,,,,,,,,,,,,,,,3.50,,,,3.50,,,,,
Crooked Line Stompin' Grounds Coffee Stout,Uinta Brewing Co.,Stout,Coffee Stout,Utah,3/30/2016,March,2016,Jake W.,35,Dave E.,3.30,,,,,,,,,,,,,,,,4.00,,,,,,,,,,,,,,,,,4.00,4.00,,,,,,,,,,,3.00,,3.50,,,,,,4.00,,,,,,,,,,,,,,,,,,,,,,,,,,,,,,2.00,,,,,,,,,,,,3.00,,,,,,,,,,,,,,,,,,,,,,3.00,,,,2.50,,,,,
60 Minute IPA,Dogfish Head Craft Brewery,IPA,American IPA,Delaware,12/2/2016,December,2017,Paul W.,44,Steve S.,3.30,,,,,,,,,,,,,,,,2.75,,3.50,,,,,,,,,,,,,,,,2.50,,,,,,,,,,,2.75,,3.75,,,,,,3.50,,,,,,,,,,,,,,,,,,,,,,4.50,,2.50,,,,,,3.00,2.50,,,,,,,,,,,3.00,4.75,,,,,,,,,,3.25,,,,,3.50,,,,,,3.75,,,,,,3.25,,,
Hefe-Weissbier,Weihenstephaner,Wheat,Hefeweizen,Germany,8/12/2013,August,2013,Scott T.,4,Scott T. / Donny H. / Matt S.,3.29,,3.50,,,,,,,,,,,,,,,,3.50,,,,,,,,,,,,,,,,2.50,,,,,4.00,,,3.50,,,,,,,,,,,2.50,,,,,,,,,,,4.00,,,,,,,,,,,,,,,,,,,3.50,3.00,,,,,,,,,,,2.50,4.00,,,,,,,,,,,,,,,3.00,,,,,,,,,,,,,,,
Cinq Cents,Chimay Brewery,Tripel,Belgian Tripel,Belgium,2/26/2015,February,2015,Dave E.,22,Denis M.,3.29,,,,,,,,,,,,,,,,,,,,,,,,,,,,,,,,,,3.00,,,,,4.50,,,3.00,,,,,3.00,,,3.50,,,1.50,,,,,,,,,,,,,,,,,,,,,,,,,,3.50,,,,4.00,3.50,,,,,,,,,,,,,,,,,,,,,,3.50,,,,3.50,,,,,,,,,,,,,3.00,,,
One 10 Coffee Stout,Black Acre Brewing Co.,Stout,Coffee Stout,Indiana,2/29/2020,February,2020,Tony H.,82,Jeremy S.,3.29,,,3.00,,,,,,,,,,,,3.50,3.50,,,,,,2.50,,,,,,,,,,,,,,,,,,,,,,,,,2.50,,,,3.75,,3.50,,,3.50,,,3.50,,,,,,,,,,,,,,,,,,,,,,,,,,,,,,,,,,,3.50,,,,,,,,,,,,,,,,,,,,,,,,,,,3.50,,,,3.25,
Fantasyland Midwest Coast IPA,Urban Chestnut Brewing Co.,IPA,American IPA,Missouri,9/12/2020,September,2020,Jason M.,87,Charlie D.,3.29,,,,,,,,,,,,,,,,,,,,,,,4.25,,,,,,,,,,,3.25,,,,,,,,,,,,,3.25,,,,2.50,,,,,3.75,,,,,,,,,,,,,,,,,,,,,,,,,,,,,,,,,,,,2.75,,,,,,,,,,,,,,,,,,,,,,,,,,,,,,,,,,
Light Hearted Ale Lo-Cal IPA,Bell's Brewery,IPA,American IPA,Michigan,9/12/2020,September,2020,Jason M.,87,Eric H.,3.29,,,,,,,,,,,,,,,,,,,,,,,3.75,,,,,,,,,,,3.00,,,,,,,,,,,,,3.50,,,,3.00,,,,,3.50,,,,,,,,,,,,,,,,,,,,,,,,,,,,,,,,,,,,3.00,,,,,,,,,,,,,,,,,,,,,,,,,,,,,,,,,,
Most Hefinitely Hefeweizen,Third Eye Brewing Co.,Wheat,Hefeweizen,Ohio,6/13/2023,June,2023,Sara P.,120,Ben S.,3.29,,,,,,,,,4.25,,,,,,3.75,,,,,,,,,,3.25,,,,,,,,,3.00,,,,,,,,,,,,,,,,,,,2.50,,,,,,,,,,,3.00,,,,,,,,,,,,,,,,,,,,3.75,,,,,,,,,,3.50,,,,,,,,,,,,,,4.25,,,3.50,,,,,2.25,,,,,,,,,,2.50
Oatopia Oat Cream IPA,Wandering Monsters Brewing Co.,IPA,New England/Hazy IPA,Ohio,4/19/2024,April,2024,Joe J.,130,Cory P.,3.29,,,,,,,,,,,,,,,3.25,,3.25,,,,,,,,,,,,,,3.75,,,3.75,,,,,,,,,,,,,,,,,,,,,,,,,,,,,,3.00,,,,,,,,,,,,,,,,,,,,,,,,,,,,,,2.75,,,,,,,,,,,,,,,,,,,,,,,,,,,,,,,,
Hazy Jane New England IPA,BrewDog,IPA,New England/Hazy IPA,UK,10/30/2024,October,2024,Ben S.,136,Eric H.,3.29,,,,,,,,,,,,,,,3.50,,3.00,,,,,,,,,,,,,,,,,,,,,,,,,,,,,,4.00,,,,,,3.00,,,,,,,,,,,,,,,,,,,,,,,,,,,,,,,,,,,,,,,,,3.50,,,,,,,,,,,,,,,,,,,,,,,,,,,,,,,,2.75
Freakbeat India Pale Ale,Cartridge Brewing,IPA,American IPA,Ohio,11/21/2023,November,2023,Scott T.,125,Bobby T.,3.29,,,,,,,,,,,,3.25,,,3.50,,3.00,3.25,,,,,3.50,,,,,,,,,,,2.75,,,,,,,,,,,,,,,,,,,3.25,,,,,,3.50,,,,,2.75,,,,,,,,,,,,,,,,,,,,3.50,,,,,,,,,,3.00,,,,,,,,,,,,,,4.00,,,3.50,,,,,,,,,,,,,,,
Panther Robust Porter,Rhinegeist Brewing Co.,Porter,Robust Porter,Ohio,11/17/2016,November,2016,Trent D.,43,Trent D.,3.29,,,,,,,,,,,,,,,,,,,,,,,,,,,,,,,,,,,,,,,,,,,,,3.00,,3.50,,,,,,3.50,,,,,,,,,,,,,,,,,,,,,,,,3.00,,,,,,,,,,,,,,,,,,,,,,,,,,,,,3.50,,,,,2.50,,,,,,,,,,,,4.00,,,
Shotgun Wedding,Country Boy Brewing,Brown,,Kentucky,2/24/2017,February,2017,Ben W.,46,Dave E.,3.29,,,,,,,,,,,,,,,,4.00,,,,,,,,,,,,,,,,,,4.25,,,,,,,,,,,,,,,,,,,3.50,,,,,,,,,,,,,,,,,,,,,,3.00,,,,,,,,,,,2.50,,,,,,,,,,,,,,3.75,,,,,,,,,,,,,,,,,,,,,2.00,,,,,
Hops & Wheat Ale,Mt. Carmel Brewing Co.,Wheat,American Pale Wheat,Ohio,5/24/2017,May,2017,Phil H.,49,Eric H.,3.29,,,,,,,,,,,,,,,,,,,,,,,,,,,,,,,,,,2.50,,,,,,,,,,,2.50,,3.00,,,,,,3.50,,,,,,,,,,,,,,,,,,,,,,,,,,,,,,3.50,,,,,,,,,,,,3.00,5.00,,,,,,,,,,,,,,,,,,,,,,,,,,,,,,
Moo-Hoo Chocolate Milk Stout,Terrapin Beer Co.,Stout,Sweet/Milk Stout,Georgia,1/17/2019,January,2019,Paul K.,69,Greg A.,3.29,,,,,,,,,,,,,,,,,,,,,,,2.25,,,,,,,,,,,4.50,,,,,3.00,3.50,,,,,4.25,,2.50,,,,2.25,,3.75,,,2.00,,,,,,,,,,,,,,,3.75,,,,,,4.25,,,,,,,,,,,,,,,,,3.50,3.00,,,,,,,,,,,,,,,,,,,,,,,,,,,,,,,3.50
Chocolate Hazelnut Porter,Heretic Brewing & Distilling,Porter,American Porter,California,5/31/2021,May,2021,Scott T.,95,Greg A.,3.29,,,,,,,,,,,,,,,3.50,,,,,,,,,,,,,,,,,,,3.75,,,,,,,,,,,,,2.75,,,,4.00,,2.75,,,,,,,,,,,,,,,,,,,,,,,,,,,,,,,,,,,,,,,,,3.25,,,,,,,,,,,,,,,,,3.00,,,,,,,,,,,,,,,
Brilliant Corners Barrel Aged Belgian Quad,Nine Giant Brewing,Quad,Belgian Quad,Ohio,2/24/2023,February,2023,Silverton/Pleasant Ridge,116,Dave E.,3.29,,,,,,,,,,,,,,,,4.50,,,,,,,,,,,,,,,,,,4.00,,,,,,,,,,,,,,,,,,,3.25,,,,,,3.00,,,,,2.00,,,,,,,,,,,,,,,,,,,,3.75,,,,,,,,,,,,,,,,,,,,,,,,2.50,,,,,,,,,,,,,,,,,,
Aventinus Weizen-Doppelbock,G. Schneider & Sohn,Bock,Doppelbock,Germany,1/18/2024,January,2024,Paul K.,127,Ben S.,3.29,,,,,,,,,,,,,,,3.25,,3.25,,,,,,,,,,,,,,,,,3.25,,,,,,,,,3.50,,,,,,,,,,,,,,,,,,,,,,,,,,,,,,,,,,,,,,,,,3.50,,,,,,,,,,3.50,,,,,,,,,,,,,,,,,,,,,,,,,,,,,,,,2.75
Metal Head Double IPA,Nickel Brook Brewing Co.,IPA,Double IPA,Canada,6/17/2021,June,2021,Jason M.,96,Charlie D.,3.28,,,,,,,,,,,,,,,3.25,,,,,,,,4.00,,,,,,,,,,,3.25,,,,,,,,,,,,,,,,,3.00,,3.50,,,4.00,,,,,,,,,,,,,,,,,,,,,,,,,,,,,,,,,,,,,,2.50,,,,,,,,,,,,,,,,,,,,,,,,,,,,,,,,2.75
Irish Stout ,King Street Brewing Co.,Stout,Irish Stout,Alaska,1/30/2023,January,2023,Scott T.,115,Scott T.,3.28,,,,,,,,,,,,,,,,,,,,,,,,,,,,,,,3.50,,,3.50,,,,,,,,,3.00,,,,,,,,,,2.00,,,,,,,,,,,3.00,,,,,,,,,,,,,,,,,,,,3.75,,,,,,,,,,,,,,,,,,,,,,,,4.00,,,3.50,,,,,,,,,,,,,,,
Hop Dr. Hazy IPA ,Shellring Ale Works,IPA,New England/Hazy IPA,South Carolina,9/26/2023,September,2023,Charlie D.,123,Drew B.,3.28,,,,,,,,,,,,,,,,,,,,,,,3.00,,,,,,,,,,,3.00,,,,,,,,,3.25,,,,,,,,,,3.50,,,,,,,,,,,,,,,,,,,,,,,4.50,,,,,,,,,,,,,,,,,,,,,,,,,,,,,,,,3.00,,,3.00,,,,,,,,,3.00,,,,,,
Emerald Parkway Irish Red Ale,Seventh Son Brewing Co. / The Getaway Brewing Co.,Red,Irish Red,Ohio,2/29/2024,February,2024,Scott T.,128,Dave E.,3.28,,,,,,,,,,,,3.50,,,3.25,,,,,,,,,,,,,,,,,,,3.00,,,,,,,,,,,,,,,,,,,3.00,,,,,,,,,,,,,,,,,,,,,,,3.00,,,,,,,,4.00,,,,,,,,,,,,,,,,,,,,,,,,3.75,,,2.75,,,,,,,,,,,,,,,
S'morty Pastry Stout,Listermann Brewing Co.,Stout,Pastry Stout,Ohio,2/29/2024,February,2024,Scott T.,128,Sara P.,3.28,,,,,,,,,,,,2.75,,,3.50,,,,,,,,,,,,,,,,,,,3.50,,,,,,,,,,,,,,,,,,,3.00,,,,,,,,,,,,,,,,,,,,,,,2.75,,,,,,,,4.25,,,,,,,,,,,,,,,,,,,,,,,,3.00,,,3.50,,,,,,,,,,,,,,,
Oil Change Barrel Aged Stout,Bad Dad Brewing Co.,Stout,American Imperial Stout,Indiana,5/16/2025,May,2025,Jake W.,143,Matt T.,3.28,,,,,,,,,,,,,,,,,,3.50,,,,,,,,,,,,,,,,,,2.00,,,,,,,,,,,3.00,,,,,,3.00,,,,,,,,,,,,,,,,,,,,,,,,,,,,,,,4.50,,,,,,,,,,,2.50,,,,,,,,,,,,,3.25,,,4.50,,,,,,,,,,,,,,,
Fireside Chat,21st Amendment Brewery,Winter,,California,11/14/2013,November,2013,Trent D.,7,Scott T.,3.28,,,,,,,,,,,,,,,,,,,,,,,,,,,,,,,,,,3.50,,,,,3.50,,,,,,,,3.00,,,,,,3.50,,,,,,,,,,,,,,,,,,,,,,,,,,,,,,2.00,,,,,3.00,,,,,,,,,,,,,,,,,,4.00,,,,,3.50,,,,,,,,,,,,3.50,,,
Nut Brown Ale,Mt. Carmel Brewing Co.,Brown,,Ohio,7/1/2015,June,2015,Sam E.,26,Trent D.,3.28,,,,,,,,,,,,,,,,,,,,,,,,,,,,,,,,,,3.50,,,,,,,,,,,4.00,,3.00,,,,,,4.00,,,,,,,,,,,,,,,,,,,,,,,,,,,,,,2.00,,,,,,,,,,,,,3.50,,,,,,,,,,2.50,,,,,3.50,,,,,,,,,,,,3.50,,,
Tastee Whip Ice Cream Ale,Fifty West Brewing Co.,Cream Ale,,Ohio,7/22/2015,July,2015,Trent D.,27,Eric A.,3.28,,,,,,,,,,,,,,,,,,,,,,,,,,,,,,,,,,3.50,,,,,,,,,,,4.50,,,,,,,,3.00,,,,,,,,,,,,,,,,,,,,,,,,,,,,,,,4.50,,,,1.50,,,,,,,2.00,,,,,,,,,,,3.50,,,,,4.00,,,,,,,,,,,,3.00,,,
Hi-Res,Sixpoint Brewery,IPA,Imperial IPA,New York,4/22/2016,April,2016,Tony H.,36,Eric H.,3.28,,,,,,,,,,,,,,,,3.50,,2.50,,,,,,,,,,,,,,,,2.00,,,,,,,,,,,2.00,,4.50,,,,,,,,,,,,,,,,,,,,,,,,,,,,,,,,,,,,,,,,,,,,,,4.00,,,5.00,,,,,,,,,,,,,,,3.50,,,,,,,,,,2.50,,,,,
Paint Stripper Dripper,South Ave Brewing Co.,Pale Ale,Belgian Pale Ale,Ohio,4/12/2019,April,2019,Andrew P.,72,Ben W.,3.28,,,,,,,,,,4.00,,,,,,3.50,,,,,,,,,,,,,,,,,,3.00,,,,,,,,,,,,,,,,,,,3.00,,,3.00,,,,,,,,,,,,,,,,,,,2.00,,3.50,,,,,,,,,,,,,,,,,,,,,,,,,,,,,,,,,,,,,,,,,,,,,,,,4.00,3.50
Chocolate Cherry Milk Stout,HighGrain Brewing Co.,Stout,Sweet/Milk Stout,Ohio,11/18/2021,November,2021,Greg A.,101,Paul K.,3.28,2.00,,,,,,,,,,,,,,,,,,,,,,,,,,,,,,,,,4.00,,,,,,,,,4.00,,,,,,,,4.25,,3.25,,,,,,3.00,,,,,,,,,,,,,,,,,,,,,,,,,,,,,,,,,,,3.00,,,,,,,,,,,,,,,,,3.00,,,,,,,,,,,,,,,3.00
Cease and Desist Oatmeal Cream Pie Porter ,Resident Culture Bewing Co.,Porter,American Porter,North Carolina,1/31/2025,January,2025,Scott T.,139,Sara P.,3.28,,,,,,,,,,,,,,,,,,3.50,,,,,,,,,,,,,,,,2.50,,2.00,,,,,,,3.25,,,,,,,,,,3.00,,,,,,,,,,,,,,,,,,,,,,,,,,,3.50,,,,4.00,,,,,,,,,,,,,,,,,,,,,,,,3.75,,,4.00,,,,,,,,,,,,,,,
S'more Stout,Short's Brewing Co.,Stout,American Imperial Stout,Michigan,1/26/2018,January,2018,Ben W.,57,Phil H.,3.28,,,,,,,,,,,,,,,,4.00,,,,,,,,,,,,,,2.00,,,,3.75,,,,,,,,,,,,,3.00,,,,,,3.25,,,,,,,,,,,,,,,,,,,,,,,,,,,,,,2.00,,,,,,,,,,,3.50,,4.25,,,,3.75,,,,,,3.25,,,,,,,,,,,,,,,,,,,,
Higher Purpose Milk Stout,Third Eye Brewing Co.,Stout,Sweet/Milk Stout,Ohio,12/10/2021,December,2022,Paul W.,102,Ben S.,3.28,,,,,,,,,,,,,,,3.00,,,3.50,,,,,3.00,,,,,,,,,,,,,,,,,,,,3.00,,,,,,,,,,3.50,,,,,,4.00,,,,,,,,,,,,,,,,,,,,,,,,,,,,,,,,,,,3.25,2.75,,,,,,,,,,,,,,,,3.50,,,,,,3.25,,,,,,,,,
Cloud Harvest Double Dry Hopped Hazy India Pale Ale,Rhinegeist Brewing Co.,IPA,New England/Hazy IPA,Ohio,9/30/2022,September,2022,Charlie D.,111,Ben S.,3.28,,,,,,,,,,,,,,,3.25,,,3.50,,,,,4.00,,,,,,,,,,,,,,,,,,,,,,,,,,,,,,4.00,,,3.00,,,,,,,,2.00,,,,,,,,,,,,,,,,,,,,3.50,,,,,,,,,,,,,,,,,,,,,,,,2.75,,,3.50,,,,,,,,,3.25,,,,,,
Megaphone Irish Style Red Ale,Inside the Five Brewing Co.,Red,Irish Red,Ohio,3/27/2026,March,2026,Zach M.,153,Zach M.,3.28,,,,,,,3.75,,,,,,,,3.25,,,,,,,,,,,,,,,,,,,,,,,,,,,,,,,,2.50,,,,,,2.75,,,,,,,,,,,,,,,,,,,,,,,,,,,,,,,3.50,,,3.50,,,,,,,3.75,,,,,,,3.00,,,2.25,,,,,,,,,,,,,,,,,,,,,,4.50
El Dorado High Imperial IPA,MadTree Brewing Co.,IPA,Imperial IPA,Ohio,9/27/2019,September,2019,Kevin W.,77,Ben S.,3.27,,,,,,,,,,,,,,,3.25,,,,,,,,,,,,,,,,,,,2.00,,,,,,,,,3.75,,,,4.25,,,,3.25,,3.75,,,,,,3.00,,,,,,,,,,,,2.50,,,,4.50,,,,,,,,,,,,,,,,,,,2.50,,,,,,,,,,,,,,,,,,,,,,,,,,,,,,,,3.25
Voodoo Ranger 1985 IPA,New Belgium Brewing Co.,IPA,New England/Hazy IPA,Colorado,6/12/2020,June,2020,Charlie D.,84,Eric H.,3.27,2.00,,,,,,,,,,3.75,,,,,3.50,,3.50,,,,,4.00,,,,,,,,,,,3.00,,,,,,,,,,,,,2.50,,,,,,3.75,,,3.00,,,3.00,,,,,,,,,,,,,,,,,,,,,,,,,,,,,,,,,,,4.00,,,,,,,,,,,,,,,,,,,,,,,,,,,,,,,,
Chocolate Peanut Butter Cookie Pastry Stout,Untitled Art,Stout,Pastry Stout,Wisconsin,8/29/2023,August,2023,Jeremy S.,122,Matt T.,3.27,,,,,,,,,,,,,,,3.75,,,,,,,,2.00,,,,,,,,,,,4.00,,,,,,,,,3.25,,,,,,,,,,2.75,,,,,,2.50,,,,,,,,,,,,3.50,,,,,,,,,,,,,4.25,,,,,,,,,,3.00,,,,,,,,,,,,,,4.50,,,,,,,,,,,,,,,,,,2.50
Witness the Citrus Double Dry-Hopped New England IPA,Country Boy Brewing,IPA,New England/Hazy IPA,Kentucky,2/25/2025,February,2025,Silverton/Pleasant Ridge,140,Eric H.,3.27,,,,,,,,,,,,,,,3.00,4.00,2.25,,,,,,,,,,,,,,,,,2.75,,3.00,,,,,,,,,,,4.00,3.75,,,,,4.00,,,,,,,,,,,,,,,,,,,,,,,,,,,,,,,3.00,,,,,,,,,,3.25,,,,,,,,,,,,,,2.75,,,,,,,,,,,,,,,,,,3.50
Peanut Butter Cup Porter ,Sun King Brewing Co.,Porter,American Porter,Indiana,6/27/2025,June,2025,Sara P.,144,Matt T.,3.27,,,,,,,,,,,,,,,3.50,,,3.50,,,,,3.00,,,,,,,,,,,3.75,,,,,,,,,,,,,,,,,,,3.25,,,,,,,,,,,,,,,,,,,,,,,3.75,,,,,,,,3.75,,,,,,,,,,3.25,,,,,,,2.75,,,,,,,3.50,3.00,,,,,,,,,,,,,,,,,2.25
Trash Panda Coffee Blonde Ale,Metazoa Brewing Co.,Blonde,Coffee Blonde,Indiana,7/31/2024,July,2024,Dave E.,133,Matt T.,3.27,,,,,,,,,,,,,,,2.75,,2.25,,,,,,2.25,,,,,,,,,,,2.75,,,,,,,,,,,,,2.75,,,,,,4.00,,,2.75,,,,,,,,3.75,,,,,,,,3.00,,,,,3.75,,,,,,,4.00,,,,,,,,,,,,,,4.00,,,,,,,,,,4.25,4.00,,3.25,,,,,,,,,,,,,,,2.75
Stock Ale Aged in Bulleit Bourbon,Guinness Ltd.,Old,,Ireland,12/6/2019,December,2020,Paul W.,80,Aaron T.,3.26,4.00,,,,,,,,,,,,,,,4.50,,2.00,,,,,3.25,,,3.50,,,,,,,,3.00,,,,,,,,,,,4.25,,2.75,,,,3.75,,3.00,,,3.00,,,3.50,,,,,,,,,,,,3.50,,,,,,3.00,,,,,,,,,,,,,,,,,3.25,3.50,,,,,,,,,,,,,,,,2.25,,,,,,3.50,,,,,,,,2.50,
Stout,Lion Brewery,Stout,Export Stout,Pennsylvania,2/20/2014,February,2014,Dave E.,10,Trent D.,3.25,,,,,,,,,,,,,,,,,,4.00,,,,,,,,,,,,,,,,2.50,,,,,,,,3.50,,,3.50,,3.00,,,,,2.50,1.50,,,,,,,,,,,,,,,,,,,,,,,,,,,,3.00,,4.00,,,,,,,,,,,,,,,,,,,,,,,3.00,,,,,3.50,,,,,,,,,,,,5.00,,,
1337 Ale,Victory Brewing Co.,IPA,American IPA,Pennsylvania,5/13/2014,May,2014,Colin J.,13,Donny H.,3.25,,,,,,,,,,,,,,,,,,3.00,,,,,,,,,,,,4.00,,,,3.50,,,,,,,,4.00,,,,,3.00,,,,,,3.50,,,,,,,,,,,,,,,,,,,,,,,,,,3.00,,,,3.50,,,,,,,,,,3.00,,,,,,,,,,,,,2.50,,,,,3.50,,,3.50,,,,,,,2.50,,3.00,,,
Franz,Rhinegeist Brewing Co.,Oktoberfest,Marzen,Ohio,10/11/2014,October,2014,Phil H.,18,Scott T.,3.25,,,,,,,,,,,,,,,,,,3.00,,,,,,,,,,,,,,,,3.50,,,,,,,,,,,,,,,,,,,,,,,,,,,,,,,,,,,,,,,,,,,,,,,,,,,,,,2.00,,3.50,,,,,,4.00,,,,,,,,,,,,,,,3.00,,,,,4.00,,,,,,,3.00,,,
Oktoberfest,Goose Island Beer Co.,Oktoberfest,Marzen,Illinois,10/11/2014,October,2014,Phil H.,18,Phil H.,3.25,,,,,,,,,,,,,,,,,,3.50,,,,,,,,,,,,,,,,3.00,,,,,,,,,,,,,,,,,,,,,,,,,,,,,,,,,,,,,,,,,,,,,,,,,,,,,,2.00,,3.50,,,,,,5.00,,,,,,,,,,,,,,,3.50,,,,,2.00,,,,,,,3.50,,,
Loose Cannon Hop3 IPA,Heavy Seas Beer,IPA,American IPA,Maryland,8/10/2015,August,2015,Phil H.,28,Trent D.,3.25,,,,,,,,,,,,,,,,,,3.50,,,,,,,,,,,,,,,,2.00,,,,,,,,,,,2.50,,3.50,,,,,,3.50,,,,,,,,,,,,,,,,,,,,,,,,,,,,,,,,,,,,,,,,,,,5.00,,,,,,,,,,,,,,,3.00,,,,,,,,,,,,3.00,,,
Bonfire Brown,Saugatuck Brewing Co.,Brown,,Michigan,3/30/2016,March,2016,Jake W.,35,Tony H.,3.25,,,,,,,,,,,,,,,,4.00,,,,,,,,,,,,,,,,,3.00,3.50,,,,,,,,,,,3.50,,4.00,,,,,,3.00,,,,,,,,,,,,,,,,,,,,,,,,,,,,,,2.00,,,,,,,,,,,,2.50,,,,,,,,,,,,,,,,,,,,,,3.50,,,,3.50,,,,,
Dead Blow Tropical Stout,Braxton Brewing Co.,Stout,Export Stout,Kentucky,7/27/2016,July,2016,Kevin W.,39,Jake W.,3.25,,,,,,,,,,,,,,,,,,3.50,,,,,,,,,,,,,,,,3.50,,,,,,,,,,,4.00,,2.00,,,,,,4.00,,,,,,,,,,,,,,,,,,,,,,4.00,,,,,,,,,,,,,,3.00,,,,,,2.50,3.50,,,,,,,,,,,,,,,,,,,,,,,,,,,2.50,,,
Oktoberfest,Woodburn Brewery,Oktoberfest,Marzen,Ohio,10/13/2016,October,2016,Sam E.,42,Kevin W.,3.25,,,,,,,,,,,,,,,,,,,,,,,,,,,,,,,,,,3.50,,,,,,,,,,,,,3.50,,,,,,,,,,,,,,,,,,,,,,,,,,,,4.00,,,,,,,,3.00,,,,,,,,,,,,,,,,,,,,,,,3.00,,,,,,,,,,,,,,,,,2.50,,,
Biggie East Coast IPA,Listermann Brewing Co.,IPA,American IPA,Ohio,2/24/2017,February,2017,Ben W.,46,Ben W.,3.25,,,,,,,,,,,,,,,,3.50,,,,,,,,,,,,,,,,,,3.00,,,,,,,,,,,,,,,,,,,3.00,,,,,,,,,,,,,,,,,,,,,,4.50,,,,,,,,,,,2.00,,,,,,,,,,,,,,4.25,,,,,,,,,,,,,,,,,,,,,2.50,,,,,
Azacca IPA,Founders Brewing Co.,IPA,American IPA,Michigan,5/3/2017,April,2017,Jake W.,48,Steve S.,3.25,,,,,,,,,,,,,,,,,,,,,,,,,,,,,,,,,,2.50,,,,,,,,4.00,,,2.50,,3.50,,,,,,3.50,,,,,,,,,,,,,,,,,,,,,,,,3.25,,,,,,,,,,,,,,,,,,2.50,4.25,,,,,,,,,,,,,,,,,,,,,3.25,,,,,,,,,
FC Cincinnati Blood Orange IPA,Christian Moerlein Brewing Co.,IPA,American IPA,Ohio,5/3/2017,April,2017,Jake W.,48,Eric H.,3.25,,,,,,,,,,,,,,,,,,,,,,,,,,,,,,,,,,3.75,,,,,,,,3.00,,,,,3.75,,,,,,3.50,,,,,,,,,,,,,,,,,,,,,,,,3.00,,,,,,,,,,,,,,,,,,2.75,3.25,,,,,,,,,,,,,,,,,,,,,3.00,,,,,,,,,
Fugli Yuzu & Ugli Fruit IPA,Oskar Blues Brewery,IPA,American IPA,Colorado,7/3/2017,July,2017,Dave E.,51,Merritt W.,3.25,3.00,,,,,,,,,,,,,,,4.00,,,,,,,,,,,,,,,,,,3.00,,,,,,,,,,,,,2.25,,,,,,3.50,,,,,,3.25,,,,,,,,,,,,,,,,3.00,,,,,,,,2.00,,,4.00,,,,,,,,3.50,,4.25,,,,,,,,,,,,,,,3.00,,,,,,,,,,,,3.50,,,
Blown Gasket Robust Porter,Braxton Brewing Co.,Porter,American Porter,Kentucky,3/2/2018,February,2018,Colin J.,58,Jason M.,3.25,,,,,,,,,,,,,,,,,,3.00,,,,,2.50,,,,3.75,,,3.50,,,,3.25,,,,,,,,,,,,,3.25,,,,,,3.25,,,3.50,,,,,,,,,,,,,,,,,,,4.00,,,,,,,,,,,,,,,,,,,3.25,,,,,,,,,,,,,,,,,2.50,,,,,,,,,,,,,,,
Moonlight Lager,Fifty West Brewing Co.,Lager,American Lager,Ohio,3/2/2018,February,2018,Colin J.,58,Bobby T.,3.25,,,,,,,,,,,,,,,,,,4.00,,,,,3.50,,,,3.00,,,3.25,,,,2.25,,,,,,,,,,,,,3.00,,,,,,2.75,,,4.00,,,,,,,,,,,,,,,,,,,3.50,,,,,,,,,,,,,,,,,,,3.50,,,,,,,,,,,,,,,,,3.00,,,,,,,,,,,,,,,
Gumballhead Wheat  Beer,3 Floyds Brewing Co.,Wheat,American Pale Wheat,Indiana,10/18/2018,October,2018,Phil H.,66,Bobby T.,3.25,,,,,,,,,,,,,,,,3.50,,4.00,,,,,4.00,,,,,,,,,,,1.75,,,,,,,,,,,,,,,,,,,3.50,,,,,,,,,,,,,,4.00,,,,,,,,,,3.25,,,,,,,,,,,,,,,,,3.00,2.50,3.50,,,,,,,,,,,,,,,,,,,,,2.75,,,,,,,,,
Are You Ready For Some Darkness,MadTree Brewing Co.,Stout,American Stout,Ohio,11/21/2018,November,2018,Lee M.,67,Jason F.,3.25,,,,,,,,,,,,,,,,3.50,,,,,,,,,,,,,,,,,,3.50,,,,,,,,,,,3.50,,1.75,,,,,,3.00,,4.50,2.00,,,3.00,,,,,,,,,,,,,,,,3.50,,4.25,,,,,3.50,,,,,,,,,,,,3.00,,,,,,,,,,,,,,,,,,,,,,,,,,,,,,,,
Larry Flynt 2.0,South Ave Brewing Co.,IPA,Double IPA,Ohio,2/15/2019,February,2019,Jeremy S.,70,Ben W.,3.25,,,,,,,,,,,,,,,,4.00,,,,,,,,,,,,,,,,,,2.00,,,,,,,,,,,,,,,,,3.25,,3.75,,,3.75,,,3.00,,,,,,,,,,,,,,,,3.50,,,,,,,,,,,,,,,,,3.50,,2.75,,,,,,,,,,,,,,,,,3.00,,,,,,,,,,,,,,,3.25
Split Shot Espresso Milk Stout,Elysian Brewing Co.,Stout,Sweet/Milk Stout,Washington,7/5/2019,July,2019,Dave E.,75,Zach M.,3.25,3.50,,,,,,,,,,,,,,,4.00,,,,,,,3.50,,,,,,,,,,,3.25,,,,,,,,,3.00,,,,,,,,,,3.75,,,3.00,,,3.00,,,,,,,,,,,,,,,,,,,,,,,,,,,,,,,,,,,3.00,,,,,,,,,,,,,,,,,,,,2.50,,,,,,,,,,,,3.25
2017 Bourbon County Brand Stout,Goose Island Beer Co.,Stout,American Imperial Stout,Illinois,12/6/2019,December,2020,Paul W.,80,Charlie D.,3.25,4.00,,,,,,,,,,,,,,,3.50,,4.00,,,,,4.50,,,3.25,,,,,,,,2.00,,,,,,,,,,,4.75,,3.75,,,,2.00,,2.75,,,1.50,,,4.00,,,,,,,,,,,,2.50,,,,,,4.25,,,,,,,,,,,,,,,,,3.00,3.00,,,,,,,,,,,,,,,,3.75,,,,,,3.25,,,,,,,,2.00,
Irreguliner Fruited Berliner Style Weisse,Bircus Brewing Co.,Sour,Berliner Weisse,Kentucky,9/12/2020,September,2020,Jason M.,87,Dave E.,3.25,,,,,,,,,,,,,,,,,,,,,,,2.50,,,,,,,,,,,3.25,,,,,,,,,,,,,2.75,,,,4.25,,,,,3.50,,,,,,,,,,,,,,,,,,,,,,,,,,,,,,,,,,,,3.25,,,,,,,,,,,,,,,,,,,,,,,,,,,,,,,,,,
Mad Elf Grand Cru 2019,Troegs Brewing Co.,Strong,Belgian Strong,Pennsylvania,9/25/2020,September,2020,Paul K. and Chalie D.,88,Jesse J.,3.25,,,,,,,,,,,,,,,3.25,4.00,,,,,,,3.00,,,,,,,,,,,2.25,,,,,,,,,,,,,2.75,,,,,,,,,3.00,,,,4.00,,,,,,,,,,,,,,,,,,,,,,,,,,,,,,,,3.00,,4.00,,,,,,,,,,,,,,,,,,,,,,,,,,,,,,,,
Campfire Amplifier Milk Stout,Dogfish Head Craft Brewery,Stout,Sweet/Milk Stout,Delaware,12/11/2020,December,2021,Paul W.,90,Ben W. / Bobby T. / Dave E. / Phil H.,3.25,2.00,,,,,,,,,,,,,,4.00,2.50,,3.00,,,,,4.00,,,,,,,,,,,3.00,,,,,,,,,3.75,,3.50,,3.50,,,,4.00,,3.50,,,2.50,,,3.75,,,,,,,,,,,,,,,,2.50,,3.50,,,,,,,,,,,,,,,2.75,,4.00,2.50,4.00,,,,,,,,,,,,,,,4.25,,,,,1.75,,,,,,,,,,
Dreaming Cows Milk Stout,Big Ash Brewing,Stout,Sweet/Milk Stout,Ohio,6/17/2021,June,2021,Jason M.,96,Dave E.,3.25,,,,,,,,,,,,,,,3.50,,,,,,,,1.50,,,,,,,,,,,3.50,,,,,,,,,,,,,,,,,4.00,,3.50,,,3.25,,,,,,,,,,,,,,,,,,,,,,,,,,,,,,,,,,,,,,3.50,,,,,,,,,,,,,,,,,,,,,,,,,,,,,,,,3.25
Heated Agreement Hazy DIPA,Fair State Brewing Cooperative,IPA,New England/Hazy IPA,Minnesota,3/25/2022,March,2022,Zach M.,105,Zach M.,3.25,,,,,,,,,,,,,,,,,,,,,,,,,,,,,,,,,,3.00,,,,,,,,,,,,,,,,,,,3.75,,,,,,,,,,,,,,,,,,,,,,,,,,,,,,,,,,,,,,,,,3.25,,,,,,,,,,,,,,,,,,,,,,,,,,,,,,,,3.00
Untapped Potential Kolsch,Third Eye Brewing Co.,Kolsch,,Ohio,5/26/2022,May,2022,Paul K.,107,Ryan Y.,3.25,,,,,,,,,,,,,,,3.50,,,,,,,,,,,,,,,,,,,2.75,,,,,,,,,2.75,,,,,,,,,,3.00,,,,,,3.50,,,,,,,,,,,,,,,,,,,,,,,,,,,,,,,,,,,3.75,,,,,,,,,,,3.25,,,,,,3.25,,,,,,,,,,,,,,,3.50
Nines Are Wild DIPA,Rhinegeist Brewing Co.,IPA,Double IPA,Ohio,6/22/2022,June,2022,Jake W.,108,Eric H.,3.25,,,,,,,,,,,,,,,3.00,,,,,4.00,,,,,,,,,,,,,,2.50,,,,,,,,,3.25,,,,4.25,2.00,4.00,,,,4.00,,,,,,3.00,,,,,,,,,,,,,,,,,,,,,,,,,,,,,,,,,,,3.25,,,,,,,,,,,,,,,,,,,,,,,,,,,,,,,,2.50
Früh Kolsch,Brauerei Früh am Dom,Kolsch,,Germany,9/30/2022,September,2022,Charlie D.,111,Tim H.,3.25,,,,,,,,,,,,,,,3.25,,,2.25,,,,,2.75,,,,,,,,,,,,,,,,,,,,,,,,,,,,,,3.00,,,3.00,,,,,,,,3.50,,,,,,,,,,,,,,,,,,,,4.00,,,,,,,,,,,,,,,,,,,,,,,,3.50,,,2.25,,,,,,,,,5.00,,,,,,
Weihenstephaner Helles,Bayerische Staatsbrauerei Weihenstephan,Lager,Helles Lager,Germany,6/13/2023,June,2023,Sara P.,120,Zach M.,3.25,,,,,,,,,3.00,,,,,,3.25,,,,,,,,,,,,,,,,,,,3.00,,,,,,,,,,,,,,,,,,,3.50,,,,,,,,,,,2.75,,,,,,,,,,,,,,,,,,,,3.50,,,,,,,,,,3.50,,,,,,,,,,,,,,3.25,,,3.50,,,,,,,,,,,,,,,3.25
Icelandic Toasted Porter,Einstök Ölgerð,Porter,Baltic Porter,Iceland,7/21/2023,July,2023,Dave E.,121,Jason M.,3.25,,,,,,,,,,,,,,,3.00,,,,,,,,,,,,,,,,,,,3.50,,,,,,,3.75,,,,,,,,,,,,3.00,,,3.50,,,,,,,,3.25,,,,,,,,,,,,,3.50,,,,,,,,,,,,,,,,,,,,,,,,,,,,,,,,,,,3.00,3.00,,,,,,,,,,,,,3.00
Bagel & Schmear Double Dry Hopped India Pale Ale ,Other Half Brewing Co.,IPA,New England/Hazy IPA,New York,10/24/2023,October,2023,Higher Gravity,124,Sara P.,3.25,,,,,,,,,,,,,,,3.50,,2.75,,,,,,,,,,,,,,,,,2.75,,,,,,,,,3.25,,,,,,,,,,3.50,,,,,,2.75,,,,,,,,,,,,,,,,,,,,,,,,,3.50,,,,,,,,,,3.75,,,,,,,,,,,,,,3.50,4.00,,,,,,,2.50,,,,,,,,,,
Speedway Stout Affogato,AleSmith Brewing Co.,Stout,American Imperial Stout,California,10/24/2023,October,2023,Higher Gravity,124,Matt T.,3.25,,,,,,,,,,,,,,,3.25,,2.25,,,,,,,,,,,,,,,,,4.25,,,,,,,,,2.75,,,,,,,,,,3.50,,,,,,2.50,,,,,,,,,,,,,,,,,,,,,,,,,4.25,,,,,,,,,,3.50,,,,,,,,,,,,,,3.25,4.00,,,,,,,2.25,,,,,,,,,,
Cincy Light Lager,Rhinegeist Brewing Co.,Lager,American Light Lager,Ohio,9/27/2024,September,2024,Charlie D.,135,Bobby T.,3.25,,,,,,,,,,,,,,,,,,3.00,,,,,3.00,,,,,,,,,,,,,,,,,,,,,,,,3.50,,,,,,,,,,,,,,,,,,,,,,,,,,,,,3.50,,,,,,,,,,,,,,,,,,,,,,,,,,,,,,,,,,,,,,,,,,,,,,,,,,
Dunkel,Hofbrauhaus Freising,Dunkel,,Germany,10/30/2024,October,2024,Ben S.,136,Bill K.,3.25,,,,,,,,,,,,,,,3.75,,4.25,,,,,,,,,,,,,,,,,,,,,,,,,,,,,,2.50,,,,,,3.25,,,,,,,,,,,,,,,,,,,,,,,,,,,,,,,,,,,,,,,,,3.25,,,,,,,,,,,,,,,,,,,,,,,,,,,,,,,,2.50
Back to School West Coast Style India Pale Ale,Fifty West Brewing Co.,IPA,American IPA,Ohio,7/24/2025,July,2025,Dave E.,145,Eric H.,3.25,,,,,,,,,,,,,,,3.25,,,,,,,,1.50,,,,,,,,,,,3.75,,4.00,,,,,,,3.50,,,,3.50,,,,,,3.75,,,,,,,,,,,,,,,,,,,,,,,,,,,,,,,,,,,,,,,,,,,,,,,,,,,4.00,,,,,2.00,,,,,,,,,,,,,,,,,
X Hero Juicy Rush IPA Hazy Imperial IPA,Revolution Brewing,IPA,Imperial IPA,Illinois,10/30/2025,October,2025,Ben S.,148,Eric H.,3.25,,,,,,,3.50,,,,,,,,3.25,,1.50,,,,,,,,,,,3.00,,,,,,3.75,,2.75,,,,,,,,,,,4.50,,,,,,,,,,,,,,,,,,,,,,,,,,,,,,,,,,,,,,,,,,,,,,,4.00,,,,,,,3.50,,,,,,,,,,,,,,,,,,,,,,,,,2.75
Breakfast Juice Mountain Haze I.P.A.,Gatlinburg Brewing Co.,IPA,New England/Hazy IPA,Tennessee,11/26/2025,November,2025,Lee M.,149,Ryan F.,3.25,,,,,,,,,,,,,,,,,,,,,,,,,,,,,,,,,,2.25,,3.00,,,,,,,,,,,3.50,,,,,,3.50,,,,,,,,,,,,,,,,,,,,,,,,2.50,,,,,,,,,,,,,,,,,,,,,,,,,,,4.25,,,,,,,3.75,,,,,,,,,,,,,,,
Not You Too West Coast Style DIPA,The Veil Brewing Co.,IPA,Double IPA,Virginia,3/27/2026,March,2026,Zach M.,153,Ryan F.,3.25,,,,,,,3.75,,,,,,,,3.00,,,,,,,,,,,,,,,,,,,,,,,,,,,,,,,,3.50,,,,,,3.50,,,,,,,,,,,,,,,,,,,,,,,,,,,,,,,3.00,,,4.25,,,,,,,2.75,,,,,,,3.25,,,3.25,,,,,,,,,,,,,,,,,,,,,,2.25
Pale Ale,Tributary Brewing Co.,Pale Ale,American Pale Ale,Ohio,6/13/2023,June,2023,Sara P.,120,Annie H.,3.23,,,,,,,,,3.75,,,,4.50,,3.25,,,,,,,,,,1.50,,,,,,,,,2.50,,,,,,,,,,,,,,,,,,,2.25,,,,,,,,,,,2.25,,,,,,,,,,,,,,,,,,,,3.50,,,,,,,,,,3.75,,5.00,,,,,,,,,,,,3.25,,,2.75,,,,,3.25,,,,,,,,,,3.75
Midday Snack Chocolate Peanut Butter Swirl Milkshake Stout ,Abomination Brewing,Stout,Sweet/Milk Stout,Connecticut,11/21/2023,November,2023,Scott T.,125,Sara P.,3.23,,,,,,,,,,,,4.25,,,3.50,,1.50,4.00,,,,,2.75,,,,,,,,,,,3.75,,,,,,,,,,,,,,,,,,,2.00,,,,,,2.75,,,,,2.75,,,,,,,,,,,,,,,,,,,,4.00,,,,,,,,,,3.50,,,,,,,,,,,,,,3.75,,,3.50,,,,,,,,,,,,,,,
"Operation Flintlock Stout with Coffee, Vanilla and Lactose",Listermann Brewing Co.,Stout,Coffee Stout,Ohio,11/21/2023,November,2023,Scott T.,125,Joe J.,3.23,,,,,,,,,,,,3.50,,,3.25,,2.50,3.50,,,,,3.00,,,,,,,,,,,3.75,,,,,,,,,,,,,,,,,,,3.75,,,,,,2.25,,,,,3.25,,,,,,,,,,,,,,,,,,,,3.50,,,,,,,,,,3.00,,,,,,,,,,,,,,3.75,,,3.00,,,,,,,,,,,,,,,
Kuronami Schwarzbier,Mellotone Beer Project,Schwarzbier,,Ohio,2/28/2026,February,2026,Ryan F.,152,Katie S.,3.23,,,,,,,,,,,,,,,,3.50,,,,,,,,,,,,,4.25,,,,,3.25,,2.00,,,,,,,,,,,2.75,,,,,,3.00,,,,,,,,,,,,,,3.00,,,,,,3.50,,,,,3.50,,,,,,3.50,,,,,,,,,,,,,,,,,,,,2.25,,,,3.50,,,4.00,,,,,,,,,,,,,,,
You Betcha! NE IPA,Sonder Brewing,IPA,New England/Hazy IPA,Ohio,8/21/2019,August,2019,Jeremy S.,76,Greg A.,3.23,4.00,,,,,,,,,,,,,,3.00,,,,,,,,,,,,,,,,,,,2.25,,,,,,,,,,,,,,,,,3.75,,4.00,,,,,,3.00,,,,,,,,,,,,3.00,,,,3.50,,2.50,,,,,,,,,,,,,,,,,3.00,,,,,,,,,,,,,,,,,3.00,,,,,,,,,,,,,,,3.75
Debonair Dry Irish Stout,Nine Giant Brewing,Stout,Irish Stout,Ohio,2/25/2025,February,2025,Silverton/Pleasant Ridge,140,Paul K.,3.23,,,,,,,,,,,,,,,3.00,4.00,3.25,,,,,,,,,,,,,,,,,3.50,,4.00,,,,,,,,,,,2.00,3.75,,,,,3.00,,,,,,,,,,,,,,,,,,,,,,,,,,,,,,,3.25,,,,,,,,,,3.75,,,,,,,,,,,,,,2.25,,,,,,,,,,,,,,,,,,3.00
Old Man Grumpy Pale Ale,Goose Island Beer Co.,Pale Ale,American Pale Ale,Illinois,7/5/2019,July,2019,Dave E.,75,Drew B.,3.23,4.00,,,,,,,,,,,,,,,2.50,,,,,,,2.50,,,,,,,,,,,1.50,,,,,,,,,4.00,,,,,,,,,,3.50,,,3.00,,,3.25,,,,,,,,,,,,,,,,,,,,,,,,,,,,,,,,,,,3.75,,,,,,,,,,,,,,,,,,,,3.25,,,,,,,,,,,,4.25
SeaQuench Ale Session Sour,Dogfish Head Craft Brewery,Sour,Session Sour,Delaware,5/24/2018,May,2018,Jason F.,61,Jeremy S.,3.23,2.50,,,,,,,,,,,,,,,,,,3.75,,,,,,,,,,,,,,,4.00,,,,,,,,,,,,,2.75,,,,,,3.25,,3.00,,,,3.50,,,,,,,,,,,,,,,,4.00,,2.50,,,,,,,,,,,,,,,,,,,,,,,,,,,,,,,,,,3.00,,,,,,,,,,,,,,,
Light Speed  Hazy IPA ,BrewDog,IPA,New England/Hazy IPA,UK,5/9/2023,May,2023,Jake W.,119,Erik W.,3.23,,,,,,,,,,,,,,,2.25,,,,,,,,,,,,,,,,,,,3.50,,,,,,,,,3.00,,,,,4.00,,,,,3.25,,,,,,2.75,,,,,,,,,,,,,,,,,,,,,,,,,3.50,,,,,,,,,,3.50,3.00,,,,,,,,,,,,,3.50,,,,,,,,,,,,,,,,,,
Spaten Oktoberfest Ur-Märzen,Spaten-Franziskaner-Bräu,Oktoberfest,Marzen,Germany,12/20/2024,December,2025,Paul W.,138,Bill K.,3.23,,,,,,,,,,,,,,,,,4.00,2.50,,,,,3.50,,,,,,,,,,,3.75,,3.00,,,,,,,,,3.50,,,,,,,,2.75,,,,,,,,,,,,,,,,,,,,,,,,,,,,,,,,2.50,,,,,,,,,,3.50,,,,,,,,,,,,,,,,3.25,,,,,,,,,,,,,,,
Flesh & Blood IPA,Dogfish Head Craft Brewery,IPA,American IPA,Delaware,12/2/2016,December,2017,Paul W.,44,Jake W.,3.22,,,,,,,,,,,,,,3.50,,3.75,,3.00,,,,,3.00,,,,,,,,,,,1.75,,,,,,,,,,,3.00,,4.00,,,,,,3.75,,2.25,,,,,,,,,,,,,,,,,,,,2.00,,2.75,,,,,,3.50,3.00,,,,,,,,,,,3.25,4.00,,,,,,,,,,3.25,,,,,4.50,,,,,,4.00,,,,,,3.00,,,
The Audacity of Hops,Cambridge Brewing Co.,IPA,Belgian IPA,Massachusetts,11/14/2013,November,2013,Trent D.,7,Mike M.,3.22,,,,,,,,,,,,,,,,,,,,,,,,,,,,,,,,,,2.50,,,,,3.00,,,,,,,,4.00,,,,,,3.00,,,,,,,,,,,,,,,,,,,,,,,,,,,,,,2.50,,,,,4.00,,,,,,,,,,,,,,,,,,3.00,,,,,3.50,,,,,,,,,,,,3.50,,,
Back In Black IPA,21st Amendment Brewery,IPA,Black IPA,California,7/1/2015,June,2015,Sam E.,26,Scott T.,3.22,,,,,,,,,,,,,,,,,,,,,,,,,,,,,,,,,,2.50,,,,,,,,,,,3.50,,3.00,,,,,,3.50,,,,,,,,,,,,,,,,,,,,,,,,,,,,,,2.50,,,,,,,,,,,,,4.50,,,,,,,,,,2.50,,,,,4.00,,,,,,,,,,,,3.00,,,
Psychopathy IPA,MadTree Brewing Co.,IPA,American IPA,Ohio,4/17/2018,April,2018,Jake W.,60,Tony W.,3.22,,,,,,,,,,,,,,,,,,,,,,,,,,,,,,,,,,2.25,,,,,,,,,,,,,,,,,,,3.50,,,4.00,,,3.00,,,,,,,,,,,,,,,,,,2.75,,,,,,,,,,,,,,,,,3.25,3.00,,,,,,,,,,,,,,,,,,,,,,3.25,,,,,4.00,,,,
Brewer's Reserve Bourbon Barrel Stout,Central Waters Brewing Co.,Stout,American Imperial Stout,Wisconsin,11/22/2019,November,2019,Lee M.,79,Eric A.,3.22,,,,,,,,,,,,,,,,,,,,,,,,,,,,,,,,,,2.75,,,,,,,,,,,4.00,,,,,,2.75,,3.75,,,,,,,,,,,,,,,,,,,,,,3.50,,3.25,,,,,,,,,,,,,,,,,,,,,,,,,,,,,,,,,,3.75,,,,,,,,,,,,,,2.50,2.75
Oktoberfest Lager,Country Boy Brewing,Oktoberfest,Marzen,Kentucky,8/27/2021,August,2021,Jeremy S.,98,Jason M.,3.22,,,,,,,,,,,,,,,3.00,,,,,,,,2.25,,,,,,,,,,,,,,,,,,,,,,,,,,,,3.50,,2.75,,,3.25,,,3.00,,,,,,,,,,,,4.00,,,,,,,,,,,,,,,,,,,,,,,3.50,,,,,,,,,,,,,,,,,,,,,,,,,,,,,,,,3.75
Hennepin Saison Ale,Brewery Ommegang,Saison,,New York,1/17/2014,January,2014,Phil H.,9,Charlie M. / Scott M. / Paul K.,3.22,,,,,,,,,,,,,,,,,,3.50,,,,,3.25,3.50,,,4.00,,,4.50,,3.50,,3.50,,,,,2.50,,,4.00,,,,,3.00,,,,,,2.50,,,1.00,2.00,,,,,,,,,,,,,,,,,,3.50,,,,2.00,,,,3.00,4.00,,,,,,,,,,4.50,,3.00,,,,,,,,,,2.50,,,,4.00,3.00,,,4.00,,,,,,,,,3.00,,,
Black Butte Porter,Deschutes Brewery,Porter,American Porter,Oregon,2/20/2014,February,2014,Dave E.,10,Matt S. / Tony H. / Retrial,3.22,4.00,,,,,,,,,,,,,,3.50,2.50,,3.50,,,,,4.00,3.50,,,,,,,,3.00,,3.50,,,,,,,,3.00,4.25,,2.50,2.50,3.00,,,,,3.50,3.50,,,3.25,,,3.50,,,,,,,,,,,,,,,,4.00,,,,,,3.50,,3.00,,,3.00,,,,,,3.25,,3.25,2.50,3.50,,,,,,,,,,3.00,,,,,3.00,,,,,1.00,3.50,,,,2.50,,3.50,,,4.00
After Rakin' Autumn Ale,Breckenridge Brewery,Brown,,Colorado,10/10/2013,October,2013,Matt S.,6,Dave E.,3.21,,,,,,,,,,,,,,,,,,2.00,,,,,,,,,,,,3.50,,,,4.00,,,,,,,,,,,,,,,,,,,3.50,,,,,,,,,,,,,,,,,,,,,,,,,,,,,,4.00,,,,,,,,,,,,,,,,,,,,,,,,,,,,2.00,,,,,,,,,,,,3.50,,,
Flipside Red IPA,Sierra Nevada Brewing Co.,IPA,Red IPA,California,10/10/2013,October,2013,Matt S.,6,Jake W.,3.21,,,,,,,,,,,,,,,,,,3.00,,,,,,,,,,,,4.00,,,,3.00,,,,,,,,,,,,,,,,,,,3.00,,,,,,,,,,,,,,,,,,,,,,,,,,,,,,4.50,,,,,,,,,,,,,,,,,,,,,,,,,,,,2.00,,,,,,,,,,,,3.00,,,
Newcastle Brown Ale,Tadcaster Brewery,Brown,,UK,3/14/2014,March,2014,Denis M.,11,David J. / Retrial,3.21,4.00,,,,,3.75,,,,,,,,,3.75,1.00,,,,,,,,,,,,,,,,,,4.00,,,5.00,,3.50,,,4.00,2.50,,3.50,,,,,,,,3.50,,,2.00,,,3.00,,,,,,,,,,,,,,,,,,,,,,3.00,,3.50,,,2.50,,,,,,3.00,,3.50,,,,,,,,,,,,,,,,,3.00,,,,,,,,,,3.00,,,,,2.50
Extra Special Bitter Ale,Alaskan Brewing Co.,ESB,,Alaska,5/13/2014,May,2014,Colin J.,13,Scott T.,3.21,,,,,,,,,,,,,,,,,,3.00,,,,,,,,,,,,4.50,,,,3.00,,,,,,,,2.50,,,,,2.50,,,,,,3.00,,,,,,,,,,,,,,,,,,,,,,,,,,2.50,,,,3.50,,,,,,,,,,3.50,,,,,,,,,,,,,3.00,,,,,3.50,,,4.00,,,,,,,3.00,,3.50,,,
Shiner Oktoberfest,Spoetzl Brewery,Oktoberfest,Marzen,Texas,9/26/2015,September,2015,Dave E. and Jake W.,29,Matt S.,3.21,,,,,,,,,,,,,,,,,,3.00,,,,,,,,,,,,,,,,3.00,,,,,,,,,,,,,3.00,,,,,,3.00,,,,,,,,,,,,,,,,,,,,,,,,,,,,,,4.00,,,,,,,,,,,,,,,,,,,,,,,3.00,,,,,,,,,,,,,,,,,3.50,,,
The Hum Low-Frequency Porter,Mystic Brewery,Porter,American Porter,Massachusetts,11/17/2016,November,2016,Trent D.,43,Lee M.,3.21,,,,,,,,,,,,,,,,,,,,,,,,,,,,,,,,,,,,,,,,,,,,,4.00,,3.00,,,,,,2.50,,,,,,,,,,,,,,,,,,,,,,,,4.50,,,,,,,,,,,,,,,,,,,,,,,,,,,,,3.00,,,,,2.00,,,,,,,,,,,,3.50,,,
Greenwood Porter,Southern Grist Brewing Co.,Porter,American Porter,Tennessee,1/18/2024,January,2024,Paul K.,127,Paul K.,3.21,,,,,,,,,,,,,,,3.75,,2.75,,,,,,,,,,,,,,,,,3.00,,,,,,,,,3.00,,,,,,,,,,,,,,,,,,,,,,,,,,,,,,,,,,,,,,,,,3.50,,,,,,,,,,3.50,,,,,,,,,,,,,,,,,,,,,,,,,,,,,,,,3.00
Jam Out Mixed Berry Sour Ale,Fifty West Brewing Co.,Sour,Fruited Sour,Ohio,6/19/2024,June,2024,Sara P. ,132,Scott T.,3.21,,,,,,,,,,,,,,,,,,,,,,,,,,,,,,,2.50,,,4.00,,,,,,,,,,,,,,,,,,,,,,,,,,,,,,3.50,,,,,1.50,,,,,,,,,,,,,,,4.00,,,,,,,,,,,,,,,,,,,,,,,,3.50,,,3.50,,,,,,,,,,,,,,,
Christmas Ale,Brouwerij St. Bernardus NV,Christmas,Belgian Christmas,Belgium,12/11/2020,December,2021,Paul W.,90,Charlie D. / Greg A. / Kevin W. / Paul K.,3.21,5.00,,,,,,,,,,,,,,4.25,3.50,,2.00,,,,,3.00,,,,,,,,,,,2.25,,,,,,,,,3.75,,3.25,,2.75,,,,3.75,,3.00,,,3.25,,,3.00,,,,,,,,,,,,,,,,4.00,,2.75,,,,,,,,,,,,,,,2.50,,4.50,3.00,,,,,,,,,,,,,,,,2.50,,,,,2.25,,,,,,,,,,
Eugene Porter,Revolution Brewing,Porter,Robust Porter,Illinois,2/20/2014,February,2014,Dave E.,10,Dave E.,3.21,,,,,,,,,,,,,,,,,,3.50,,,,,,,,,,,,,,,,3.50,,,,,,,,3.50,,,3.00,,3.00,,,,,3.00,3.00,,,,,,,,,,,,,,,,,,,,,,,,,,,,3.00,,3.00,,,,,,,,,,,,,,,,,,,,,,,3.50,,,,,3.50,,,,,,,,,,,,3.00,,,
Draught,Guinness Ltd.,Stout,Irish Stout,Ireland,2/26/2015,February,2015,Dave E.,22,Trent D.,3.21,,,,,,,,,,,,,,,,,,,,,,,,,,,,,,,,,,3.50,,,,,3.00,,,4.00,,,,,2.50,,,3.50,,,3.00,,,,,,,,,,,,,,,,,,,,,,,,,,3.00,,,,3.00,2.00,,,,,,,,,,,,,,,,,,,,,,3.50,,,,3.00,,,,,,,,,,,,,4.50,,,
When the Lights Go Out Coffee Porter,Sun King Brewing Co.,Porter,Coffee Porter,Indiana,3/22/2019,March,2019,Jason M.,71,Josh R.,3.21,2.00,,,,,,,,,3.25,,,,,,,,,,,,,,,,,,,,,,,,3.50,,,,,,,,,,,2.50,,,,,,,,3.00,,,3.00,,,3.50,,,,,,,,,,,,3.75,,,,4.00,,3.50,,,,,,,,,,,,,,,,,3.00,,,,,,,,,,,,,,,,,,,,,,,,,,,,,,,,3.50
Salvator Double Bock,Paulaner Brauerei München,Bock,Doppelbock,Germany,2/29/2020,February,2020,Tony H.,82,Ben W.,3.21,,,2.75,,,,,,,,,,,,3.25,3.50,,,,,,3.25,,,,,,,,,,,,,,,,,,,,,,,,,3.25,,,,3.25,,3.25,,,4.00,,,2.75,,,,,,,,,,,,,,,,,,,,,,,,,,,,,,,,,,,4.00,,,,,,,,,,,,,,,,,,,,,,,,,,,3.00,,,,2.25,
Keeneland Fall Ale Pale Ale,Country Boy Brewing,Pale Ale,American Pale Ale,Kentucky,9/12/2020,September,2020,Jason M.,87,OJ W.,3.21,,,,,,,,,,,,,,,,,,,,,,,3.50,,,,,,,,,,,2.50,,,,,,,,,,,,,3.00,,,,3.75,,,,,3.00,,,,,,,,,,,,,,,,,,,,,,,,,,,,,,,,,,,,3.50,,,,,,,,,,,,,,,,,,,,,,,,,,,,,,,,,,
Lustra,Dancing Gnome Brewery,Pale Ale,New England/Hazy Pale Ale,Pennsylvania,1/28/2022,January,2022,Standard Beer,103,Zach M.,3.21,,,,,,,,,,,,,,,,,,,,,,,,,,,,,,,,,,2.75,,,,,,,,,,,,,,,,,,,3.00,,,,,,3.00,,,,,,,,,,,,,,,,,,,,,,,,,,,,,,,,,,,3.75,,,,,,,,,,,,,,,,,,,,,,,,,,,,,3.25,,,3.50
Sonic Nurse New England IPA,Nine Giant Brewing,IPA,New England/Hazy IPA,Ohio,2/25/2025,February,2025,Silverton/Pleasant Ridge,140,David A.,3.21,,,,,,,,,,,,,,,3.50,3.50,3.25,,,,,,,,,,,,,,,,,3.00,,4.00,,,,,,,,,,,3.50,3.75,,,,,3.00,,,,,,,,,,,,,,,,,,,,,,,,,,,,,,,3.25,,,,,,,,,,3.25,,,,,,,,,,,,,,2.75,,,,,,,,,,,,,,,,,,1.75
Schwarzbier Dark Lager,Deschutes Brewery / Bell's Brewery,Schwarzbier,,Oregon,10/18/2018,October,2018,Phil H.,66,Paul K.,3.20,,,,,,,,,,,,,,,,3.00,,3.50,,,,,2.75,,,,,,,,,,,2.75,,,,,,,,,,,,,,,,,,,3.75,,,,,,,,,,,,,,4.50,,,,,,,,,,2.75,,,,,,,,,,,,,,,,,3.25,3.00,3.00,,,,,,,,,,,,,,,,,,,,,3.00,,,,,,,,,
Holiday White Ale,Boston Beer Co.,Wheat,Witbier,Massachusetts,11/23/2022,November,2022,Matt T.,113,Scott T.,3.20,,,,,,,,,,,,,,,,2.50,,3.50,,,,,,,,,,,,,,,,2.50,,,,,,,,,2.75,,,,,,,,,,2.50,,,,,,,,,,,3.25,,,,,,,,,,,,,,,,,,,,3.75,,,,,,,,,,,,,3.00,,,,,,,,,,,4.00,,,3.50,,,,,,,,,,,,,,,4.00
Wake the F*** Up Brown Ale,Bhramari Brewing,Brown,,North Carolina,11/23/2022,November,2022,Matt T.,113,Matt T.,3.20,,,,,,,,,,,,,,,,3.00,,3.00,,,,,,,,,,,,,,,,3.00,,,,,,,,,3.50,,,,,,,,,,2.75,,,,,,,,,,,3.50,,,,,,,,,,,,,,,,,,,,4.00,,,,,,,,,,,,,3.75,,,,,,,,,,,3.00,,,3.50,,,,,,,,,,,,,,,2.25
Double Dry Hop Pseudo Sue Pale Ale,Toppling Goliath Brewing Co.,Pale Ale,American Pale Ale,Iowa,8/29/2023,August,2023,Jeremy S.,122,Zach M.,3.20,,,,,,,,,,,,,,,3.00,,,,,,,,3.75,,,,,,,,,,,2.50,,,,,,,,,3.00,,,,,,,,,,4.00,,,,,,3.25,,,,,,,,,,,,3.00,,,,,,,,,,,,,3.00,,,,,,,,,,2.75,,,,,,,,,,,,,,2.75,,,,,,,,,,,,,,,,,,4.25
Maltings Irish Ale,Sullivan's Brewing Co.,Red,Irish Red,Ireland,8/29/2023,August,2023,Jeremy S.,122,Josh R.,3.20,,,,,,,,,,,,,,,3.25,,,,,,,,3.75,,,,,,,,,,,3.00,,,,,,,,,2.50,,,,,,,,,,3.00,,,,,,3.50,,,,,,,,,,,,3.50,,,,,,,,,,,,,4.00,,,,,,,,,,3.50,,,,,,,,,,,,,,1.75,,,,,,,,,,,,,,,,,,3.50
Voodoo Ranger Juice Force Hazy Imperial IPA,New Belgium Brewing Co.,IPA,New England/Hazy IPA,Colorado,8/29/2023,August,2023,Jeremy S.,122,Drew B.,3.20,,,,,,,,,,,,,,,2.75,,,,,,,,2.00,,,,,,,,,,,3.25,,,,,,,,,3.25,,,,,,,,,,3.75,,,,,,3.00,,,,,,,,,,,,3.00,,,,,,,,,,,,,4.00,,,,,,,,,,3.00,,,,,,,,,,,,,,4.00,,,,,,,,,,,,,,,,,,3.25
Kokua Hazy Pale Ale,Streetside Brewery,Pale Ale,New England/Hazy Pale Ale,Ohio,12/15/2023,December,2024,Paul W.,126,Ben S.,3.20,,,,,,,,,,,,,,,3.25,,2.75,,,,,,3.00,,,,,,,,,,,,,,,,,,,,,,,,,,,,,,3.25,,,,,,3.00,,,,,2.50,,,,,,,,,,,,5.00,,,,,,,,3.00,,,,,,,,,,,3.25,,,,,,,,,,,,,3.00,,,,,,,,,,,,,,,,,,3.25
Samuel Adams Boston Lager,Boston Beer Co.,Lager,Vienna Lager,Massachusetts,7/30/2014,July,2014,Dave E. and Jake W.,15,Tyler S. / Retrial,3.20,5.00,,,3.50,5.00,,,,,,,,,,2.75,3.50,,,,,,,1.00,3.00,,,,,,2.00,,2.50,,3.50,,,,,,,,,3.50,,3.50,,2.50,,,,,,3.00,,,3.50,,,3.75,,,,,,,3.50,,,,,,,,,2.50,,,,,,1.00,,3.50,,,3.75,,,,,,3.25,,3.25,3.00,,,,,,,,,,,4.00,,,,,3.50,,,,,,,,,,3.00,,3.50,4.00,,2.75
Hudepohl Pure Lager,Hudepohl-Schoenling Brewing Co.,Amber,,Ohio,3/30/2016,March,2016,Jake W.,35,Eric H.,3.20,,,,,,,,,,,,,,,,4.00,,,,,,,,,,,,,,,,,5.00,2.50,,,,,,,,,,,2.00,,3.00,,,,,,3.00,,,,,,,,,,,,,,,,,,,,,,,,,,,,,,3.50,,,,,,,,,,,,3.00,,,,,,,,,,,,,,,,,,,,,,2.50,,,,3.50,,,,,
PSA Proper Session Ale,MadTree Brewing Co.,Pale Ale,American Pale Ale,Ohio,7/27/2016,July,2016,Kevin W.,39,Trent D.,3.20,,,,,,,,,,,,,,,,,,3.50,,,,,,,,,,,,,,,,2.00,,,,,,,,,,,1.50,,3.00,,,,,,3.50,,,,,,,,,,,,,,,,,,,,,,3.50,,,,,,,,,,,,,,3.00,,,,,,3.00,5.00,,,,,,,,,,,,,,,,,,,,,,,,,,,4.00,,,
Grapefruit Moon IPA Shandy,Harmony Brewing Co.,IPA,American IPA,Michigan,6/16/2017,June,2017,Denis M.,50,Phil H.,3.20,,,2.25,,,,,,,,,,,,,,,3.50,,,,,,,,,,,,,,,,,,,,,2.75,,,,,,,,4.00,,,,,,3.50,,,,,,,,,,,,,,2.50,3.50,,,,,,,,,,,,,,,,,,,,,,,,,,,,4.25,,,,,,,,,,,,,,,,,,,,3.50,,2.25,,,,,,,,
Craft Lager,March First Brewing,Lager,American Adjunct Lager,Ohio,4/17/2018,April,2018,Jake W.,60,Steve S.,3.20,,,,,,,,,,,,,,,,,,,,,,,,,,,,,,,,,,3.25,,,,,,,,,,,,,,,,,,,2.75,,3.50,3.50,,,3.00,,,,,,,,,,,,,,,,,,3.00,,,,,,,,,,,,,,,,,2.75,3.00,,,,,,,,,,,,,,,,,,,,,,3.25,,,,,4.00,,,,
Pseudo Sue Pale Ale,Toppling Goliath Brewing Co.,Pale Ale,American Pale Ale,Iowa,12/10/2021,December,2022,Paul W.,102,Jake W.,3.20,,,,,,,,,,,,,,,3.25,,,4.00,,,,,3.00,,,,,,,,,,,,,,,,,,,,3.50,,,,,,,,,,3.50,,,,,,3.25,,,,,,,,,,,,,,,,,,,,,,,,,,,,,,,,,,,2.75,2.25,,,,,,,,,,,,,,,,4.00,,,,,,2.50,,,,,,,,,
Ides of Haze Hazy IPA,Wolf's Ridge Brewing,IPA,New England/Hazy IPA,Ohio,5/9/2023,May,2023,Jake W.,119,Sara P.,3.20,,,,,,,,,,,,,,,3.00,,,,,,,,,,,,,,,,,,,2.50,,,,,,,,,3.75,,,,,2.00,,,,,3.50,,,,,,3.00,,,,,,,,,,,,,,,,,,,,,,,,,3.75,,,,,,,,,,3.50,3.25,,,,,,,,,,,,,3.75,,,,,,,,,,,,,,,,,,
Icelandic White Ale ,Einstök Ölgerð,Wheat,Witbier,Iceland,10/30/2025,October,2025,Ben S.,148,Alex S.,3.20,,,,,,,3.50,,,,,,,,3.50,,3.00,,,,,,,,,,,3.00,,,,,,2.25,,3.00,,,,,,,,,,,3.00,,,,,,,,,,,,,,,,,,,,,,,,,,,,,,,,,,,,,,,,,,,,,,,3.75,,,,,,,3.00,,,,,,,,,,,,,,,,,,,,,,,,,4.00
Smoked Porter,South Ave Brewing Co.,Porter,Smoked Porter,Ohio,12/6/2019,December,2020,Paul W.,80,Ben W.,3.20,4.00,,,,,,,,,,,,,,,3.00,,3.50,,,,,3.00,,,3.00,,,,,,,,3.00,,,,,,,,,,,4.00,,3.25,,,,3.00,,3.00,,,3.00,,,3.00,,,,,,,,,,,,3.75,,,,,,2.75,,,,,,,,,,,,,,,,,3.00,3.50,,,,,,,,,,,,,,,,3.00,,,,,,3.50,,,,,,,,2.50,
Country Legends Porter,Jackie O's Brewery,Porter,American Porter,Ohio,5/17/2019,May,2019,Jake W.,73,Paul W.,3.20,3.50,,,,,,,,,3.50,,,,,,,,,,,,,,,,,,,,,,,,2.75,,,,,,,,,,,,,,,,,3.50,,3.50,,,,,,3.00,,,,,,,,,,,,,,,,3.00,,3.75,,,,,,,,,,,,,,,,,3.25,2.25,4.00,,,,,,,,,,,,,,,3.00,,,,,,3.25,,,,,,,,2.50,
Work From Home Brunch Coffee Stout,Seventh Son Brewing Co.,Stout,Coffee Stout,Ohio,9/25/2020,September,2020,Paul K. and Chalie D.,88,Dave E.,3.19,,,,,,,,,,,,,,,3.25,2.50,,,,,,,3.25,,,,,,,,,,,3.75,,,,,,,,,,,,,2.50,,,,,,,,,3.00,,,,3.75,,,,,,,,,,,,,,,,,,,,,,,,,,,,,,,,3.50,,3.25,,,,,,,,,,,,,,,,,,,,,,,,,,,,,,,,
Hobgoblin Dark English Ale,Wychwood,Brown,,UK,3/14/2014,March,2014,Denis M.,11,Eric A. / Joe S.,3.19,,,,,,,,,,,,,,,,,,3.00,,,,,,,,,,,,2.50,,,,3.00,,,4.00,,3.50,,,3.50,,,3.50,,2.50,,,,,,3.00,,,,,,,,,,2.50,4.00,4.00,,,,,,,,,,,,,,,,3.50,,3.00,,,,,,,,,,,,,3.50,,,,,,,,,,3.00,,,,,2.50,,,,,,,,,,,,3.00,,,
Moon Bear Milk Stout,Clown Shoes,Stout,Sweet/Milk Stout,Massachusetts,4/17/2018,April,2018,Jake W.,60,Jason F.,3.19,,,,,,,,,,,,,,,,,,,,,,,,,,,,,,,,,,3.50,,,,,,,,,,,,,,,,,,,3.50,,,2.50,,,3.00,,,,,,,,,,,,,,,,,,4.50,,,,,,,,,,,,,,,,,3.50,2.75,,,,,,,,,,,,,,,,,,,,,,3.50,,,,,2.00,,,,
Collaboration Lager,Jacob Leinenkugel Brewing Co. / Hofbrauhaus,Amber,,Wisconsin,11/18/2021,November,2021,Greg A.,101,Zach M.,3.19,2.00,,,,,,,,,,,,,,,,,,,,,,,,,,,,,,,,,3.00,,,,,,,,,3.25,,,,,,,,3.25,,2.75,,,,,,3.50,,,,,,,,,,,,,,,,,,,,,,,,,,,,,,,,,,,3.50,,,,,,,,,,,,,,,,,3.25,,,,,,,,,,,,,,,4.25
Grateful Dead Juicy Pale Ale,Dogfish Head Craft Brewery,Pale Ale,New England/Hazy Pale Ale,Delaware,7/24/2025,July,2025,Dave E.,145,David A.,3.19,,,,,,,,,,,,,,,3.75,,,,,,,,2.75,,,,,,,,,,,3.00,,2.75,,,,,,,2.75,,,,2.50,,,,,,3.75,,,,,,,,,,,,,,,,,,,,,,,,,,,,,,,,,,,,,,,,,,,,,,,,,,,3.50,,,,,4.00,,,,,,,,,,,,,,,,,
Bourbon-Barrel Aged Descendant Suffolk Dark Ale,Mystic Brewery,Stout,Irish Stout,Massachusetts,7/6/2018,July,2018,Dave E.,63,Kevin W.,3.19,4.00,,,,,,,,,,,,,,,,,,3.00,,,,,,,,,,,,,,,2.25,,,,,,,,,,,4.00,,3.25,,,,,,3.50,,,4.00,,,,,,,,,,,,,,,,,,,4.50,,,,,,,,3.00,,,,,,,,,,,2.75,,,,,,,,,,,,2.00,,,,,2.25,,3.00,,,,,,,,,,,,,
Finally Legal Bourbon Barrel Aged Stout,Weyerbacher Brewing Co.,Stout,American Imperial Stout,Pennsylvania,1/17/2019,January,2019,Paul K.,69,Eric A.,3.19,,,,,,,,,,,,,,,,,,,,,,,2.50,,,,,,,,,,,4.25,,,,,,4.00,,,,,4.25,,2.25,,,,2.00,,3.00,,,3.00,,,,,,,,,,,,,,,3.25,,,,,,4.00,,,,,,,,,,,,,,,,,2.75,2.00,,,,,,,,,,,,,,,,,,,,,,,,,,,,,,,4.25
Duvel Rustica,Brewery Ommegang,Strong,Belgian Strong,New York,1/17/2014,January,2014,Phil H.,9,Dan S.,3.19,,,,,,,,,,,,,,,,,,,,,,,,4.00,,,,,,,,4.00,,2.00,,,,,3.50,,,3.00,,,,,,,,,,,,,,,3.00,,,,,,,,,,,,,,,,,,,,,,,,,,,,,,,,,,,,,,,3.00,,,,,,,,,,,,,,,,,,3.00,,,,,,,,,,,,
Samuel Adams Oktoberfest,Boston Beer Co.,Oktoberfest,Marzen,Massachusetts,10/11/2014,October,2014,Phil H.,18,Trent D.,3.19,,,,,,,,,,,,,,,,,,3.50,,,,,,,,,,,,,,,,3.00,,,,,,,,,,,,,,,,,,,,,,,,,,,,,,,,,,,,,,,,,,,,,,,,,,,,,,2.50,,3.50,,,,,,2.50,,,,,,,,,,,,,,,4.00,,,,,3.00,,,,,,,3.50,,,
Graeter's Blueberry Pie Brown Ale,Braxton Brewing Co.,Brown,,Kentucky,10/12/2017,October,2017,Matt S.,54,Donny H.,3.19,,,,,,,,,,,,,,,,,,,,,,,,,,,,,,,,,,3.00,,,,,,,,3.00,,,2.50,,,,,,,,3.00,,,,,,3.50,,,,,,,,,,,,,,,,4.00,,,,,,,,3.00,,,,,,,,,,,3.50,,,,,,,,,,,,,,,,,,,,,,,,,,,,,,,,
Kappa Flounder Hazy India Pale Ale,Rhinegeist Brewing Co.,IPA,New England/Hazy IPA,Ohio,8/26/2022,August,2022,Jeremy S.,110,Ben S.,3.19,,,,,,,,,,,,,,,2.75,,,,,,,,,,,,,,,,,,,2.00,,,,,,,,,,,,,,,,,,,,,,3.50,,,2.50,,,,,,,,,,,,3.00,3.00,,,5.00,,,,,,,,,,,,,,,,,,,,,,,,,,,,,,,,,,,,,,,,,,,,,,,,,,,3.75
Regular Beer,DuClaw Brewing Co,Lager,American Light Lager,Maryland,8/26/2022,August,2022,Jeremy S.,110,Zach M.,3.19,,,,,,,,,,,,,,,3.25,,,,,,,,,,,,,,,,,,,2.25,,,,,,,,,,,,,,,,,,,,,,3.75,,,3.00,,,,,,,,,,,,3.00,3.00,,,3.00,,,,,,,,,,,,,,,,,,,,,,,,,,,,,,,,,,,,,,,,,,,,,,,,,,,4.25
Belgian Strong Blond,Brouwerij Duvel Moortgat NV,Strong,Belgian Strong,Belgium,4/29/2023,April,2023,Ben W.,118,Allen M.,3.19,,,,,,,,4.50,,,,,,,,2.50,,,,,,,,,,,,,,,,,,3.50,,,,,,,,,4.00,,,,,,,,,,2.75,,,,,,,,,,,,,,,,,,,,,,,,,,,,,,,,,3.25,,,,,,,2.50,,,,,,,,,,,,,,,,,,,,,,,,,,,,2.50,,,,,
Oubliette Imperial Stout ,Seventh Son Brewing Co.,Stout,American Imperial Stout,Ohio,9/26/2023,September,2023,Charlie D.,123,Scott T.,3.19,,,,,,,,,,,,,,,,,,,,,,,3.00,,,,,,,,,,,3.25,,,,,,,,,3.50,,,,,,,,,,3.50,,,,,,,,,,,,,,,,,,,,,,,1.00,,,,,,,,,,,,,,,,,,,,,,,,,,,,,,,,3.75,,,4.00,,,,,,,,,3.50,,,,,,
Gold Rush Double IPA,HighGrain Brewing Co.,IPA,Double IPA,Ohio,2/25/2025,February,2025,Silverton/Pleasant Ridge,140,Ben S.,3.19,,,,,,,,,,,,,,,3.25,4.25,4.00,,,,,,,,,,,,,,,,,2.75,,2.00,,,,,,,,,,,4.00,4.00,,,,,3.00,,,,,,,,,,,,,,,,,,,,,,,,,,,,,,,2.25,,,,,,,,,,3.50,,,,,,,,,,,,,,3.00,,,,,,,,,,,,,,,,,,2.25
Alpsi Dunkel Lager,HighGrain Brewing Co.,Dunkel,,Ohio,12/9/2022,December,2023,Paul W.,114,Paul W.,3.18,,,,,,,,,,,,,,,,,,3.00,,,,,2.75,,,,,,,,,,,3.00,,,,,,,,,2.75,,,,,,,,,,3.50,,,2.75,,,2.50,,,,,3.50,,,,,,,,,,,,,,,,,,,,3.25,,,,,,,,,,3.25,5.00,,,,,,,,,,,,,4.25,,,3.25,,,,2.50,,,,,,,,,,,2.50
Blind Tiger Tavern Style Pale Ale,Barley Island Brewing Co.,Pale Ale,American Pale Ale,Indiana,7/23/2013,July,2013,Bobby T.,3,Scott T.,3.18,,3.00,,,,,,,,,,,,,,,,2.50,,,,,,,,,,,,4.50,,,,,,,,,4.00,,,,,,,,3.00,,,,,,3.00,,,,,,,,,,,,,,,,,,,,,,,,,,,,,,,3.00,,,,,,,,,,,2.50,,,,,,,,,,,,,,,,3.50,,,3.50,,,,,,,2.50,,,,,
Nut Brown,Ale Smith Brewing Co.,Brown,,California,10/18/2018,October,2018,Phil H.,66,Steve S.,3.18,,,,,,,,,,,,,,,,2.50,,3.00,,,,,3.50,,,,,,,,,,,3.75,,,,,,,,,,,,,,,,,,,3.00,,,,,,,,,,,,,,4.25,,,,,,,,,,3.00,,,,,,,,,,,,,,,,,3.00,2.75,3.50,,,,,,,,,,,,,,,,,,,,,2.75,,,,,,,,,
Oatmeal Raisin Cookie Brown Ale,Cigar City Brewing,Brown,,Florida,7/5/2019,July,2019,Dave E.,75,Jake W.,3.18,3.50,,,,,,,,,,,,,,,3.50,,,,,,,3.25,,,,,,,,,,,4.25,,,,,,,,,2.75,,,,,,,,,,3.00,,,2.50,,,2.50,,,,,,,,,,,,,,,,,,,,,,,,,,,,,,,,,,,3.50,,,,,,,,,,,,,,,,,,,,3.00,,,,,,,,,,,,3.25
Gorch Fock German Style Helles Lager,3 Floyds Brewing Co.,Lager,Helles Lager,Indiana,9/27/2019,September,2019,Kevin W.,77,Dave E.,3.18,,,,,,,,,,,,,,,3.25,,,,,,,,,,,,,,,,,,,2.75,,,,,,,,,4.00,,,,2.00,,,,3.50,,2.50,,,,,,3.25,,,,,,,,,,,,4.00,,,,3.50,,,,,,,,,,,,,,,,,,,3.00,,,,,,,,,,,,,,,,,,,,,,,,,,,,,,,,3.25
Jungle Rajah Juicey India Pale Ale,The Brew Kettle Taproom & Smokehouse,IPA,New England/Hazy IPA,Ohio,8/29/2023,August,2023,Jeremy S.,122,Charlie D.,3.18,,,,,,,,,,,,,,,3.75,,,,,,,,4.00,,,,,,,,,,,2.75,,,,,,,,,3.00,,,,,,,,,,3.75,,,,,,3.25,,,,,,,,,,,,2.00,,,,,,,,,,,,,3.50,,,,,,,,,,2.75,,,,,,,,,,,,,,3.50,,,,,,,,,,,,,,,,,,2.75
Stiegl Goldbräu,Stieglbrauerei zu Salzburg GmbH,Lager,European Pale Lager,Austria,10/24/2023,October,2023,Higher Gravity,124,Ben S.,3.18,,,,,,,,,,,,,,,3.50,,2.75,,,,,,,,,,,,,,,,,3.00,,,,,,,,,3.00,,,,,,,,,,2.75,,,,,,4.00,,,,,,,,,,,,,,,,,,,,,,,,,3.50,,,,,,,,,,4.00,,,,,,,,,,,,,,2.25,3.00,,,,,,,3.25,,,,,,,,,,
Ermal's Dunkelweizen Ale,Warped Wing Brewing Co.,Wheat,Dunkelweizen,Ohio,12/15/2023,December,2024,Paul W.,126,Jeremy S.,3.18,,,,,,,,,,,,,,,2.75,,2.75,,,,,,3.75,,,,,,,,,,,,,,,,,,,,,,,,,,,,,,2.50,,,,,,3.25,,,,,3.50,,,,,,,,,,,,2.50,,,,,,,,3.50,,,,,,,,,,,2.75,,,,,,,,,,,,,4.25,,,,,,,,,,,,,,,,,,3.50
Citrus Rush Double IPA,HighGrain Brewing Co.,IPA,Double IPA,Ohio,2/28/2026,February,2026,Ryan F.,152,Ben W.,3.18,,,,,,,,,,,,,,,,4.50,,,,,,,,,,,,,3.75,,,,,2.50,,3.00,,,,,,,,,,,3.00,,,,,,3.00,,,,,,,,,,,,,,,,,,,,,,,,,4.00,,,,,,2.25,,,,,,,,,,,,,,,,,,,,3.00,,,,2.75,,,3.25,,,,,,,,,,,,,,,
Jolly Tar Oatmeal Raisin Rye,Warped Wing Brewing Co.,Rye,,Ohio,2/24/2017,February,2017,Ben W.,46,Jake W.,3.18,,,,,,,,,,,,,,,,3.50,,,,,,,,,,,,,,,,,,3.50,,,,,,,,,,,,,,,,,,,3.50,,,,,,,,,,,,,,,,,,,,,,3.00,,,,,,,,,,,2.75,,,,,,,,,,,,,,4.00,,,,,,,,,,,,,,,,,,,,,2.00,,,,,
No Hero Oatmeal Stout,Evil Twin Brewing,Stout,Oatmeal Stout,Denmark,3/22/2017,March,2017,Scott T.,47,Dave E.,3.18,,,,,,,,,,,,,,,,,,,,,,,,,,,,,,,,,,3.50,,,,,,,,,,,3.75,,2.00,,,,,,3.50,,,,,,,,,,,,,,,,,,,,,,3.00,,,,,,,,,,,,,,,,,,,,2.75,,,,,,,,,,,,,,,,3.75,,,,,,,,,,,,,,,
Home Sweet Home Brown Ale,Fifty West Brewing Co.,Brown,,Ohio,10/16/2020,October,2020,Dave E. and Jake W.,89,Dave E.,3.18,,,,,,,,,,,,,,,3.00,,,,,,,,,,,,,,,,,,,3.50,,,,,,,,,,,,,3.00,,,,,,2.75,,,,,,,,,,,,,,,,,,,,,,4.00,,,,,,,,,,,,,,,,,,,3.75,,,,,,,,,,,,,,,,,2.25,,,,,,,,,,,,,,,
Jackpot Joey Gamdeday Ale,Brink Brewing Co.,Blonde,,Ohio,6/19/2024,June,2024,Sara P. ,132,Joe J.,3.18,,,,,,,,,,,,,,,,,,,,,,,,,,,,,,,3.00,,,3.00,,,,,,,,,,,,,,,,,,,,,,,,,,,,,,3.25,,,,,4.00,,,,,,,,,,,,,,,3.50,,,,,,,,,,,,,,,,,,,,,,,,2.75,,,2.75,,,,,,,,,,,,,,,
Liberty Ale,Anchor Brewing Co.,IPA,American IPA,California,7/30/2014,July,2014,Dave E. and Jake W.,15,Eric A.,3.18,,,,,3.50,,,,,,,,,,,,,,,,,,,2.00,,,,,,3.50,,2.00,,4.00,,,,,,,,,,,3.50,,2.50,,,,,,2.50,,,,,,,,,,,,,3.00,,,,,,,,,,,,,,,4.00,,4.00,,,,,,,,,,,,2.50,,,,,,,,,,,3.50,,,,,3.50,,,,,,,,,,3.50,,3.00,3.50,,
Citra Ass Down Double India Pale Ale,Against the Grain Brewery & Smokehouse,IPA,Double IPA,Kentucky,12/2/2016,December,2017,Paul W.,44,Dave E.,3.18,,,,,,,,,,,,,,,,4.00,,2.25,,,,,,,,,,,,,,,,2.25,,,,,,,,,,,2.25,,4.00,,,,,,3.50,,,,,,,,,,,,,,,,,,,,,,4.00,,2.75,,2.50,,,,2.50,3.00,,,,,,,,,,,2.00,4.75,,,,,,,,,,3.00,,,,,4.00,,,,,,3.25,,,,,,4.00,,,
2XSMASH Double India Pale Ale,Southern Tier Brewing Co.,IPA,Double IPA,New York,1/26/2018,January,2018,Ben W.,57,Jake W.,3.18,,,,,,,,,,,,,,,,3.50,,,,,,,,,,,,,,2.50,,,,2.75,,,,,,,,,,,,,3.75,,,,,,3.50,,,,,,,,,,,,,,,,,,,,,,,,,,,,,,2.50,,,,,,,,,,,3.25,,3.25,,,,3.75,,,,,,3.00,,,,,,,,,,,,,,,,,,,,
Fox in the Stout Salted Chocolate Imperial Stout,Seventh Son Brewing Co.,Stout,American Imperial Stout,Ohio,11/21/2023,November,2023,Scott T.,125,Scott T.,3.17,,,,,,,,,,,,3.50,,,3.00,,2.50,3.75,,,,,2.00,,,,,,,,,,,3.75,,,,,,,,,,,,,,,,,,,2.75,,,,,,3.00,,,,,3.25,,,,,,,,,,,,,,,,,,,,4.00,,,,,,,,,,2.75,,,,,,,,,,,,,,3.50,,,3.50,,,,,,,,,,,,,,,
Sam '76,Boston Beer Co.,Lager,American Light Lager,Massachusetts,7/6/2018,July,2018,Dave E.,63,Aaron T.,3.17,4.00,,,,,,,,,,,,,,,,,,3.25,,,,,,,,,,,,,,,2.50,,,,,,,,,,,2.50,,3.00,,,,,,3.00,,,4.00,,,,,,,,,,,,,,,,,,,3.50,,,,,,,,3.50,,,,,,,,,,,3.25,,,,,,,,,,,,2.50,,,,,2.75,,3.50,,,,,,,,,,,,,
Grove American Pale Ale,Mellotone Beer Project,Pale Ale,American Pale Ale,Ohio,2/28/2026,February,2026,Ryan F.,152,Sara P.,3.17,,,,,,,,,,,,,,,,3.00,,,,,,,,,,,,,3.50,,,,,2.00,,3.25,,,,,,,,,,,2.75,,,,,,3.75,,,,,,,,,,,,,,3.25,,,,,,2.50,,,,,3.50,,,,,,2.50,,,,,,,,,,,,,,,,,,,,4.25,,,,3.25,,,3.75,,,,,,,,,,,,,,,
Tart Cherry W-n-B Coffee Oatmeal Imperial Stout,Terrapin Beer Co.,Stout,Oatmeal Stout,Georgia,12/7/2018,December,2019,Paul W.,68,Scott T.,3.17,,,,,,,,,,,,,,,,4.50,,3.50,,,,,4.00,,,,,,,,,,,3.00,,,,,,4.00,,,,,3.00,,2.25,,,,,,2.75,,,2.00,,,3.00,,,,,,,,,,,,,,,,3.50,,3.00,,,,,,,,,,,,,,,,,3.00,2.50,,,,,,,,,,,,,,,,4.00,,,,,,2.75,,,,,,,,,
Batch #16 Imperial Stout,Nowhere In Particular Brewing Co.,Stout,American Imperial Stout,Ohio,12/8/2017,December,2018,Paul W.,56,Eric A.,3.17,,,,,,,,,,,,,,,,4.00,,2.50,,,,,,,,,,,,,,,,2.75,,,,4.00,,,,,,,4.00,,2.50,,,,,,3.50,,,,,,,,,,,,,,,,,,,,,,2.00,,3.75,,,,,,3.50,,,3.25,,,,,,,,3.00,3.00,3.00,,,,3.50,,,,,,,,,,,3.50,,,,,2.50,3.00,,,,3.00,,,,,
Space Station: Middle Finger,3 Floyds Brewing Co.,Pale Ale,American Pale Ale,Indiana,11/19/2015,November,2015,Matt S.,31,Dave E.,3.17,,,,,,,,,,,,,,,,,,,,,,,,,,,,,,4.00,,,,3.00,,,,,,,,,,,3.00,,3.00,,,,,,2.50,,,,,,,,,,,,,,,,,,,,,,,,,,,,,,4.00,,,,,,,,,,,,,,,,,,,,,,,2.50,,,,,3.50,,,,,,,,,,,,3.00,,,
Out of Your Gourd Pumpkin Porter,Redhook Ale Brewery,Pumpkin,,New Hampshire,10/13/2016,October,2016,Sam E.,42,Trent D.,3.17,,,,,,,,,,,,,,,,,,,,,,,,,,,,,,,,,,3.00,,,,,,,,,,,,,3.00,,,,,,,,,,,,,,,,,,,,,,,,,,,,4.00,,,,,,,,2.50,,,,,,,,,,,,,,,,,,,,,,,3.00,,,,,,,,,,,,,,,,,3.50,,,
Bass Pale Ale,Bass Brewers Limited,Pale Ale,English Pale Ale,UK,1/19/2017,January,2017,Jake W.,45,Jake W.,3.17,,,,,,,,,,,,,,,,,,,,,,,,,,,,,,,,,,2.50,,,,,,,,,,,3.50,,3.75,,,,,,3.00,,,,,,,,,3.75,,,,,,,,3.00,,,,,2.50,,,,3.00,,,,,,,,,,,,,,3.50,,,,,,,,,,,,,,,,,,,,,,,,,,,,,,,,,
1ZENUFF Imperial IPA,Revolution Brewing,IPA,Imperial IPA,Illinois,5/3/2017,April,2017,Jake W.,48,Dave E.,3.17,,,,,,,,,,,,,,,,,,,,,,,,,,,,,,,,,,2.25,,,,,,,,3.75,,,3.75,,3.75,,,,,,3.75,,,,,,,,,,,,,,,,,,,,,,,,2.25,,,,,,,,,,,,,,,,,,2.50,4.00,,,,,,,,,,,,,,,,,,,,,2.50,,,,,,,,,
Fat Tire Belgian White,New Belgium Brewing Co.,Wheat,Witbier,Colorado,11/16/2017,November,2017,Scott T.,55,Bobby T.,3.17,,,,,,,,,,,,,,,,,,4.00,,,,,2.75,,,,,,,,,,,2.00,,,,,4.25,,,,,,3.00,,2.75,,,,,,3.00,,,,,,,,,,,,,,,,,,,,,,,,,,,,,,,,,,,,,,,,,3.75,,,,,,,,,,,,,,,,,3.00,,,,,,,,,,,,,,,
Trey Amber,Fretboard Brewing Co.,Amber,,Ohio,12/8/2017,December,2018,Paul W.,56,Dave E.,3.17,,,,,,,,,,,,,,,,4.00,,3.75,,,,,,,,,,,,,,,,3.00,,,,2.75,,,,,,,3.50,,3.00,,,,,,3.00,,,,,,,,,,,,,,,,,,,,,,4.00,,2.25,,,,,,,,,4.00,,,,,,,,3.00,2.75,3.00,,,,2.75,,,,,,,,,,,2.50,,,,,3.50,2.75,,,,3.50,,,,,
Voodoo Love Child Belgian Style Ale Aged on Fruit,Voodoo Brewery,Tripel,Belgian Tripel,Pennsylvania,4/12/2019,April,2019,Andrew P.,72,Wes B.,3.17,,,,,,,,,,4.00,,,,,,4.25,,,,,,,,,,,,,,,,,,2.00,,,,,,,,,,,,,,,,,,,3.00,,,3.50,,,,,,,,,,,,,,,,,,,2.50,,3.00,,,,,,,,,,,,,,,,,,,,,,,,,,,,,,,,,,,,,,,,,,,,,,,,4.00,2.25
Dragon's Milk White: Bourbon Barrel-Aged White Stout,New Holland Brewing Co.,Stout,American Stout,Michigan,11/22/2019,November,2019,Lee M.,79,Wes B.,3.17,,,,,,,,,,,,,,,,,,,,,,,,,,,,,,,,,,2.25,,,,,,,,,,,3.00,,,,,,3.50,,3.50,,,,,,,,,,,,,,,,,,,,,,4.00,,3.75,,,,,,,,,,,,,,,,,,,,,,,,,,,,,,,,,,2.50,,,,,,,,,,,,,,3.00,3.00
Super Duper Stout,Evil Twin Brewing,Stout,American Imperial Stout,Denmark,11/22/2019,November,2019,Lee M.,79,Scott T.,3.17,,,,,,,,,,,,,,,,,,,,,,,,,,,,,,,,,,3.25,,,,,,,,,,,3.00,,,,,,3.00,,3.00,,,,,,,,,,,,,,,,,,,,,,2.50,,3.25,,,,,,,,,,,,,,,,,,,,,,,,,,,,,,,,,,4.25,,,,,,,,,,,,,,2.75,3.50
Los Gatos Black Lager,Asheville Brewing Co.,Lager,Dark Lager,North Carolina,10/2/2021,October,2021,Jim B.,100,Greg A.,3.17,,,,,,,,,,,,,,,,,,,,,,,3.00,,,,,,,,,,,3.00,,,,,,,,,,,,,,,,,3.75,,3.00,,,,,,3.00,,,,,,,,,,,,,,,,,,,,,,,,,,,,,,,,,,,3.25,,,,,,,,,,,,,,,,,,,,,,,,,,,,,,,,
Crowd Control DIPA,BlackStone Brewing Co.,IPA,Double IPA,Tennessee,10/27/2022,October,2022,Juan B. / Zach M.,112,Paul K.,3.17,,,,,,,,,,,,,,,3.00,,,,,,,,,,,,,,,,,,,2.50,,,,,,,,,,,,,,,,,,,3.75,,,,,,,,,,,,,,,,,,,2.75,,,,,,,,,,,,,,,,,,,,,,3.25,,,,,,,,,,,,,,,,,,,,,,,,,,,,,,,,3.75
Crown and Crate Double IPA With Honey & Lactose,Trillium Brewing,IPA,Double IPA,Massachusetts,4/19/2024,April,2024,Joe J.,130,Paul K.,3.17,,,,,,,,,,,,,,,3.00,,3.75,,,,,,,,,,,,,,3.25,,,2.50,,,,,,,,,,,,,,,,,,,,,,,,,,,,,,3.00,,,,,,,,,,,,,,,,,,,,,,,,,,,,,,3.50,,,,,,,,,,,,,,,,,,,,,,,,,,,,,,,,
O.K. Beer Full Pale Ale,Browar Okocim,Lager,European Pale Lager,Poland,8/29/2024,August,2024,Jeremy S.,134,Jeremy S.,3.17,,,,,,,,,,,,,,,,,,,,,,,,,,,,,,,,,,,,,,,,,,,,,,,,,,,,,2.75,,,,,,3.00,,,,,,,,,,,,,,,,,,,,,,,,,,,,,,,,,,,,,,,,,,,,,,,,,,,,,,,,,,,,,,,,,,,3.75
"Luke, I Am Your Lager Schwarzbier",Grainworks Brewing Co.,Schwarzbier,,Ohio,2/25/2025,February,2025,Silverton/Pleasant Ridge,140,Matt T.,3.17,,,,,,,,,,,,,,,2.50,4.00,2.50,,,,,,,,,,,,,,,,,3.25,,2.50,,,,,,,,,,,3.00,4.00,,,,,2.75,,,,,,,,,,,,,,,,,,,,,,,,,,,,,,,4.00,,,,,,,,,,3.50,,,,,,,,,,,,,,3.50,,,,,,,,,,,,,,,,,,2.50
Virunga Mist Strong Beer,Skol,Lager,European Dark Lager,Rwanda,3/30/2025,March,2025,Zach M.,141,Paul K.,3.17,,,,,,,,,,,,,,,3.00,,,,,,,,,,,,,,,,,,,2.50,,,,,,,,,,,,,2.50,,,,,,3.25,,,,,,,,,,,,,,,,,,,,,,,,,,,,,,,,,,,,,,,,,4.00,,,,,,,,,,,,,,,,,,,,,,,,,,,,,,,,3.75
Third Eye P.A. West Coast IPA,Third Eye Brewing Co.,IPA,American IPA,Ohio,3/30/2025,March,2025,Zach M.,141,Eric H.,3.17,,,,,,,,,,,,,,,3.00,,,,,,,,,,,,,,,,,,,2.75,,,,,,,,,,,,,3.50,,,,,,3.50,,,,,,,,,,,,,,,,,,,,,,,,,,,,,,,,,,,,,,,,,3.00,,,,,,,,,,,,,,,,,,,,,,,,,,,,,,,,3.25
Head Tide Rye Ale,Fogtown Brewing Co.,Rye,,Maine,5/17/2019,May,2019,Jake W.,73,Phil H.,3.16,4.00,,,,,,,,,2.75,,,,,,,,,,,,,,,,,,,,,,,,3.25,,,,,,,,,,,,,,,,,4.00,,2.75,,,,,,3.00,,,,,,,,,,,,,,,,2.50,,3.00,,,,,,,,,,,,,,,,,3.00,3.25,4.00,,,,,,,,,,,,,,,3.25,,,,,,3.00,,,,,,,,2.50,
Glitter Freeze,Streetside Brewery,Sour,Berliner Weisse,Ohio,5/24/2018,May,2018,Jason F.,61,Kevin W.,3.16,3.50,,,,,,,,,,,,,,,,,,3.25,,,,,,,,,,,,,,,2.00,,,,,,,,,,,,,1.75,,,,,,3.25,,4.00,3.00,,,2.75,,,,,,,,,,,,,,,,4.00,,3.50,,,,,,,,,,,,,,,,,,,,,,,,,,,,,,,,,,3.75,,,,,,,,,,,,,,,
Cheeky Bastard Stout,Nickel Brook Brewing Co.,Stout,American Stout,Canada,9/27/2019,September,2019,Kevin W.,77,Paul K.,3.16,,,,,,,,,,,,,,,3.00,,,,,,,,,,,,,,,,,,,3.50,,,,,,,,,2.50,,,,2.25,,,,4.00,,3.50,,,,,,2.75,,,,,,,,,,,,4.00,,,,4.00,,,,,,,,,,,,,,,,,,,3.00,,,,,,,,,,,,,,,,,,,,,,,,,,,,,,,,2.25
Pterodactyl Hefeweizen,Little Miami Brewing Co.,Wheat,Hefeweizen,Ohio,6/12/2020,June,2020,Charlie D.,84,Bobby T.,3.16,4.00,,,,,,,,,,3.50,,,,,3.00,,4.00,,,,,3.50,,,,,,,,,,,2.25,,,,,,,,,,,,,2.25,,,,,,2.50,,,3.00,,,3.00,,,,,,,,,,,,,,,,,,,,,,,,,,,,,,,,,,,3.75,,,,,,,,,,,,,,,,,,,,,,,,,,,,,,,,
Bourbon Barrel Aged Kringle Belgian Quad,Braxton Brewing Co.,Quad,Belgian Quad,Kentucky,11/23/2022,November,2022,Matt T.,113,Ben W.,3.16,,,,,,,,,,,,,,,,4.00,,2.75,,,,,,,,,,,,,,,,3.00,,,,,,,,,3.75,,,,,,,,,,3.00,,,,,,,,,,,2.00,,,,,,,,,,,,,,,,,,,,4.50,,,,,,,,,,,,,3.25,,,,,,,,,,,3.25,,,1.50,,,,,,,,,,,,,,,3.75
Kentucky Vanilla Barrel Cream Ale,Alltech's Lexington Brewing Co.,Cream Ale,,Kentucky,6/27/2018,June,2018,Scott T.,62,Eric A. / Tony H.,3.16,2.00,,,,,,,,,,,,,,,3.00,,,,,,,3.25,,,,,,,,,,,3.00,,,,,,3.25,,,3.50,,3.75,,3.25,,,,,,3.00,,,3.00,,,3.50,,,,,3.50,,,,,,,3.25,,,,3.50,,,,,,,,,,,,,,,,,,,3.00,,,,,,,,,,,,,,,,,2.75,,,,,,,,,,,,,,,
Curmudgeon's Better Half,Founders Brewing Co.,Old,,Michigan,12/7/2018,December,2019,Paul W.,68,Paul W.,3.16,,,,,,,,,,,,,,,,3.50,,2.00,,,,,3.75,,,,,,,,,,,3.25,,,,,,3.00,,,,,4.25,,1.75,,,,,,3.25,,,3.00,,,3.75,,,,,,,,,,,,,,,,3.50,,4.00,,,,,,,,,,,,,,,,,2.75,3.00,,,,,,,,,,,,,,,,2.25,,,,,,3.50,,,,,,,,,
Crushing Mass Barrel Aged Coffee Stout,3 Floyds Brewing Co.,Stout,Coffee Stout,Indiana,8/26/2022,August,2022,Jeremy S.,110,Josh R.,3.16,,,,,,,,,,,,,,,3.00,,,,,,,,,,,,,,,,,,,3.50,,,,,,,,,,,,,,,,,,,,,,3.25,,,2.75,,,,,,,,,,,,4.00,3.25,,,2.50,,,,,,,,,,,,,,,,,,,,,,,,,,,,,,,,,,,,,,,,,,,,,,,,,,,3.00
Deathly Mallows Toasted Marshmallow Milk Stout,Royal Docks Brewing Co.,Stout,Sweet/Milk Stout,Ohio,8/26/2022,August,2022,Jeremy S.,110,Dave E.,3.16,,,,,,,,,,,,,,,3.25,,,,,,,,,,,,,,,,,,,3.25,,,,,,,,,,,,,,,,,,,,,,3.75,,,3.00,,,,,,,,,,,,3.25,3.50,,,3.00,,,,,,,,,,,,,,,,,,,,,,,,,,,,,,,,,,,,,,,,,,,,,,,,,,,2.25
Barrel Aged Double Dipped Banana Split Milk Stout,Saugatuck Brewing Co.,Stout,Sweet/Milk Stout,Michigan,1/30/2023,January,2023,Scott T.,115,Cory P.,3.16,,,,,,,,,,,,,,,,,,,,,,,,,,,,,,,2.25,,,2.75,,,,,,,,,3.25,,,,,,,,,,3.50,,,,,,,,,,,2.50,,,,,,,,,,,,,,,,,,,,4.00,,,,,,,,,,,,,,,,,,,,,,,,4.25,,,2.75,,,,,,,,,,,,,,,
$60 Nachos Double India Pale Ale,Hoof Hearted Brewing,IPA,Imperial IPA,Ohio,12/12/2025,December,2026,Scott T.,150,David A.,3.16,,,,,,,,,,,,,,,3.25,,,,,,,,,,,,,,,,,,,1.75,,3.00,,,,,,,,,,,,,,,,,3.50,,,,,,,,,,,,,,,,,,,,,,,,,,,,,,,,,,,,,,,,,2.75,,,,,,,3.25,,,4.25,,,,,,,3.50,,,,,,,,,,,,,,,
Blue Moon Belgian White,Blue Moon Brewing Co.,Wheat,Witbier,Colorado,8/12/2013,August,2013,Scott T.,4,Denis M.,3.15,,3.00,,,,,,,,,,,,,,,,3.00,,,,,,,,,,,,,,,,2.00,,,,,4.50,,,,,,,,,,,,,,2.50,,,,,,,,,,,3.50,,,,,,,,,,,,,,,,,,,,4.00,,,,,,,,,,,2.50,4.50,,,,,,,,,,,,,,,2.00,,,,,,,,,,,,,,,
In Heat Wheat,Flying Dog Brewery,Wheat,Hefeweizen,Maryland,8/12/2013,August,2013,Scott T.,4,Dave E.,3.15,,4.00,,,,,,,,,,,,,,,,3.50,,,,,,,,,,,,,,,,2.50,,,,,3.00,,,,,,,,,,,,,,2.50,,,,,,,,,,,3.50,,,,,,,,,,,,,,,,,,,,3.50,,,,,,,,,,,2.50,3.00,,,,,,,,,,,,,,,3.50,,,,,,,,,,,,,,,
Weißbier,Erdinger Weißbräu,Wheat,Hefeweizen,Germany,8/12/2013,August,2013,Scott T.,4,Joe J.,3.15,,3.50,,,,,,,,,,,,,,,,3.00,,,,,,,,,,,,,,,,2.00,,,,,4.50,,,,,,,,,,,,,,2.50,,,,,,,,,,,2.50,,,,,,,,,,,,,,,,,,,,4.00,,,,,,,,,,,3.00,4.50,,,,,,,,,,,,,,,2.00,,,,,,,,,,,,,,,
Salted Carm-Ale,Rivertown Brewing Co.,Porter,English Porter,Ohio,1/26/2018,January,2018,Ben W.,57,Matt S. / Colin J.,3.15,,,,,,,,,,,,,,,,4.00,,,,,,,,,,,,,,3.00,,,,3.00,,,,,,,,,,,,,2.50,,,,,,3.50,,,,,,,,,,,,,,,,,,,,,,,,,,,,,,3.50,,,,,,,,,,,3.50,,2.00,,,,3.25,,,,,,3.25,,,,,,,,,,,,,,,,,,,,
Aged Scotsman,Wooden Cask Brewing Co.,Scotch,,Kentucky,10/11/2019,October,2019,Charlie D.,78,Eric A.,3.15,,,,,,,,,,,,,,,,,,2.50,,,,,3.50,,,3.00,,,,3.00,,,,2.00,,,,,,,,,,,4.25,,2.25,,,,,,3.25,,,,,,,,,,,,,,,,,,,,,,,,4.00,,,,,3.75,,,,,,,,,,,,,,,,,,,,,,,,,,,,,,,,,,,,,,,,,,,,
RadioVision Hazy India Pale Ale,Warped Wing Brewing Co.,IPA,New England/Hazy IPA,Ohio,9/30/2022,September,2022,Charlie D.,111,Jake W.,3.15,,,,,,,,,,,,,,,3.50,,,3.25,,,,,2.50,,,,,,,,,,,,,,,,,,,,,,,,,,,,,,3.50,,,3.25,,,,,,,,2.00,,,,,,,,,,,,,,,,,,,,3.50,,,,,,,,,,,,,,,,,,,,,,,,4.00,,,3.00,,,,,,,,,3.00,,,,,,
Thunder Snow Spiced Scottish Ale,MadTree Brewing Co.,Scottish,,Ohio,12/9/2022,December,2023,Paul W.,114,Matt T.,3.15,,,,,,,,,,,,,,,,,,1.75,,,,,1.25,,,,,,,,,,,3.25,,,,,,,,,2.75,,,,,,,,,,3.25,,,3.00,,,2.50,,,,,3.50,,,,,,,,,,,,,,,,,,,,5.00,,,,,,,,,,3.00,2.75,,,,,,,,,,,,,5.00,,,3.75,,,,3.50,,,,,,,,,,,3.00
The Dan Munich Dunkel,Nocterra Brewing Co.,Dunkel,,Ohio,9/26/2025,September,2025,Charlie D.,147,Renee W.,3.15,,,,,,,,,,,,,,,,,,3.00,,,,,2.75,,,,,,,,,,,3.00,,2.75,,,,,,,,,,,2.00,,,,,,3.25,,,,,,3.25,,,,,2.50,,,,,,,,,,,,3.00,,,,,,,,3.50,,,,,,,,,,3.25,,,,,4.00,,3.75,,,,,,,3.75,,,3.50,,,,,,,,,,,,,,,
Hog Heaven Imperial Red IPA,Avery Brewing Co.,IPA,Red IPA,Colorado,7/3/2017,July,2017,Dave E.,51,Jake W.,3.15,4.00,,,,,,,,,,,,,,,2.50,,,,,,,,,,,,,,,,,,2.75,,,,,,,,,,,,,2.50,,,,,,3.00,,,,,,4.00,,,,,,,,,,,,,,,,,,,,,,,,2.50,,,3.50,,,,,,,,3.00,,4.00,,,,,,,,,,,,,,,3.00,,,,,,,,,,,,3.00,,,
G.I.L. German Style Lager,West Side Brewing Co.,Lager,Helles Lager,Ohio,3/22/2019,March,2019,Jason M.,71,Jason M.,3.15,3.00,,,,,,,,,2.75,,,,,,,,,,,,,,,,,,,,,,,,3.00,,,,,,,,,,,2.50,,,,,,,,3.25,,,4.00,,,2.75,,,,,,,,,,,,3.00,,,,3.50,,3.00,,,,,,,,,,,,,,,,,3.25,,,,,,,,,,,,,,,,,,,,,,,,,,,,,,,,3.75
Alpha Klaus Christmas Porter,3 Floyds Brewing Co.,Porter,American Porter,Indiana,12/6/2019,December,2020,Paul W.,80,Eric A.,3.14,4.50,,,,,,,,,,,,,,,2.50,,3.00,,,,,2.75,,,2.75,,,,,,,,3.25,,,,,,,,,,,3.75,,3.50,,,,3.50,,3.50,,,3.00,,,3.00,,,,,,,,,,,,3.50,,,,,,3.00,,,,,,,,,,,,,,,,,2.75,3.00,,,,,,,,,,,,,,,,3.50,,,,,,3.00,,,,,,,,2.00,
Helles Lager,Rivertown Brewing Co.,Lager,Helles Lager,Ohio,6/25/2013,June,2013,Colin J.,2,Scott T.,3.14,,,,,,,,,,,,,,,,,,,,,,,,,,,,,,3.50,,,,3.00,,,,,,,,,,,,,3.50,,,,,,2.00,,,,,,,,,,,,,,,,,,,,,,,,,,,,,,,2.50,,,,,,,,,,,4.00,,,,,,,,,,,,,,,,3.50,,,,,,,,,,,,,,,
Bay of Bengal Double IPA,Christian Moerlein Brewing Co.,IPA,Double IPA,Ohio,9/26/2015,September,2015,Dave E. and Jake W.,29,Eric H.,3.14,,,,,,,,,,,,,,,,,,3.00,,,,,,,,,,,,,,,,1.50,,,,,,,,,,,,,4.00,,,,,,4.00,,,,,,,,,,,,,,,,,,,,,,,,,,,,,,3.00,,,,,,,,,,,,,,,,,,,,,,,3.00,,,,,,,,,,,,,,,,,3.50,,,
Belgian White,Shock Top Brewing Co.,Wheat,Witbier,Missouri,9/26/2015,September,2015,Dave E. and Jake W.,29,Bobby T.,3.14,,,,,,,,,,,,,,,,,,4.00,,,,,,,,,,,,,,,,2.50,,,,,,,,,,,,,2.50,,,,,,2.50,,,,,,,,,,,,,,,,,,,,,,,,,,,,,,4.00,,,,,,,,,,,,,,,,,,,,,,,3.50,,,,,,,,,,,,,,,,,3.00,,,
Maximus IPA,Lagunitas Brewing Co.,IPA,Imperial IPA,California,6/6/2016,June,2016,Eric A.,38,Eric H.,3.14,,,,,,,,,,,,,,,,,,,,,,,,,,,,,,,,,,2.00,,,,,,,,,,,1.50,,4.00,,,,,,4.50,,,,,,,,,,,,,,,,,,,,,,3.50,,,,,,,,3.00,,,,,,,,,,,,,,,,,,,,,,,,,,,,3.50,,,,,,,,,,,,,,,
Beer For Breakfast Stout,Dogfish Head Craft Brewery,Stout,Coffee Stout,Delaware,11/17/2016,November,2016,Trent D.,43,Scott T.,3.14,,,,,,,,,,,,,,,,,,,,,,,,,,,,,,,,,,,,,,,,,,,,,3.50,,2.50,,,,,,2.00,,,,,,,,,,,,,,,,,,,,,,,,4.00,,,,,,,,,,,,,,,,,,,,,,,,,,,,,4.00,,,,,2.50,,,,,,,,,,,,3.50,,,
Double Edge Sword Double IPA,Paladin Brewing,IPA,Double IPA,Ohio,9/26/2017,September,2017,Lee M.,53,Eric H.,3.14,,,,,,,,,,,,,,,,,,,,,,,,,,,,,,,,,,2.50,,,,,,,,,,,3.50,,4.25,,,,,,3.25,,,,,,,,,,,,,,,,,,,,,,,,2.75,,,,,,,,,,,,,,,,,2.75,,,,,,,,,,,,,,,,,3.00,,,,,,,,,,,,,,,
Zombie Ice Double Pale Ale,3 Floyds Brewing Co.,IPA,Double IPA,Indiana,3/23/2023,March,2023,Zach M.,117,Jake W.,3.14,,,,,,,,,,,,,,,,,,,,,,,,,,,,,,,,,,3.00,,,,,,,,,3.00,,,,,,,,,,3.50,,,,,,,,,,,,,,,,,,,2.50,,,,,,,,,,,,3.50,,,,,,,,,,3.25,,,,,,,,,,,,,,,,,,,,,,,,,,,,,,,,3.25
Gamma Bomb IPA,Warped Wing Brewing Co.,IPA,American IPA,Ohio,12/7/2018,December,2019,Paul W.,68,Bobby T.,3.14,,,,,,,,,,,,,,,,3.50,,3.00,,,,,3.25,,,,,,,,,,,2.75,,,,,,3.00,,,,,2.00,,4.00,,,,,,3.75,,,4.00,,,3.25,,,,,,,,,,,,,,,,3.50,,2.25,,,,,,,,,,,,,,,,,3.25,2.50,,,,,,,,,,,,,,,,3.50,,,,,,2.75,,,,,,,,,
Double Dramanatrix Russian Imperial Stout,Saugatuck Brewing Co.,Stout,Russian Imperial Stout,Michigan,9/25/2020,September,2020,Paul K. and Chalie D.,88,Paul W.,3.14,,,,,,,,,,,,,,,4.00,3.00,,,,,,,3.50,,,,,,,,,,,3.50,,,,,,,,,,,,,3.00,,,,,,,,,2.00,,,,4.25,,,,,,,,,,,,,,,,,,,,,,,,,,,,,,,,1.50,,3.50,,,,,,,,,,,,,,,,,,,,,,,,,,,,,,,,
Hazecraft IPA,Great Lakes Brewing Co.,IPA,New England/Hazy IPA,Ohio,9/25/2020,September,2020,Paul K. and Chalie D.,88,Ben S.,3.14,,,,,,,,,,,,,,,3.50,3.00,,,,,,,3.50,,,,,,,,,,,2.00,,,,,,,,,,,,,3.25,,,,,,,,,3.00,,,,3.00,,,,,,,,,,,,,,,,,,,,,,,,,,,,,,,,3.50,,3.50,,,,,,,,,,,,,,,,,,,,,,,,,,,,,,,,
Calla IPA,Yazoo Brewing Co.,IPA,New England/Hazy IPA,Tennessee,5/26/2022,May,2022,Paul K.,107,Drew B.,3.14,,,,,,,,,,,,,,,3.25,,,,,,,,,,,,,,,,,,,2.50,,,,,,,,,3.25,,,,,,,,,,3.50,,,,,,3.00,,,,,,,,,,,,,,,,,,,,,,,,,,,,,,,,,,,2.75,,,,,,,,,,,3.00,,,,,,3.25,,,,,,,,,,,,,,,3.75
What's His Nuts Peanut Butter Coffee Stout ,Saucy Brew Works,Stout,Coffee Stout,Ohio,1/31/2025,January,2025,Scott T.,139,Matt T.,3.14,,,,,,,,,,,,,,,,,,4.50,,,,,,,,,,,,,,,,3.00,,0.25,,,,,,,2.75,,,,,,,,,,3.00,,,,,,,,,,,,,,,,,,,,,,,,,,,4.00,,,,4.00,,,,,,,,,,,,,,,,,,,,,,,,3.25,,,3.50,,,,,,,,,,,,,,,
Blue Moon Agave Nectar Ale,Blue Moon Brewing Co.,Wheat,American Pale Wheat,Colorado,7/23/2013,July,2013,Bobby T.,3,Denis M.,3.14,,3.00,,,,,,,,,,,,,,,,3.00,,,,,,,,,,,,4.00,,,,,,,,,4.50,,,,,,,,2.50,,,,,,2.50,,,,,,,,,,,,,,,,,,,,,,,,,,,,,,,2.50,,,,,,,,,,,3.00,,,,,,,,,,,,,,,,2.50,,,3.50,,,,,,,3.50,,,,,
Oktoberfest,Sierra Nevada Brewing Co.,Oktoberfest,Marzen,California,9/28/2018,September,2018,Aaron T. and Jeremy S.,65,Aaron T.,3.14,3.50,,,,,,,,,,,,,,,,,,,,,,,,,,,,,,,,,2.25,,,,,,,,,,,2.50,,,,,,,,3.25,,3.50,4.00,,,3.50,,,,,,,,,,,,4.50,,,,2.50,,2.50,,,,,,,,,,,,,,,,,,,,,,,,,,,,,,,,,,,,2.50,,,,,,,,,,,,,
Exposure 004 Carbon Neutral India Pale Ale,HighGrain Brewing Co.,IPA,American IPA,Ohio,6/12/2020,June,2020,Charlie D.,84,Paul K.,3.14,3.00,,,,,,,,,,3.25,,,,,3.50,,3.00,,,,,2.50,,,,,,,,,,,2.75,,,,,,,,,,,,,3.75,,,,,,3.00,,,3.50,,,3.00,,,,,,,,,,,,,,,,,,,,,,,,,,,,,,,,,,,3.25,,,,,,,,,,,,,,,,,,,,,,,,,,,,,,,,
Revision IPA,Revision Brewing Co.,IPA,American IPA,Nevada,6/12/2020,June,2020,Charlie D.,84,Charlie D.,3.14,3.00,,,,,,,,,,3.00,,,,,4.00,,3.50,,,,,4.00,,,,,,,,,,,2.00,,,,,,,,,,,,,2.50,,,,,,4.00,,,2.50,,,3.00,,,,,,,,,,,,,,,,,,,,,,,,,,,,,,,,,,,3.00,,,,,,,,,,,,,,,,,,,,,,,,,,,,,,,,
Reaper Double IPA,RaR Brewing,IPA,Double IPA,Maryland,11/23/2022,November,2022,Matt T.,113,Zach M.,3.14,,,,,,,,,,,,,,,,2.00,,3.50,,,,,,,,,,,,,,,,2.25,,,,,,,,,3.00,,,,,,,,,,2.00,,,,,,,,,,,3.00,,,,,,,,,,,,,,,,,,,,4.00,,,,,,,,,,,,,3.75,,,,,,,,,,,4.25,,,3.75,,,,,,,,,,,,,,,3.00
Cookie Exchange Milk Stout,Great Lakes Brewing Co.,Stout,Sweet/Milk Stout,Ohio,12/15/2023,December,2024,Paul W.,126,Charlie D.,3.14,,,,,,,,,,,,,,,3.00,,2.25,,,,,,3.50,,,,,,,,,,,,,,,,,,,,,,,,,,,,,,2.75,,,,,,2.75,,,,,3.25,,,,,,,,,,,,3.00,,,,,,,,4.00,,,,,,,,,,,3.00,,,,,,,,,,,,,4.25,,,,,,,,,,,,,,,,,,2.75
Yorkshire Stingo,Samuel Smith Old Brewery,Strong,English,UK,3/14/2014,March,2014,Denis M.,11,Matt A.,3.13,,,,,,,,,,,,,,,,,,,,,,,,,,,,,,,,,,3.00,,,2.50,,1.50,,,3.50,,,4.00,,,,,,,,,,,,,,,,,,,,,,,,,,,,,,,,,,,,4.00,,2.50,,,,,,,,,,,,,,,,,,,,,,,,,,,,4.00,,,,,,,,,,,,,,,
Censored,Lagunitas Brewing Co.,Red,,California,2/26/2015,February,2015,Dave E.,22,Eric H.,3.13,,,,,,,,,,,,,,,,,,,,,,,,,,,,,,,,,,3.00,,,,,4.00,,,4.00,,,,,3.50,,,3.50,,,2.50,,,,,,,,,,,,,,,,,,,,,,,,,,3.00,,,,3.00,2.50,,,,,,,,,,,,,,,,,,,,,,3.50,,,,2.50,,,,,,,,,,,,,2.50,,,
Barney Flats Oatmeal Stout,Anderson Valley Brewing Co.,Stout,Oatmeal Stout,California,2/25/2016,February,2016,Dave E.,34,Phil H.,3.13,,,,,,,,,,,,,,,,3.00,,,,,,,,,,,,,,,,,,3.00,,,,,,,,,,,2.50,,2.00,,,,,,3.00,,,,,,,,,,,,,,,,,,,,,,,,,,,,,,,,,,,,,,,,,,3.50,4.50,,,,,,,,,,,,,,,3.50,,,,,,,,,,,,,,,
Hoss Oktoberfest Lager,Great Divide Brewing Co.,Oktoberfest,Marzen,Colorado,8/17/2016,August,2016,Scott T.,40,Eric A.,3.13,,,,,,,,,,,,,,,,,,,,,,,,,,,,,,,,,,,,,,,,,,,,,3.50,,2.00,,,,,,3.50,,,,,,,,,,,,,,,,,,,,,,,,,,,,,,,,,,,,,,,,,,,,,,,,,,,,,,,,,,3.50,,,,,,,,,,,,,,,
Relief Session IPA,The Mitten Brewing Co.,IPA,Session IPA,Michigan,6/17/2017,June,2017,Denis M.,50,Steve P.,3.13,,,,,,,,,,,,,,,,,,2.75,,,,,,,,,,,,,,,,,,,,,2.50,,,,,,,,4.00,,,,,,3.25,,,,,,,,,,,,,,2.75,,,,,,,,,,,,,,,,,,,,,,,,,,,,,3.00,,,,,,,,,,,,,,,,,,,,4.00,,2.75,,,,,,,,
Snake Eyes Imperial Stout,West Sixth Brewing Co.,Stout,American Imperial Stout,Kentucky,7/6/2018,July,2018,Dave E.,63,Jake W.,3.13,3.50,,,,,,,,,,,,,,,,,,2.75,,,,,,,,,,,,,,,4.75,,,,,,,,,,,4.25,,3.25,,,,,,3.50,,3.50,2.50,,,,,,,,,,,,,,,,,,,3.00,,,,,,,,2.00,,,,,,,,,,,3.25,,,,,,,,,,,,2.00,,,,,4.25,,1.25,,,,,,,,,,,,,
Zirkusfest Oktoberfest,Hi-Wire Brewing,Oktoberfest,Marzen,North Carolina,8/10/2018,August,2018,Jason M.,64,Jason M.,3.13,3.50,,,,,,,,,,,,,,,,,,,,,,,,,,,,,,,,,3.00,,,,,,,,3.00,,,,,,,,,,,3.00,,,3.50,,,3.00,,,,,,,,,,,,,,,,2.50,,,,,,,,,,,,,,,,,,,3.50,,,,,,,,,,,,,,,,,,,,,,,,,,,,,,,,
Hit the Road Jack Brown Ale,Fifty West Brewing Co.,Brown,,Ohio,12/7/2018,December,2019,Paul W.,68,Ben W.,3.13,,,,,,,,,,,,,,,,4.25,,3.50,,,,,1.25,,,,,,,,,,,3.75,,,,,,4.00,,,,,3.50,,3.00,,,,,,3.25,,,3.00,,,3.00,,,,,,,,,,,,,,,,3.50,,3.00,,,,,,,,,,,,,,,,,3.00,2.50,,,,,,,,,,,,,,,,2.25,,,,,,3.25,,,,,,,,,
Nimble Giant Double IPA,Troegs Brewing Co.,IPA,Double IPA,Pennsylvania,8/21/2019,August,2019,Jeremy S.,76,Jake W.,3.13,4.00,,,,,,,,,,,,,,3.25,,,,,,,,,,,,,,,,,,,2.50,,,,,,,,,,,,,,,,,3.25,,3.75,,,,,,2.00,,,,,,,,,,,,3.75,,,,4.00,,2.00,,,,,,,,,,,,,,,,,2.75,,,,,,,,,,,,,,,,,3.25,,,,,,,,,,,,,,,3.00
Baltic Porter,March First Brewing,Porter,Baltic Porter,Ohio,2/29/2020,February,2020,Tony H.,82,Jason M.,3.13,,,3.00,,,,,,,,,,,,3.00,3.50,,,,,,2.00,,,,,,,,,,,,,,,,,,,,,,,,,3.75,,,,4.25,,3.25,,,3.50,,,3.50,,,,,,,,,,,,,,,,,,,,,,,,,,,,,,,,,,,2.75,,,,,,,,,,,,,,,,,,,,,,,,,,,2.50,,,,2.50,
Scooter Blood Orange Radler Ale,Braxton Brewing Co.,Shandy,,Kentucky,4/30/2021,April,2021,Paul W. and Jake W.,94,Eric A.,3.13,,,,,,,,,,,,,,,3.00,,,,,,,,3.75,,,,,,,,,,,,,,,,,,,,3.75,,4.00,,1.75,,,,1.50,,3.25,,,,,,,,,,,,,,,,,,,,,,,,,,,,,,,,,,,,,,,,,4.25,2.75,,,,,,,,,,,,,,,,3.25,,,,,,,,,,,,,,,
Festbier,Bitburger Brauerei,Oktoberfest,Festbier,Germany,12/10/2021,December,2022,Paul W.,102,Steve S.,3.13,,,,,,,,,,,,,,,3.00,,,1.50,,,,,3.50,,,,,,,,,,,,,,,,,,,,3.75,,,,,,,,,,2.50,,,,,,4.00,,,,,,,,,,,,,,,,,,,,,,,,,,,,,,,,,,,3.75,3.50,,,,,,,,,,,,,,,,2.75,,,,,,3.00,,,,,,,,,
Humbolt Blonde Cocoa Coffee Stout,HighGrain Brewing Co.,Stout,Coffee Stout,Ohio,2/18/2022,February,2022,Scott T.,104,Jake W.,3.13,,,,,,,,,,,,,,,3.25,,,,,,,,,,,,,,,,,,,3.00,,,,,,,,,,,,,,,,,,,4.25,,,,,,3.00,,,,,,,,,,,,,,,,,,,,,,,,,,,,,,,,,,,3.00,,,,,,,,,,,,,,,,,2.25,,,,,,,,,,,,,,,
Antelope Amber Lager,Rhinegeist Brewing Co.,Amber,,Ohio,1/30/2023,January,2023,Scott T.,115,Drew B.,3.13,,,,,,,,,,,,,,,,,,,,,,,,,,,,,,,3.00,,,3.00,,,,,,,,,3.00,,,,,,,,,,3.00,,,,,,,,,,,2.75,,,,,,,,,,,,,,,,,,,,4.00,,,,,,,,,,,,,,,,,,,,,,,,3.00,,,3.25,,,,,,,,,,,,,,,
Kenny's Dey Drinkin' Lager,16 Lots Brewing Co.,Lager,American Lager,Ohio,4/29/2023,April,2023,Ben W.,118,Paul H.,3.13,,,,,,,,3.75,,,,,,,,4.00,,,,,,,,,,,,,,,,,,3.00,,,,,,,,,2.25,,,,,,,,,,2.50,,,,,,,,,,,,,,,,,,,,,,,,,,,,,,,,,3.25,,,,,,,3.75,,,,,,,,,,,,,,,,,,,,,,,,,,,,2.50,,,,,
Beer For Humans Easy Hop Ale,Rhinegeist Brewing Co.,Pale Ale,American Pale Ale,Ohio,7/21/2023,July,2023,Dave E.,121,Shelley B.,3.13,,,,,,,,,,,,,,,3.00,,,,,,,,,,,,,,,,,,,3.00,,,,,,,2.25,,,,,,,,,,,,3.00,,,3.00,,,,,,,,3.00,,,,,,,,,,,,,2.50,,,,,,,3.75,,,,,,,,,,,,,,,,,,,,,,,,,,,,4.50,,,,,,,,,,,,,,3.25
Speedway Stout Hawaiian Edition,AleSmith Brewing Co.,Stout,American Imperial Stout,California,7/21/2023,July,2023,Dave E.,121,Lee M.,3.13,,,,,,,,,,,,,,,3.25,,,,,,,,,,,,,,,,,,,3.75,,,,,,,1.75,,,,,,,,,,,,3.25,,,2.25,,,,,,,,2.75,,,,,,,,,,,,,3.75,,,,,,,3.25,,,,,,,,,,,,,,,,,,,,,,,,,,,,4.00,,,,,,,,,,,,,,3.25
Matrix Marzen German-Style Lager,Cartridge Brewing,Oktoberfest,Marzen,Ohio,9/26/2023,September,2023,Charlie D.,123,Lauren D.,3.13,,,,,,,,,,,,,,,,,,,,,,,3.00,,,,,,,,,,,2.75,,,,,,,,,3.00,,,,,,,,,,2.25,,,,,,,,,,,,,,,,,,,,,,,2.50,,,,,,,,,,,,,,,,,,,,,,,,,,,,,,,,3.75,,,3.25,,,,,,,,,4.50,,,,,,
All Black Everything Breakfast Stout,Esoteric Brewing Co.,Stout,American Stout,Ohio,3/28/2024,March,2024,Zach M.,129,Jake W.,3.13,,,,,,,,,,,,,,,3.50,,2.75,,,,,,,,,,,,,,,,,3.75,,,,,,,,,,,,,,,,,,,3.00,,,,,,,,,,,,,,,,,,,,,,,,,,,,,,,,,,,,,,,,,3.00,,,,,,,,,,,,,,,,,,,,,,,,,,,,,,,,2.75
Mac the Willis Irish Red Ale,MadTree Brewing Co.,Red,Irish Red,Ohio,3/28/2024,March,2024,Zach M.,129,Paul K.,3.13,,,,,,,,,,,,,,,3.00,,3.50,,,,,,,,,,,,,,,,,3.00,,,,,,,,,,,,,,,,,,,2.50,,,,,,,,,,,,,,,,,,,,,,,,,,,,,,,,,,,,,,,,,3.25,,,,,,,,,,,,,,,,,,,,,,,,,,,,,,,,3.50
Kingfisher Premium Lager,United Breweries,Lager,European Pale Lager,India,10/30/2024,October,2024,Ben S.,136,Jake W.,3.13,,,,,,,,,,,,,,,3.50,,2.25,,,,,,,,,,,,,,,,,,,,,,,,,,,,,,3.00,,,,,,3.00,,,,,,,,,,,,,,,,,,,,,,,,,,,,,,,,,,,,,,,,,3.50,,,,,,,,,,,,,,,,,,,,,,,,,,,,,,,,3.50
Main Street Amber Ale,Fifty West Brewing Co.,Amber,,Ohio,11/27/2024,November,2024,Lee M.,137,Eric H.,3.13,,,,,,,,,,,,,,,,,,,,,,,,,,,,,,,,,,3.00,,,,,,,,,,,,,3.50,,,,,,2.50,,,,,,,,,,,,,,,,,,,,,,,,3.50,,,,,,,,,,,,,,,,,,,,,,,,,,,,,,,,,,,,,,,,,,,,,,,,,
Lusen Pilsner,HighGrain Brewing Co.,Pilsner,German Pilsner,Ohio,2/25/2025,February,2025,Silverton/Pleasant Ridge,140,Zach M.,3.13,,,,,,,,,,,,,,,3.00,3.00,3.50,,,,,,,,,,,,,,,,,2.75,,3.25,,,,,,,,,,,3.00,3.50,,,,,2.50,,,,,,,,,,,,,,,,,,,,,,,,,,,,,,,3.00,,,,,,,,,,3.50,,,,,,,,,,,,,,2.50,,,,,,,,,,,,,,,,,,4.00
Samuel Adams Porch Rocker Lemon Radler,Boston Beer Co.,Shandy,,Massachusetts,4/25/2025,April,2025,Paul K.,142,David A.,3.13,,,,,,,,,,,,,,,3.00,,3.00,,,,,,,,,,,,,,,,,3.00,,,,,,,,,,,,,2.50,,,,,,,,,,,,,,,,,,,,,,,,,,,,,,,,,,,,,,,,,,,,,,,3.50,,,,,,,,3.75,,,,,,,,,,,,,,,,,,,,,,,,
Reef Knot Summer Beer,Half Acre Beer Co.,Lager,American Lager,Illinois,6/27/2025,June,2025,Sara P.,144,Rick S.,3.13,,,,,,,,,,,,,,,3.00,,,3.25,,,,,2.00,,,,,,,,,,,3.00,,,,,,,,,,,,,,,,,,,3.25,,,,,,,,,,,,,,,,,,,,,,,3.00,,,,,,,,3.25,,,,,,,,,,3.00,,,,,,,3.25,,,,,,,3.25,4.00,,,,,,,,,,,,,,,,,3.25
Caramelicious Milk Stout,Platform Beer Co.,Stout,Sweet/Milk Stout,Ohio,12/6/2019,December,2020,Paul W.,80,Bobby T.,3.12,2.00,,,,,,,,,,,,,,,2.50,,4.00,,,,,2.25,,,3.25,,,,,,,,3.25,,,,,,,,,,,3.25,,4.00,,,,4.25,,3.50,,,2.75,,,3.00,,,,,,,,,,,,3.00,,,,,,2.75,,,,,,,,,,,,,,,,,3.50,2.50,,,,,,,,,,,,,,,,4.00,,,,,,3.00,,,,,,,,2.50,
Heyzeus Mexican Style Lager,Melvin Brewing,Lager,Mexican Lager,Wyoming,2/15/2019,February,2019,Jeremy S.,70,Zach M.,3.11,,,,,,,,,,,,,,,,4.00,,,,,,,,,,,,,,,,,,2.00,,,,,,,,,,,,,,,,,2.25,,3.00,,,3.50,,,3.00,,,,,,,,,,,,,,,,3.50,,,,,,,,,,,,,,,,,3.75,,3.50,,,,,,,,,,,,,,,,,2.50,,,,,,,,,,,,,,,3.25
Oktoberfest Marzen,Grainworks Brewing Co.,Oktoberfest,Marzen,Ohio,9/24/2021,September,2021,Charlie D.,99,Eric H.,3.11,,,,,,,,,,,,,,,3.00,,,,,,,,2.00,,,,,,,,,,,2.75,,,,,,,,,,2.50,3.25,,3.50,,,,4.00,,3.00,,,3.75,,,3.00,,,,,,,,,,,,,,,,,,,,,,,,,,,,,,,,,,,,,,,,,,,,,,,,,,,,,,,,,,,,,3.50,,,,,,
Shake Dark Chocolate Porter,Boulder Beer,Porter,American Porter,Colorado,9/24/2021,September,2021,Charlie D.,99,Eric A.,3.11,,,,,,,,,,,,,,,2.75,,,,,,,,2.50,,,,,,,,,,,4.00,,,,,,,,,,3.25,3.75,,3.25,,,,4.50,,2.25,,,3.00,,,3.00,,,,,,,,,,,,,,,,,,,,,,,,,,,,,,,,,,,,,,,,,,,,,,,,,,,,,,,,,,,,,2.00,,,,,,
Cosmic Slop Double Dry Hopped India Pale Ale,Branch & Bone Artisan Ales,IPA,Double IPA,Ohio,6/22/2022,June,2022,Jake W.,108,Jake W.,3.11,,,,,,,,,,,,,,,2.75,,,,,4.00,,,,,,,,,,,,,,2.00,,,,,,,,,4.00,,,,2.25,2.00,3.50,,,,3.75,,,,,,3.25,,,,,,,,,,,,,,,,,,,,,,,,,,,,,,,,,,,3.00,,,,,,,,,,,,,,,,,,,,,,,,,,,,,,,,3.75
Oktoberfest Festbier Style Lager,Esoteric Brewing Co.,Oktoberfest,Festbier,Ohio,8/29/2023,August,2023,Jeremy S.,122,Jeremy S.,3.11,,,,,,,,,,,,,,,3.00,,,,,,,,2.00,,,,,,,,,,,3.00,,,,,,,,,3.25,,,,,,,,,,2.75,,,,,,3.50,,,,,,,,,,,,2.75,,,,,,,,,,,,,3.50,,,,,,,,,,3.00,,,,,,,,,,,,,,4.25,,,,,,,,,,,,,,,,,,3.25
Dale's Pale Ale,Oskar Blues Brewery,Pale Ale,American Pale Ale,Colorado,4/17/2014,April,2014,Tony H.,12,Sam E.,3.11,,,,,,,,,,,,,,,,,,,,,,,,,,,,,,3.50,,,,2.00,,,,,,,,,,,,,3.00,,,,,,3.00,,,,,,,,,,,,,,,,,,,,,,,,,,,,,,3.50,,,,,,,,,,,,3.00,,,,,,,,,,,3.50,,,,,3.50,,,,,,,,,,3.00,,,,,
Firefly Amber,Jackie O's Brewery,Amber,,Ohio,7/1/2015,June,2015,Sam E.,26,Eric H.,3.11,,,,,,,,,,,,,,,,,,,,,,,,,,,,,,,,,,4.00,,,,,,,,,,,3.00,,3.50,,,,,,3.00,,,,,,,,,,,,,,,,,,,,,,,,,,,,,,2.50,,,,,,,,,,,,,4.00,,,,,,,,,,2.50,,,,,2.50,,,,,,,,,,,,3.00,,,
Prodigal American Pale Ale,Ei8ht Ball Brewing,Pale Ale,American Pale Ale,Kentucky,11/19/2015,November,2015,Matt S.,31,Colin J.,3.11,,,,,,,,,,,,,,,,,,,,,,,,,,,,,,4.00,,,,2.50,,,,,,,,,,,1.50,,3.50,,,,,,3.50,,,,,,,,,,,,,,,,,,,,,,,,,,,,,,3.50,,,,,,,,,,,,,,,,,,,,,,,3.00,,,,,3.50,,,,,,,,,,,,3.00,,,
Dead Guy Ale,Rogue Ales,Bock,Maibock,Oregon,1/14/2016,January,2016,Trent D.,33,Scott T.,3.11,,,,,,,,,,,,,,,,,,,,,,,,,,,,,,,,,,3.50,,,,,,,,,,,3.00,,3.00,,,,,,3.00,,,,,,,,,,,,,,,,,,,,,,2.50,,,,,,,,3.50,4.00,,,,,,,,,,,,,,,,,,,,,,,,,,,2.50,,,,,,,,,,,,3.00,,,
White Rascal Belgian-Style White Ale,Avery Brewing Co.,Wheat,Witbier,Colorado,4/22/2016,April,2016,Tony H.,36,Paul H.,3.11,,,,,,,,,,,,,,,,4.00,,4.00,,,,,,,,,,,,,,,,2.00,,,,,,,,,,,3.00,,2.50,,,,,,,,,,,,,,,,,,,,,,,,,,,,,,,,,,,,,,,,,,,,,,3.00,,,4.00,,,,,,,,,,,,,,,2.50,,,,,,,,,,3.00,,,,,
Mandarina Wheat IPA,City Built Brewing Co.,IPA,Wheat IPA,Michigan,6/17/2017,June,2017,Denis M.,50,Bobby T.,3.11,,,2.50,,,,,,,,,,,,,,,4.00,,,,,,,,,,,,,,,,,,,,,3.00,,,,,,,,3.25,,,,,,3.00,,,,,,,,,,,,,,3.75,,,,,,,,,,,,,,,,,,,,,,,,,,,,,3.00,,,,,,,,,,,,,,,,,,,,2.50,,3.00,,,,,,,,
Fruition Dry-Hopped Wheat Ale,Brewery Ommegang,Wheat,Witbier,New York,11/16/2017,November,2017,Scott T.,55,Scott T.,3.11,,,,,,,,,,,,,,,,,,3.75,,,,,4.00,,,,,,,,,,,2.25,,,,,3.75,,,,,,3.00,,3.00,,,,,,2.75,,,,,,,,,,,,,,,,,,,,,,,,,,,,,,,,,,,,,,,,,3.25,,,,,,,,,,,,,,,,,2.25,,,,,,,,,,,,,,,
Hi-5 IPA,Terrapin Beer Co.,IPA,American IPA,Georgia,3/23/2018,March,2018,Kevin W. and Dave E.,59,Eric H.,3.11,,,,,,,,,,,,,,,,,,,,,,,,,,,,,,,,,,2.00,,,,,,,,,,,,,3.75,,,,,,,,2.50,3.00,,,,,,,,,,,,,,,,,,,3.50,,,,,,,,2.50,,,,,,,,,,,3.00,,5.00,,,,,,,,,,2.75,,,,,,,,,,,,,,,,,,,,
Cheer Team Ale,3 Floyds Brewing Co.,IPA,Double IPA,Indiana,8/27/2021,August,2021,Jeremy S.,98,Josh R.,3.11,,,,,,,,,,,,,,,3.50,,,,,,,,2.25,,,,,,,,,,,,,,,,,,,,,,,,,,,,3.00,,3.50,,,2.25,,,4.00,,,,,,,,,,,,3.00,,,,,,,,,,,,,,,,,,,,,,,3.25,,,,,,,,,,,,,,,,,,,,,,,,,,,,,,,,3.25
Thanks For Letting Us Play Tonight Double Dry Hopped Pale Ale,Hoof Hearted Brewing,Pale Ale,New England/Hazy Pale Ale,Ohio,8/27/2021,August,2021,Jeremy S.,98,Zach M.,3.11,,,,,,,,,,,,,,,2.75,,,,,,,,3.75,,,,,,,,,,,,,,,,,,,,,,,,,,,,2.50,,3.75,,,3.25,,,4.00,,,,,,,,,,,,1.00,,,,,,,,,,,,,,,,,,,,,,,3.25,,,,,,,,,,,,,,,,,,,,,,,,,,,,,,,,3.75
Club Colombia Dorado Golden Lager,Cervecería Bavaria,Golden,,Colombia,7/31/2024,July,2024,Dave E.,133,Juan B.,3.11,,,,,,,,,,,,,,,3.75,,2.75,,,,,,2.25,,,,,,,,,,,3.25,,,,,,,,,,,,,3.00,,,,,,3.00,,,3.25,,,,,,,,3.00,,,,,,,,4.00,,,,,2.25,,,,,,,4.00,,,,,,,,,,,,,,3.00,,,,,,,,,,3.00,3.00,,2.25,,,,,,,,,,,,,,,4.00
Trash Panda India Pale Ale,Lost Forty Brewing,IPA,New England/Hazy IPA,Arkansas,1/9/2026,January,2026,Paul W.,151,David A.,3.11,,,,,,,,,,,,,,,2.75,,,3.25,,,,,4.00,,,,,,,,,,,2.75,,3.25,,,,,,,,,,,2.75,3.50,,,,,3.50,,,,,3.25,,,,,,,,,,,,,,,,,,,2.75,,,,,,,,,,,,,,,,,2.75,3.00,,,,,,3.25,,,3.00,,,,,,,3.00,,,,,,,,,,,,,,,3.00
Christmas Ale,Bell's Brewery,Christmas,,Michigan,12/13/2013,December,2013,Paul W.,8,Phil H.,3.11,,,,,,,,,,,,,,,,,,2.50,,,,,,,,,,,,,,,,2.00,3.50,,,,,,,,,,,,2.50,,,,,,3.00,,,,,,,,,,,,,3.00,,,,,,,,,,,,,,,,,,,,,,3.00,,,,,,,4.00,4.50,,,,,,,,,,3.00,,,,,3.00,,,4.50,,,,,,,2.00,,3.00,,,
Imperial Doughnut Break,Evil Twin Brewing,Porter,Imperial Porter,Denmark,1/18/2024,January,2024,Paul K.,127,Dave E.,3.11,,,,,,,,,,,,,,,3.25,,2.75,,,,,,,,,,,,,,,,,3.50,,,,,,,,,2.75,,,,,,,,,,,,,,,,,,,,,,,,,,,,,,,,,,,,,,,,,4.25,,,,,,,,,,3.25,,,,,,,,,,,,,,,,,,,,,,,,,,,,,,,,2.00
Soak City Juicy IPA,16 Lots Brewing Co.,IPA,New England/Hazy IPA,Ohio,1/18/2024,January,2024,Paul K.,127,Drew B.,3.11,,,,,,,,,,,,,,,3.25,,3.75,,,,,,,,,,,,,,,,,2.50,,,,,,,,,3.25,,,,,,,,,,,,,,,,,,,,,,,,,,,,,,,,,,,,,,,,,2.50,,,,,,,,,,3.00,,,,,,,,,,,,,,,,,,,,,,,,,,,,,,,,3.50
Double Gavel Banger DIPA,Taft's Brewing Co.,IPA,Double IPA,Ohio,7/3/2020,July,2020,Dave E.,85,Jason M.,3.10,,,3.00,,,,,,,,,,,,,,,,,,,,3.50,,,,,,,,,,,3.00,,,,,,,2.00,,,,3.00,,3.75,,,,,,3.75,,,3.50,,,3.50,,,,,,,,,,,,,,,,3.00,,,,,,,,,,,,,,,,,,,3.25,,,,,,,,,,,,,,,,,,,,,,,,,,,,,,,2.00,
Fable Baltic Porter,MadTree Brewing Co.,Porter,Baltic Porter,Ohio,7/28/2022,July,2022,Dave E.,109,Matt T.,3.10,,,,,,,,,,,,,,,,2.50,,,,,,,,,,,,,,,,,,3.50,,,,,,,,,2.00,,2.75,,3.00,,,,,,2.75,,,,,,,,,,,3.50,,,,,,,,4.00,,,,,,,,,,,,4.00,,,,,,,,,,3.25,,,,,,,,,,,,,,,,,2.75,,,,,,,,,,,,,,,3.25
Husky IPA,Alaskan Brewing Co.,IPA,American IPA,Alaska,5/22/2024,May,2024,Jake W. ,131,Zach M.,3.10,,,,,,,,,,,,,,,3.00,,4.00,,,,,,,,,,,,,,,,,,,,,,,,,,3.50,,,,2.50,,,,,,3.00,,,,,,2.75,,,,,,,,,,,,,,,,,,,,,,,,,3.50,,,,,,,,,,3.00,3.00,,,,,,,,,,,,,3.00,,,2.50,,,,,,,,,,,,,,,3.50
Maržujsko Croatian-Style Lager,Marz Community Brewing Co.,Lager,European Pale Lager,Croatia,6/27/2025,June,2025,Sara P.,144,Zach M.,3.10,,,,,,,,,,,,,,,2.75,,,3.00,,,,,3.00,,,,,,,,,,,2.00,,,,,,,,,,,,,,,,,,,2.50,,,,,,,,,,,,,,,,,,,,,,,4.50,,,,,,,,3.50,,,,,,,,,,3.50,,,,,,,4.00,,,,,,,2.50,4.00,,,,,,,,,,,,,,,,,2.00
Woody Creek Belgian White,Flying Dog Brewery,Wheat,Witbier,Maryland,11/21/2014,November,2014,Denis M.,19,Scott T.,3.10,,,,,,,,,,,,,,,,,,,,,,,,,,,,,,5.00,,,,1.50,,,,,3.00,,,,,,,,2.00,,,,,4.00,2.50,,,,,,,,,,,,,,,,,,,,,,,,,,2.00,,,,,,,,,,,,,,,,,5.00,,,,,,,,,,,,,,,3.50,,,,,,,,,,2.50,,,,,
Summer Solstice Ale,Anderson Valley Brewing Co.,Cream Ale,,California,7/21/2023,July,2023,Dave E.,121,Zach M.,3.10,,,,,,,,,,,,,,,3.50,,,,,,,,,,,,,,,,,,,3.00,,,,,,,2.50,,,,,,,,,,,,1.50,,,2.50,,,,,,,,3.50,,,,,,,,,,,,,3.00,,,,,,,,,,,,,,,,,,,,,,,,,,,,,,,,,,,4.50,3.00,,,,,,,,,,,,,4.00
Nu Skool IPA,Southern Tier Brewing Co.,IPA,American IPA,New York,7/3/2017,July,2017,Dave E.,51,Eric H.,3.10,2.75,,,,,,,,,,,,,,,3.00,,,,,,,,,,,,,,,,,,2.50,,,,,,,,,,,,,4.00,,,,,,3.50,,,,,,3.75,,,,,,,,,,,,,,,,3.50,,,,,,,,1.50,,,2.75,,,,,,,,2.75,,3.25,,,,,,,,,,,,,,,3.00,,,,,,,,,,,,4.00,,,
Dun Dun Dun Double India Pale Ale,Hop Butcher for the World,IPA,Double IPA,Illinois,11/21/2023,November,2023,Scott T.,125,Anfernee A.,3.10,,,,,,,,,,,,4.25,,,3.25,,2.75,3.00,,,,,2.50,,,,,,,,,,,2.50,,,,,,,,,,,,,,,,,,,3.50,,,,,,3.50,,,,,1.50,,,,,,,,,,,,,,,,,,,,4.00,,,,,,,,,,3.50,,,,,,,,,,,,,,2.75,,,3.25,,,,,,,,,,,,,,,
///Fear.Movie.Lions Unfiltered Double IPA,Stone Brewing Co.,IPA,Double IPA,California,8/10/2018,August,2018,Jason M.,64,Jake W.,3.09,4.00,,,,,,,,,,,,,,,,,,,,,,,,,,,,,,,,,1.75,,,,,,,,3.50,,,,,,,,,,,4.00,,,2.50,,,3.75,,,,,,,,,,,,,,,,2.00,,,,,,,,,,,,,,,,,,,3.25,,,,,,,,,,,,,,,,,,,,,,,,,,,,,,,,
Rothaus Pils Tannen Zäpfle,Badische Staatsbrauerei Rothaus AG,Pilsner,,Germany,5/29/2020,May,2020,Wes B.,83,Jeremy S.,3.09,,,,,,,,,,,,,,,,,,,,,,,3.50,,,,,,,,,,,2.50,,,,,,,,,,,,,3.00,,,,,,2.75,,,3.50,,,4.00,,,,,,,,,,,,,,,,2.50,,,,,,,,,,,,,,,,,,,,,,,,,,,,,,,,,,,,,,,,,,,,,,,,,,3.00,
Hoppy Bobby Clear Golden Pale Ale,Cherry Republic Brewing Co.,Pale Ale,American Pale Ale,Michigan,9/26/2023,September,2023,Charlie D.,123,Sara P.,3.09,,,,,,,,,,,,,,,,,,,,,,,3.00,,,,,,,,,,,4.00,,,,,,,,,2.50,,,,,,,,,,2.50,,,,,,,,,,,,,,,,,,,,,,,4.00,,,,,,,,,,,,,,,,,,,,,,,,,,,,,,,,3.50,,,2.75,,,,,,,,,2.50,,,,,,
Oktoberfest Lager,Toppling Goliath Brewing Co.,Oktoberfest,Marzen,Iowa,7/31/2024,July,2024,Dave E.,133,Zach M.,3.09,,,,,,,,,,,,,,,3.00,,3.25,,,,,,2.25,,,,,,,,,,,2.75,,,,,,,,,,,,,2.50,,,,,,2.75,,,3.75,,,,,,,,2.75,,,,,,,,3.75,,,,,3.25,,,,,,,3.50,,,,,,,,,,,,,,2.00,,,,,,,,,,3.75,3.00,,3.50,,,,,,,,,,,,,,,3.75
Ellie's Brown Ale,Avery Brewing Co.,Brown,,Colorado,12/6/2019,December,2020,Paul W.,80,Chris G.,3.09,3.00,,,,,,,,,,,,,,,3.00,,3.50,,,,,3.25,,,3.50,,,,,,,,2.50,,,,,,,,,,,2.50,,3.25,,,,3.25,,3.50,,,3.25,,,3.25,,,,,,,,,,,,2.75,,,,,,3.25,,,,,,,,,,,,,,,,,2.75,2.50,,,,,,,,,,,,,,,,3.50,,,,,,2.75,,,,,,,,3.50,
Southern Passion,Devils Backbone Brewing Co.,Lager,Helles Lager,Virginia,3/2/2018,February,2018,Colin J.,58,Kevin W.,3.09,,,,,,,,,,,,,,,,,,2.50,,,,,2.50,,,,2.75,,,3.00,,,,2.50,,,,,,,,,,,,,3.50,,,,,,3.50,,,3.50,,,,,,,,,,,,,,,,,,,4.50,,,,,,,,,,,,,,,,,,,3.50,,,,,,,,,,,,,,,,,2.25,,,,,,,,,,,,,,,
Old-Style Porter,St. Peter's Brewery Co.,Porter,English Porter,UK,6/12/2020,June,2020,Charlie D.,84,Jake W.,3.09,4.25,,,,,,,,,,3.25,,,,,2.50,,3.50,,,,,3.50,,,,,,,,,,,3.50,,,,,,,,,,,,,2.50,,,,,,3.25,,,3.00,,,2.00,,,,,,,,,,,,,,,,,,,,,,,,,,,,,,,,,,,2.75,,,,,,,,,,,,,,,,,,,,,,,,,,,,,,,,
Haunted Hayride Pumpkin Ale,Masthead Brewing Co.,Pumpkin,,Ohio,9/24/2021,September,2021,Charlie D.,99,Dustin S.,3.09,,,,,,,,,,,,,,,3.25,,,,,,,,4.00,,,,,,,,,,,2.25,,,,,,,,,,3.00,2.75,,2.50,,,,3.75,,3.00,,,3.00,,,2.50,,,,,,,,,,,,,,,,,,,,,,,,,,,,,,,,,,,,,,,,,,,,,,,,,,,,,,,,,,,,,4.00,,,,,,
Brown Ale,West Side Brewing,Brown,,Ohio,6/22/2022,June,2022,Jake W.,108,Ben S.,3.09,,,,,,,,,,,,,,,3.50,,,,,3.00,,,,,,,,,,,,,,2.50,,,,,,,,,3.00,,,,2.75,4.00,3.00,,,,3.00,,,,,,2.75,,,,,,,,,,,,,,,,,,,,,,,,,,,,,,,,,,,3.25,,,,,,,,,,,,,,,,,,,,,,,,,,,,,,,,3.25
Frisch's Pumpkin Pie Ale,Taft's Brewing Co.,Pumpkin,,Ohio,11/23/2022,November,2022,Matt T.,113,Bobby T.,3.09,,,,,,,,,,,,,,,,1.50,,3.75,,,,,,,,,,,,,,,,2.00,,,,,,,,,3.25,,,,,,,,,,2.50,,,,,,,,,,,3.50,,,,,,,,,,,,,,,,,,,,4.00,,,,,,,,,,,,,3.00,,,,,,,,,,,4.50,,,3.50,,,,,,,,,,,,,,,2.50
Nirvana or Bust Double Dry Hopped NEIPA,Third Eye Brewing Co.,IPA,New England/Hazy IPA,Ohio,7/21/2023,July,2023,Dave E.,121,Ben S.,3.09,,,,,,,,,,,,,,,3.25,,,,,,,,,,,,,,,,,,,2.75,,,,,,,2.25,,,,,,,,,,,,2.75,,,2.75,,,,,,,,3.00,,,,,,,,,,,,,2.75,,,,,,,3.25,,,,,,,,,,,,,,,,,,,,,,,,,,,,4.00,4.50,,,,,,,,,,,,,2.75
Space Camper Cosmic IPA,Boulevard Brewing Co.,IPA,American IPA,Missouri,5/17/2019,May,2019,Jake W.,73,Dave E.,3.09,3.00,,,,,,,,,2.75,,,,,,,,,,,,,,,,,,,,,,,,2.25,,,,,,,,,,,,,,,,,3.50,,4.00,,,,,,3.75,,,,,,,,,,,,,,,,4.00,,2.50,,,,,,,,,,,,,,,,,2.50,2.75,3.50,,,,,,,,,,,,,,,2.50,,,,,,2.75,,,,,,,,3.50,
All Day IPA,Founders Brewing Co.,IPA,Session IPA,Michigan,7/30/2014,July,2014,Dave E. and Jake W.,15,Matt A.,3.09,,,,2.50,5.00,,,,,,,,,,,,,,,,,,,3.50,,,,,,2.00,,3.50,,3.00,,,,,,,,,,,1.50,,3.00,,,,,,3.50,,,,,,,,,,,,,,,,,,,,,,,,,,,,4.50,,2.50,,,,,,,,,,,,2.50,,,,,,,,,,,2.00,,,,,3.50,,,,,,,,,,2.00,,3.50,4.50,,
Lager Beer,Bell's Brewery,Lager,American Lager,Michigan,7/30/2014,July,2014,Dave E. and Jake W.,15,Dan S.,3.09,,,,3.50,5.00,,,,,,,,,,,,,,,,,,,3.50,,,,,,2.50,,4.50,,2.50,,,,,,,,,,,3.00,,2.50,,,,,,2.50,,,,,,,,,,,,,,,,,,,,,,,,,,,,2.50,,3.50,,,,,,,,,,,,3.00,,,,,,,,,,,3.00,,,,,3.00,,,,,,,,,,3.00,,2.50,2.50,,
Brew Free or Die IPA,21st Amendment Brewery,IPA,American IPA,California,7/30/2014,July,2014,Dave E. and Jake W.,15,Sam E. / Alex He. ,3.08,,,,2.00,5.00,,,,,,,,,,,,,,,,,,,3.50,,,,,,3.50,,4.00,,1.50,,,,,,,,,,,2.00,,3.50,,,,,,4.00,,,,,,,,,,,,,1.50,,,,,,,,,,,,,,,4.00,,2.50,,,,,,,,,,,,2.50,,,,,,,,,,,3.00,,,,,3.50,,,,,,,,,,3.00,,2.50,4.00,,
Gaelic Ale,Highland Brewing Co.,Red,,North Carolina,9/16/2014,September,2014,Jake W.,17,Paul W.,3.08,,,,,,,,,,,,,,,,,,,,,4.00,,,,,,,,,,,,,2.50,,,,,3.00,,,,,,,3.00,3.50,,,,,,3.00,,,,,,,,,,,,,4.00,,,,,,,,,,,,,,,,,,,,,,,,,,,,,3.00,,,,,,,,,,,3.00,,,,,3.00,,,,,,2.50,,,,,,2.50,,,
Storm Golden Cream Ale,Braxton Brewing Co.,Cream Ale,,Kentucky,9/21/2016,September,2016,Matt S.,41,Sam E.,3.08,,,,,,,,,,,,,,,,,,,,,,,,,,,,,,,,,,2.50,,,,,,,,,,,,,2.50,,,,,,3.00,,,,,,,,,,,,,,,,,,,,,,,,3.00,,,,,,4.00,,,,,,,,,,,,,,,,,,,,,,,3.50,,,,,,,,,,,,,,,,,,,,
CreepShow Smoked Porter,Warped Wing Brewing Co.,Porter,Smoked Porter,Ohio,10/13/2016,October,2016,Sam E.,42,Eric H.,3.08,,,,,,,,,,,,,,,,,,,,,,,,,,,,,,,,,,4.00,,,,,,,,,,,,,3.50,,,,,,,,,,,,,,,,,,,,,,,,,,,,3.00,,,,,,,,1.50,,,,,,,,,,,,,,,,,,,,,,,2.50,,,,,,,,,,,,,,,,,4.00,,,
Citra High Imperial IPA,MadTree Brewing Co.,IPA,Imperial IPA,Ohio,11/16/2017,November,2017,Scott T.,55,Jake W.,3.08,,,,,,,,,,,,,,,,,,2.25,,,,,3.50,,,,,,,,,,,2.25,,,,,2.25,,,,,,2.00,,4.50,,,,,,4.00,,,,,,,,,,,,,,,,,,,,,,,,,,,,,,,,,,,,,,,,,3.00,,,,,,,,,,,,,,,,,4.00,,,,,,,,,,,,,,,
Brown Ale,Unveiled Brewing Co.,Brown,,California,4/12/2019,April,2019,Andrew P.,72,Jason M.,3.08,,,,,,,,,,3.50,,,,,,2.50,,,,,,,,,,,,,,,,,,3.50,,,,,,,,,,,,,,,,,,,3.25,,,4.00,,,,,,,,,,,,,,,,,,,2.50,,2.75,,,,,,,,,,,,,,,,,,,,,,,,,,,,,,,,,,,,,,,,,,,,,,,,2.50,3.25
Bourbon Barrel Aged Corruption,Wooden Cask Brewing Co.,Stout,English Stout,Kentucky,8/21/2019,August,2019,Jeremy S.,76,Jeremy S.,3.08,2.50,,,,,,,,,,,,,,3.50,,,,,,,,,,,,,,,,,,,2.25,,,,,,,,,,,,,,,,,2.00,,2.50,,,,,,4.00,,,,,,,,,,,,3.75,,,,3.50,,3.75,,,,,,,,,,,,,,,,,3.00,,,,,,,,,,,,,,,,,3.25,,,,,,,,,,,,,,,3.00
Miles Davis' Bitches Brew,Dogfish Head Craft Brewery,Stout,American Imperial Stout,Delaware,8/21/2019,August,2019,Jeremy S.,76,Scott T.,3.08,4.00,,,,,,,,,,,,,,3.50,,,,,,,,,,,,,,,,,,,3.00,,,,,,,,,,,,,,,,,2.50,,2.75,,,,,,2.25,,,,,,,,,,,,2.75,,,,4.00,,3.00,,,,,,,,,,,,,,,,,2.75,,,,,,,,,,,,,,,,,3.75,,,,,,,,,,,,,,,2.75
Icelandic Toasted Porter,Einstök Ölgerð,Porter,Baltic Porter,Iceland,8/27/2021,August,2021,Jeremy S.,98,Greg A.,3.08,,,,,,,,,,,,,,,2.75,,,,,,,,3.00,,,,,,,,,,,,,,,,,,,,,,,,,,,,2.50,,2.75,,,3.00,,,3.25,,,,,,,,,,,,4.25,,,,,,,,,,,,,,,,,,,,,,,3.25,,,,,,,,,,,,,,,,,,,,,,,,,,,,,,,,3.00
Father G's Bees Honey Brown Ale,Brink Brewing Co.,Brown,,Ohio,2/18/2022,February,2022,Scott T.,104,Dave E.,3.08,,,,,,,,,,,,,,,2.75,,,,,,,,,,,,,,,,,,,3.75,,,,,,,,,,,,,,,,,,,3.00,,,,,,3.25,,,,,,,,,,,,,,,,,,,,,,,,,,,,,,,,,,,3.25,,,,,,,,,,,,,,,,,2.50,,,,,,,,,,,,,,,
Tunnel Vision DDH with Citra,Bearded Iris Brewing,IPA,New England/Hazy IPA,Tennessee,2/18/2022,February,2022,Scott T.,104,Scott T.,3.08,,,,,,,,,,,,,,,3.00,,,,,,,,,,,,,,,,,,,2.25,,,,,,,,,,,,,,,,,,,3.50,,,,,,2.75,,,,,,,,,,,,,,,,,,,,,,,,,,,,,,,,,,,3.50,,,,,,,,,,,,,,,,,3.50,,,,,,,,,,,,,,,
Unichrome Double IPA,Pipeworks Brewing Co.,IPA,Double IPA,Illinois,2/18/2022,February,2022,Scott T.,104,Jeremy S.,3.08,,,,,,,,,,,,,,,3.00,,,,,,,,,,,,,,,,,,,2.00,,,,,,,,,,,,,,,,,,,3.25,,,,,,3.25,,,,,,,,,,,,,,,,,,,,,,,,,,,,,,,,,,,3.50,,,,,,,,,,,,,,,,,3.50,,,,,,,,,,,,,,,
Spaten Optimator Doppelbock,Spaten-Franziskaner-Bräu,Bock,Doppelbock,Germany,3/28/2024,March,2024,Zach M.,129,Bill K.,3.08,,,,,,,,,,,,,,,3.75,,3.25,,,,,,,,,,,,,,,,,3.00,,,,,,,,,,,,,,,,,,,3.00,,,,,,,,,,,,,,,,,,,,,,,,,,,,,,,,,,,,,,,,,3.25,,,,,,,,,,,,,,,,,,,,,,,,,,,,,,,,2.25
Dreh Vienna Lager,HighGrain Brewing Co.,Lager,Vienna Lager,Ohio,5/22/2024,May,2024,Jake W. ,131,Paul K.,3.08,,,,,,,,,,,,,,,3.00,,4.25,,,,,,,,,,,,,,,,,,,,,,,,,,3.00,,,,2.50,,,,,,3.00,,,,,,3.25,,,,,,,,,,,,,,,,,,,,,,,,,3.00,,,,,,,,,,4.00,3.25,,,,,,,,,,,,,2.25,,,2.50,,,,,,,,,,,,,,,3.00
Köstritzer Schwarzbier Black Lager,Köstritzer Schwarzbierbrauerei,Schwarzbier,,Germany,5/22/2024,May,2024,Jake W. ,131,Bill K.,3.08,,,,,,,,,,,,,,,3.75,,4.25,,,,,,,,,,,,,,,,,,,,,,,,,,2.75,,,,2.50,,,,,,3.50,,,,,,3.00,,,,,,,,,,,,,,,,,,,,,,,,,3.75,,,,,,,,,,3.00,2.75,,,,,,,,,,,,,3.00,,,2.25,,,,,,,,,,,,,,,2.50
Filthy McNasty Russian Imperial Stout,North High Brewing Co.,Stout,Russian Imperial Stout,Ohio,12/7/2018,December,2019,Paul W.,68,Lee M.,3.08,,,,,,,,,,,,,,,,4.00,,2.50,,,,,3.00,,,,,,,,,,,4.00,,,,,,4.00,,,,,2.75,,2.00,,,,,,3.75,,,2.00,,,3.25,,,,,,,,,,,,,,,,3.00,,3.25,,,,,,,,,,,,,,,,,2.25,3.00,,,,,,,,,,,,,,,,2.75,,,,,,3.75,,,,,,,,,
George Killian's Irish Red,Coors Brewing Co.,Red,Irish Red,Colorado,1/26/2018,January,2018,Ben W.,57,Sam E.,3.08,,,,,,,,,,,,,,,,3.00,,,,,,,,,,,,,,2.25,,,,2.75,,,,,,,,,,,,,2.75,,,,,,2.50,,,,,,,,,,,,,,,,,,,,,,,,,,,,,,4.50,,,,,,,,,,,2.50,,3.75,,,,2.75,,,,,,4.00,,,,,,,,,,,,,,,,,,,,
Juicy Gossip Pale Ale,Bell's Brewery,Pale Ale,American Pale Ale,Michigan,4/30/2021,April,2021,Paul W. and Jake W.,94,Charlie D.,3.08,,,,,,,,,,,,,,,3.50,,,,,,,,4.50,,,,,,,,,,,,,,,,,,,,3.00,,2.50,,3.25,,,,3.75,,3.00,,,,,,,,,,,,,,,,,,,,,,,,,,,,,,,,,,,,,,,,,3.25,1.50,,,,,,,,,,,,,,,,2.50,,,,,,,,,,,,,,,
Hoppy Wheat American Wheat Ale,West Side Brewing,Wheat,American Pale Wheat,Ohio,9/30/2022,September,2022,Charlie D.,111,Bobby T.,3.08,,,,,,,,,,,,,,,3.00,,,3.25,,,,,3.25,,,,,,,,,,,,,,,,,,,,,,,,,,,,,,3.25,,,3.50,,,,,,,,2.50,,,,,,,,,,,,,,,,,,,,3.50,,,,,,,,,,,,,,,,,,,,,,,,2.50,,,2.75,,,,,,,,,3.25,,,,,,
Vanilla Java Porter,Atwater Brewing Co.,Porter,American Porter,Michigan,5/9/2023,May,2023,Jake W.,119,Drew B.,3.08,,,,,,,,,,,,,,,2.75,,,,,,,,,,,,,,,,,,,3.75,,,,,,,,,3.25,,,,,3.00,,,,,3.00,,,,,,2.50,,,,,,,,,,,,,,,,,,,,,,,,,3.75,,,,,,,,,,2.75,3.00,,,,,,,,,,,,,3.00,,,,,,,,,,,,,,,,,,
Honey Orange Tripel,New Belgium Brewing Co.,Tripel,Belgian Tripel,Coloh,3/27/2026,March,2026,Zach M.,153,Rick S.,3.08,,,,,,,4.25,,,,,,,,3.00,,,,,,,,,,,,,,,,,,,,,,,,,,,,,,,,2.00,,,,,,3.00,,,,,,,,,,,,,,,,,,,,,,,,,,,,,,,2.50,,,4.25,,,,,,,3.25,,,,,,,3.50,,,2.50,,,,,,,,,,,,,,,,,,,,,,2.50
Hop Bomber Pale Ale,Rivertown Brewing Co.,Pale Ale,American Pale Ale,Ohio,6/25/2013,June,2013,Colin J.,2,Dave E.,3.07,,,,,,,,,,,,,,,,,,,,,,,,,,,,,,4.00,,,,2.00,,,,,,,,,,,,,3.00,,,,,,3.50,,,,,,,,,,,,,,,,,,,,,,,,,,,,,,,3.50,,,,,,,,,,,3.00,,,,,,,,,,,,,,,,2.50,,,,,,,,,,,,,,,
Kentucky IPA,Alltech's Lexington Brewing Co.,IPA,American IPA,Kentucky,6/25/2013,June,2013,Colin J.,2,Colin J.,3.07,,,,,,,,,,,,,,,,,,,,,,,,,,,,,,4.00,,,,3.00,,,,,,,,,,,,,3.50,,,,,,2.50,,,,,,,,,,,,,,,,,,,,,,,,,,,,,,,3.50,,,,,,,,,,,2.00,,,,,,,,,,,,,,,,3.00,,,,,,,,,,,,,,,
Wheat Ale,Upland Brewing Co.,Wheat,Witbier,Indiana,6/25/2013,June,2013,Colin J.,2,Matt T.,3.07,,,,,,,,,,,,,,,,,,,,,,,,,,,,,,4.00,,,,2.50,,,,,,,,,,,,,2.50,,,,,,2.50,,,,,,,,,,,,,,,,,,,,,,,,,,,,,,,3.50,,,,,,,,,,,3.00,,,,,,,,,,,,,,,,3.50,,,,,,,,,,,,,,,
West Sixth IPA,West Sixth Brewing Co.,IPA,American IPA,Kentucky,5/13/2014,May,2014,Colin J.,13,Colin J.,3.07,,,,,,,,,,,,,,,,,,2.00,,,,,,,,,,,,5.00,,,,2.00,,,,,,,,3.50,,,,,3.50,,,,,,3.50,,,,,,,,,,,,,,,,,,,,,,,,,,1.50,,,,3.50,,,,,,,,,,2.50,,,,,,,,,,,,,3.00,,,,,4.00,,,3.50,,,,,,,3.00,,2.50,,,
2015 Beer Camp: Hoppy Lager,Sierra Nevada Brewing Co.,Lager,American Lager,California,4/17/2015,April,2015,Phil H.,24,Matt T.,3.07,,,,,,,,,,,,,,,,,,3.50,,,,,,,,,,,,,,,,2.50,,,,,3.00,,,,,,,,3.50,,,,,,3.00,,,,,,,,,,,,,,,,,,,,,,,,,,,,,,,,,,,,,,,,,,2.50,,,,,,,,,,,,,,,,3.50,,,,,,,,,,,,,,,
Milk Stout Nitro,Left Hand Brewing Co.,Stout,Sweet/Milk Stout,Colorado,9/26/2015,September,2015,Dave E. and Jake W.,29,Jake W.,3.07,,,,,,,,,,,,,,,,,,4.00,,,,,,,,,,,,,,,,2.50,,,,,,,,,,,,,3.00,,,,,,3.50,,,,,,,,,,,,,,,,,,,,,,,,,,,,,,1.50,,,,,,,,,,,,,,,,,,,,,,,3.00,,,,,,,,,,,,,,,,,4.00,,,
Chill Wave Double IPA,Great Lakes Brewing Co.,IPA,Double IPA,Ohio,6/6/2016,June,2016,Eric A.,38,Matt S.,3.07,,,,,,,,,,,,,,,,,,,,,,,,,,,,,,,,,,2.00,,,,,,,,,,,2.00,,3.50,,,,,,3.50,,,,,,,,,,,,,,,,,,,,,,4.00,,,,,,,,3.00,,,,,,,,,,,,,,,,,,,,,,,,,,,,3.50,,,,,,,,,,,,,,,
Victory at Sea Porter with Coffee and Vanilla,Ballast Point Brewing Co.,Porter,Coffee Porter,California,6/6/2016,June,2016,Eric A.,38,Eric A.,3.07,,,,,,,,,,,,,,,,,,,,,,,,,,,,,,,,,,3.00,,,,,,,,,,,4.00,,2.50,,,,,,3.00,,,,,,,,,,,,,,,,,,,,,,3.50,,,,,,,,2.00,,,,,,,,,,,,,,,,,,,,,,,,,,,,3.50,,,,,,,,,,,,,,,
Wilco Tango Foxtrot,Lagunitas Brewing Co.,Brown,,California,9/26/2017,September,2017,Lee M.,53,Jake W.,3.07,,,,,,,,,,,,,,,,,,,,,,,,,,,,,,,,,,3.25,,,,,,,,,,,3.00,,3.25,,,,,,3.00,,,,,,,,,,,,,,,,,,,,,,,,2.75,,,,,,,,,,,,,,,,,3.00,,,,,,,,,,,,,,,,,3.25,,,,,,,,,,,,,,,
Heat Seeker Hazy Double India Pale Ale,Jackie O's Brewery,IPA,New England/Hazy IPA,Ohio,5/31/2021,May,2021,Scott T.,95,Jake W.,3.07,,,,,,,,,,,,,,,2.75,,,,,,,,,,,,,,,,,,,2.75,,,,,,,,,,,,,3.75,,,,2.75,,3.00,,,,,,,,,,,,,,,,,,,,,,,,,,,,,,,,,,,,,,,,,3.25,,,,,,,,,,,,,,,,,3.25,,,,,,,,,,,,,,,
Helles,Zillicoah Beer Co.,Lager,Helles Lager,North Carolina,10/1/2021,October,2021,Jim B.,100,Jim B.,3.07,,,,,,,,,,,,,,,,,,,,,,,2.75,,,,,,,,,,,2.50,,,,,,,,,,,,,,,,,3.00,,2.75,,,,,,2.75,,4.50,,,,,,,,,,,,,,,,,,,,,,,,,,,,,,,,,3.25,,,,,,,,,,,,,,,,,,,,,,,,,,,,,,,,
Lager,Skol,Lager,European Pale Lager,Rwanda,3/23/2023,March,2023,Zach M.,117,Paul K.,3.07,,,,,,,,,,,,,,,,,,,,,,,,,,,,,,,,,,2.50,,,,,,,,,2.75,,,,,,,,,,2.75,,,,,,,,,,,,,,,,,,,4.50,,,,,,,,,,,,3.00,,,,,,,,,,3.25,,,,,,,,,,,,,,,,,,,,,,,,,,,,,,,,2.75
Experimental J-Hole Red India Pale Ale,Rhinegeist Brewing Co.,IPA,Red IPA,Ohio,12/8/2017,December,2018,Paul W.,56,Phil H.,3.07,,,,,,,,,,,,,,,,3.00,,2.25,,,,,,,,,,,,,,,,2.75,,,,3.25,,,,,,,2.50,,4.00,,,,,,3.25,,,,,,,,,,,,,,,,,,,,,,2.50,,2.75,,,,,,,,,3.75,,,,,,,,2.75,3.00,4.00,,,,3.00,,,,,,,,,,,2.75,,,,,4.00,3.25,,,,2.50,,,,,
Boom Sauce New England IPA,Lord Hobo Brewing Co.,IPA,New England/Hazy IPA,Massachusetts,12/6/2019,December,2020,Paul W.,80,Eric H.,3.07,4.00,,,,,,,,,,,,,,,3.00,,,,,,,3.75,,,3.50,,,,,,,,2.50,,,,,,,,,,,2.25,,4.50,,,,2.50,,3.00,,,3.00,,,2.75,,,,,,,,,,,,2.75,,,,,,2.50,,,,,,,,,,,,,,,,,3.00,2.50,,,,,,,,,,,,,,,,3.50,,,,,,3.25,,,,,,,,3.00,
Dead Ringer Oktoberfest,Ballast Point Brewing Co.,Oktoberfest,Marzen,California,9/28/2018,September,2018,Aaron T. and Jeremy S.,65,Steve B.,3.07,2.50,,,,,,,,,,,,,,,,,,,,,,,,,,,,,,,,,3.50,,,,,,,,,,,2.50,,,,,,,,3.00,,3.00,3.00,,,2.75,,,,,,,,,,,,4.25,,,,3.00,,2.75,,,,,,,,,,,,,,,,,,,,,,,,,,,,,,,,,,,,3.50,,,,,,,,,,,,,
Dunkin' Coffee Porter,Harpoon Brewery,Porter,Coffee Porter,Massachusetts,2/15/2019,February,2019,Jeremy S.,70,Kevin W.,3.07,,,,,,,,,,,,,,,,3.50,,,,,,,,,,,,,,,,,,3.00,,,,,,,,,,,,,,,,,2.50,,3.25,,,3.50,,,3.25,,,,,,,,,,,,,,,,3.00,,,,,,,,,,,,,,,,,2.75,,3.50,,,,,,,,,,,,,,,,,2.75,,,,,,,,,,,,,,,2.75
Plead the 5th Imperial Stout,Dark Horse Brewing Co.,Stout,Russian Imperial Stout,Michigan,2/15/2019,February,2019,Jeremy S.,70,Scott T.,3.07,,,,,,,,,,,,,,,,4.00,,,,,,,,,,,,,,,,,,3.00,,,,,,,,,,,,,,,,,2.00,,4.00,,,2.50,,,4.00,,,,,,,,,,,,,,,,2.00,,,,,,,,,,,,,,,,,3.00,,2.75,,,,,,,,,,,,,,,,,3.75,,,,,,,,,,,,,,,2.75
Nate's Coffee Stout,Country Boy Brewing,Stout,Coffee Stout,Kentucky,7/5/2019,July,2019,Dave E.,75,Jason M.,3.07,3.00,,,,,,,,,,,,,,,3.50,,,,,,,3.00,,,,,,,,,,,3.25,,,,,,,,,2.00,,,,,,,,,,3.50,,,3.50,,,3.50,,,,,,,,,,,,,,,,,,,,,,,,,,,,,,,,,,,3.00,,,,,,,,,,,,,,,,,,,,2.50,,,,,,,,,,,,3.00
Oktoberfest German-Style Marzen,Founders Brewing Co.,Oktoberfest,Marzen,Michigan,9/24/2021,September,2021,Charlie D.,99,Jason M.,3.07,,,,,,,,,,,,,,,3.25,,,,,,,,2.00,,,,,,,,,,,2.50,,,,,,,,,,2.75,3.00,,3.25,,,,3.25,,2.75,,,4.25,,,4.00,,,,,,,,,,,,,,,,,,,,,,,,,,,,,,,,,,,,,,,,,,,,,,,,,,,,,,,,,,,,,2.75,,,,,,
Baltic Porter,Uinta Brewing Co.,Porter,Baltic Porter,Utah,1/17/2014,January,2014,Phil H.,9,Phil H.,3.06,,,,,,,,,,,,,,,,,,,,,,,,3.50,,,,,,,,3.00,,4.00,,,,,1.00,,,4.00,,,,,,,,,,,,,,,4.00,,,,,,,,,,,,,,,,,,,,,,,,,,,,,,,,,,,,,,,4.50,,,,,,,,,,,,,,,,,,0.50,,,,,,,,,,,,
Woodchuck Pumpkin Reserve,Vermont Hard Cider Co.,Pumpkin,,Vermont,10/11/2014,October,2014,Phil H.,18,Matt T.,3.06,,,,,,,,,,,,,,,,,,4.00,,,,,,,,,,,,,,,,2.50,,,,,,,,,,,,,,,,,,,,,,,,,,,,,,,,,,,,,,,,,,,,,,,,,,,,,,2.50,,4.00,,,,,,2.50,,,,,,,,,,,,,,,3.00,,,,,3.00,,,,,,,3.00,,,
Coffee Brown Ale,Mt. Carmel Brewing Co.,Brown,Coffee Brown,Ohio,7/22/2015,July,2015,Trent D.,27,Scott T.,3.06,,,,,,,,,,,,,,,,,,,,,,,,,,,,,,,,,,3.00,,,,,,,,,,,3.50,,,,,,,,4.00,,,,,,,,,,,,,,,,,,,,,,,,,,,,,,,,,,,3.00,,,,,,,3.00,,,,,,,,,,,3.00,,,,,2.00,,,,,,,,,,,,3.00,,,
Sweet Baby Java Espresso Bean Choc. PB Porter,DuClaw Brewing Co.,Porter,American Porter,Maryland,2/29/2020,February,2020,Tony H.,82,Greg A.,3.06,,,3.50,,,,,,,,,,,,3.50,2.50,,,,,,2.00,,,,,,,,,,,,,,,,,,,,,,,,,3.50,,,,2.25,,3.50,,,3.25,,,3.50,,,,,,,,,,,,,,,,,,,,,,,,,,,,,,,,,,,3.25,,,,,,,,,,,,,,,,,,,,,,,,,,,3.00,,,,3.00,
Moosehead Lager,Moosehead Breweries Ltd.,Lager,American Lager,Canada,4/29/2023,April,2023,Ben W.,118,Jake W.,3.06,,,,,,,,3.75,,,,,,,,3.00,,,,,,,,,,,,,,,,,,3.25,,,,,,,,,3.00,,,,,,,,,,2.50,,,,,,,,,,,,,,,,,,,,,,,,,,,,,,,,,3.00,,,,,,,3.00,,,,,,,,,,,,,,,,,,,,,,,,,,,,3.00,,,,,
Lurching Towards the Sun Imperial India Pale Ale,Magnify Brewing Co.,IPA,Imperial IPA,New Jersey,2/29/2024,February,2024,Scott T.,128,Jake W.,3.06,,,,,,,,,,,,3.50,,,3.25,,,,,,,,,,,,,,,,,,,2.50,,,,,,,,,,,,,,,,,,,2.75,,,,,,,,,,,,,,,,,,,,,,,4.00,,,,,,,,3.00,,,,,,,,,,,,,,,,,,,,,,,,2.50,,,3.00,,,,,,,,,,,,,,,
Old No. 38 Stout,North Coast Brewing Co.,Stout,Irish Stout,California,5/16/2025,May,2025,Jake W.,143,Jake W.,3.06,,,,,,,,,,,,,,,,,,3.25,,,,,,,,,,,,,,,,,,3.25,,,,,,,,,,,3.00,,,,,,3.00,,,,,,,,,,,,,,,,,,,,,,,,,,,,,,,3.00,,,,,,,,,,,3.00,,,,,,,,,,,,,2.75,,,3.25,,,,,,,,,,,,,,,
Spotted Cow Ale,New Glarus Brewing Co.,Farmhouse,,Wisconsin,5/13/2015,May,2015,Scott T.,25,Phil H.,3.06,,,,,,,,,,,,,,,,,,3.50,,,,,,,,,,,,,,,,2.50,,,,,,,,,,,2.00,,3.00,,,,,,2.50,,,,,,,,,,,,,,,,,,,,,,,,,,,,,,,,,,,,,,,,,,2.50,4.50,,,,,,,,,,,,,,,3.50,,,,,,,,,,3.50,,,,,
Rounding Third Red IPA,MadTree Brewing Co.,IPA,Red IPA,Ohio,7/1/2015,June,2015,Sam E.,26,Dave E.,3.06,,,,,,,,,,,,,,,,,,,,,,,,,,,,,,,,,,2.50,,,,,,,,,,,2.00,,3.50,,,,,,3.00,,,,,,,,,,,,,,,,,,,,,,,,,,,,,,2.00,,,,,,,,,,,,,5.00,,,,,,,,,,3.50,,,,,3.00,,,,,,,,,,,,3.00,,,
Brown Shugga',Lagunitas Brewing Co.,Brown,,California,1/19/2017,January,2017,Jake W.,45,Eric H.,3.06,,,,,,,,,,,,,,,,,,,,,,,,,,,,,,,,,,2.25,,,,,,,,,,,3.00,,3.50,,,,,,3.50,,,,,,,,,3.25,,,,,,,,2.75,,,,,3.50,,,,2.50,,,,,,,,,,,,,,3.25,,,,,,,,,,,,,,,,,,,,,,,,,,,,,,,,,
Schloppy Seconds,Atwater Brewing Co.,Wheat,American Pale Wheat,Michigan,6/17/2017,June,2017,Denis M.,50,Denis M.,3.06,,,2.00,,,,,,,,,,,,,,,4.25,,,,,,,,,,,,,,,,,,,,,4.50,,,,,,,,2.75,,,,,,3.50,,,,,,,,,,,,,,2.50,,,,,,,,,,,,,,,,,,,,,,,,,,,,,2.50,,,,,,,,,,,,,,,,,,,,3.00,,2.50,,,,,,,,
Mole Porter,Second Self Beer Co.,Porter,American Porter,Georgia,11/16/2017,November,2017,Scott T.,55,Paul K.,3.06,,,,,,,,,,,,,,,,,,3.50,,,,,2.75,,,,,,,,,,,3.00,,,,,1.25,,,,,,3.50,,2.25,,,,,,3.75,,,,,,,,,,,,,,,,,,,,,,,,,,,,,,,,,,,,,,,,,4.00,,,,,,,,,,,,,,,,,3.50,,,,,,,,,,,,,,,
Miaou Belgian-Style Wheat Ale,Whiner Beer Co.,Wheat,Belgian Wheat,Illinois,3/23/2018,March,2018,Kevin W. and Dave E.,59,Sam E.,3.06,,,,,,,,,,,,,,,,,,,,,,,,,,,,,,,,,,2.50,,,,,,,,,,,,,2.00,,,,,,,,3.50,3.00,,,,,,,,,,,,,,,,,,,3.00,,,,,,,,2.00,,,,,,,,,,,4.00,,4.25,,,,,,,,,,3.25,,,,,,,,,,,,,,,,,,,,
Passing Through IPA,Fifty West Brewing Co.,IPA,New England/Hazy IPA,Ohio,9/25/2020,September,2020,Paul K. and Chalie D.,88,Paul K.,3.06,,,,,,,,,,,,,,,3.50,2.00,,,,,,,3.00,,,,,,,,,,,2.25,,,,,,,,,,,,,2.25,,,,,,,,,3.25,,,,3.50,,,,,,,,,,,,,,,,,,,,,,,,,,,,,,,,3.75,,4.00,,,,,,,,,,,,,,,,,,,,,,,,,,,,,,,,
Turbo Reaper IPA,3 Floyds Brewing Co.,IPA,American IPA,Indiana,1/31/2025,January,2025,Scott T.,139,Jake W.,3.06,,,,,,,,,,,,,,,,,,3.25,,,,,,,,,,,,,,,,2.75,,3.00,,,,,,,3.50,,,,,,,,,,3.50,,,,,,,,,,,,,,,,,,,,,,,,,,,3.00,,,,2.25,,,,,,,,,,,,,,,,,,,,,,,,2.50,,,3.75,,,,,,,,,,,,,,,
Wade Boggs Style,Mirror Twin Brewing,Oktoberfest,Marzen,Kentucky,8/22/2025,August,2025,Jeremy S.,146,Jeremy S.,3.05,,,,,,,,,,,,,,,2.75,,4.50,,,,,,2.00,,,,,3.25,,,,,,2.50,,2.50,,,,,,,,,,,,,,,,,3.00,,,,,,3.50,,,,,,,,,,,,,,,,,,,,,,,,,3.50,,,,,,,,,,3.25,,,,,,,2.75,,,2.75,,,,3.00,,,,,,,,,,,,,,,,,,3.50
Two Hearted Ale,Bell's Brewery,IPA,American IPA,Michigan,12/11/2015,December,2016,Paul W.,32,Sam E. / Retrial,3.05,5.00,,,,,4.25,,,,,,,,,3.25,3.00,,,,,,,,,,,,,,,,,,1.00,,,,,,,,,3.50,,1.50,,3.00,,,,,,3.50,,,3.50,,,3.25,,,,,,,,,,,,,,,,,,2.00,,,,,,3.50,,,2.50,,,,,,3.50,,3.75,3.00,,,,,,,,,,,3.00,,,,,2.50,,,,,,3.00,,,,2.50,3.00,3.00,,,3.25
Bourbon Barrel Stout,Goodwood Brewing Co.,Stout,American Imperial Stout,Kentucky,3/30/2016,March,2016,Jake W.,35,Eric A.,3.05,,,,,,,,,,,,,,,,4.00,,,,,,,,,,,,,,,,,4.50,3.00,,,,,,,,,,,3.50,,2.50,,,,,,2.50,,,,,,,,,,,,,,,,,,,,,,,,,,,,,,2.50,,,,,,,,,,,,2.50,,,,,,,,,,,,,,,,,,,,,,2.50,,,,3.00,,,,,
Tangerine Wheat Ale,Lost Coast Brewery and Cafe,Wheat,Fruited Wheat,California,10/30/2025,October,2025,Ben S.,148,Bill K.,3.05,,,,,,,3.50,,,,,,,,3.25,,2.75,,,,,,,,,,,3.00,,,,,,3.00,,2.50,,,,,,,,,,,3.00,,,,,,,,,,,,,,,,,,,,,,,,,,,,,,,,,,,,,,,,,,,,,,,3.00,,,,,,,4.00,,,,,,,,,,,,,,,,,,,,,,,,,2.50
Cloud Five Imperial IPA,Rhinegeist Brewing Co.,IPA,Imperial IPA,Ohio,6/27/2018,June,2018,Scott T.,62,Eric H.,3.05,3.00,,,,,,,,,,,,,,,4.00,,,,,,,,,,,,,,,,,,2.00,,,,,,,,,,,2.50,,4.00,,,,,,3.75,,,3.00,,,3.00,,,,,2.25,,,,,,,,,,,3.00,,,,,,,,,,,,,,,,,,,,,,,,,,,,,,,,,,,,3.00,,,,,,,,,,,,,,,
Vanilla Dark Ale,Unveiled Brewing Co.,Porter,American Porter,California,10/18/2018,October,2018,Phil H.,66,John S.,3.05,,,,,,,,,,,,,,,,3.00,,3.50,,,,,1.75,,,,,,,,,,,2.75,,,,,,,,,,,,,,,,,,,4.00,,,,,,,,,,,,,,3.50,,,,,,,,,,4.00,,,,,,,,,,,,,,,,,2.75,2.50,3.00,,,,,,,,,,,,,,,,,,,,,2.75,,,,,,,,,
Mother of Dragons Smoked Porter,Brewery Ommegang,Porter,Smoked Porter,New York,2/15/2019,February,2019,Jeremy S.,70,Paul K.,3.05,,,,,,,,,,,,,,,,4.50,,,,,,,,,,,,,,,,,,2.75,,,,,,,,,,,,,,,,,1.00,,2.75,,,3.00,,,3.50,,,,,,,,,,,,,,,,4.00,,,,,,,,,,,,,,,,,3.75,,3.00,,,,,,,,,,,,,,,,,2.25,,,,,,,,,,,,,,,3.00
200th Anniversary Export Stout,Guinness Ltd.,Stout,Export Stout,Ireland,7/5/2019,July,2019,Dave E.,75,Steve D.,3.05,3.50,,,,,,,,,,,,,,,3.75,,,,,,,2.50,,,,,,,,,,,3.75,,,,,,,,,1.75,,,,,,,,,,2.75,,,3.50,,,2.75,,,,,,,,,,,,,,,,,,,,,,,,,,,,,,,,,,,3.25,,,,,,,,,,,,,,,,,,,,2.75,,,,,,,,,,,,3.25
Festbier German Style Party Lager,Listermann Brewing Co.,Oktoberfest,Festbier,Ohio,8/29/2023,August,2023,Jeremy S.,122,Sara P.,3.05,,,,,,,,,,,,,,,3.00,,,,,,,,2.75,,,,,,,,,,,3.00,,,,,,,,,3.00,,,,,,,,,,3.00,,,,,,3.00,,,,,,,,,,,,3.25,,,,,,,,,,,,,3.50,,,,,,,,,,3.25,,,,,,,,,,,,,,3.00,,,,,,,,,,,,,,,,,,2.75
Teddy American IPA,HighGrain Brewing Co.,IPA,American IPA,Ohio,2/28/2026,February,2026,Ryan F.,152,David A.,3.05,,,,,,,,,,,,,,,,3.50,,,,,,,,,,,,,3.50,,,,,2.00,,3.50,,,,,,,,,,,3.00,,,,,,3.25,,,,,,,,,,,,,,,,,,,,,,,,,3.25,,,,,,2.25,,,,,,,,,,,,,,,,,,,,3.50,,,,3.00,,,2.75,,,,,,,,,,,,,,,
#9 Not Quite Pale Ale,Magic Hat,Fruit and Field,,Vermont,2/26/2015,February,2015,Dave E.,22,Sam E.,3.04,,,,,,,,,,,,,,,,,,,,,,,,,,,,,,,,,,3.50,,,,,4.00,,,3.50,,,,,3.00,,,2.50,,,3.00,,,,,,,,,,,,,,,,,,,,,,,,,,2.00,,,,3.50,2.50,,,,,,,,,,,,,,,,,,,,,,2.50,,,,3.00,,,,,,,,,,,,,3.50,,,
Sweet Baby Jesus Chocolate Peanut Butter Porter,DuClaw Brewing Co.,Porter,American Porter,Maryland,12/11/2015,December,2016,Paul W.,32,Jake W.,3.04,,,,,,,,,,,,,,,,,,,,,,,,,,,,,,,,,,3.50,,,,,,,,,,,3.50,,2.50,,,,,,3.00,,,,,,,,,,,,,,,,,,,,,,,,3.50,,,,,,3.50,,,,,,,,,,,,2.50,,,,,,,,,,,3.50,,,,,4.00,,,,,,2.50,,,,,3.00,1.50,,,
Hopsecutioner IPA,Terrapin Beer Co.,IPA,American IPA,Georgia,7/3/2017,July,2017,Dave E.,51,Paul K.,3.04,3.00,,,,,,,,,,,,,,,3.50,,,,,,,,,,,,,,,,,,2.00,,,,,,,,,,,,,3.50,,,,,,3.50,,,,,,3.25,,,,,,,,,,,,,,,,,,,,,,,,2.50,,,3.25,,,,,,,,3.25,,2.25,,,,,,,,,,,,,,,2.50,,,,,,,,,,,,4.00,,,
Abraxas Imperial Stout,Perennial Artisan Ales,Stout,American Imperial Stout,Missouri,1/28/2022,January,2022,Standard Beer,103,Jake W.,3.04,,,,,,,,,,,,,,,,,,,,,,,,,,,,,,,,,,2.00,,,,,,,,,,,,,,,,,,,3.00,,,,,,2.50,,,,,,,,,,,,,,,,,,,,,,,,,,,,,,,,,,,3.75,,,,,,,,,,,,,,,,,,,,,,,,,,,,,4.00,,,3.00
Outlaw Pale Ale,HighGrain Brewing Co.,Pale Ale,American Pale Ale,Ohio,10/27/2022,October,2022,Juan B. / Zach M.,112,Dave E.,3.04,,,,,,,,,,,,,,,2.75,,,,,,,,,,,,,,,,,,,3.25,,,,,,,,,,,,,,,,,,,3.00,,,,,,,,,,,,,,,,,,,2.00,,,,,,,,,,,,,,,,,,,,,,3.50,,,,,,,,,,,,,,,,,,,,,,,,,,,,,,,,3.75
Strings Amber,Heart State Brewing,Amber,,Ohio,3/28/2024,March,2024,Zach M.,129,Zach M.,3.04,,,,,,,,,,,,,,,3.00,,2.50,,,,,,,,,,,,,,,,,3.25,,,,,,,,,,,,,,,,,,,3.00,,,,,,,,,,,,,,,,,,,,,,,,,,,,,,,,,,,,,,,,,3.25,,,,,,,,,,,,,,,,,,,,,,,,,,,,,,,,3.25
Mugshot Coffee Cream Ale,BrewDog,Cream Ale,Coffee Cream Ale,UK,5/22/2024,May,2024,Jake W. ,131,Matt T.,3.04,,,,,,,,,,,,,,,3.00,,3.50,,,,,,,,,,,,,,,,,,,,,,,,,,3.25,,,,2.00,,,,,,3.50,,,,,,2.50,,,,,,,,,,,,,,,,,,,,,,,,,4.50,,,,,,,,,,3.00,2.00,,,,,,,,,,,,,4.25,,,2.25,,,,,,,,,,,,,,,2.75
Amber Ale,West Side Brewing Co.,Amber,,Ohio,7/6/2018,July,2018,Dave E.,63,Matt S.,3.04,3.00,,,,,,,,,,,,,,,,,,3.25,,,,,,,,,,,,,,,3.50,,,,,,,,,,,2.50,,3.00,,,,,,2.75,,,3.50,,,,,,,,,,,,,,,,,,,3.00,,,,,,,,4.00,,,,,,,,,,,3.00,,,,,,,,,,,,3.25,,,,,3.00,,1.75,,,,,,,,,,,,,
Brain Freeze Cold IPA,Nine Giant Brewing,IPA,American IPA,Ohio,2/28/2026,February,2026,Ryan F.,152,Ryan F.,3.04,,,,,,,,,,,,,,,,3.00,,,,,,,,,,,,,3.50,,,,,1.75,,3.00,,,,,,,,,,,3.00,,,,,,3.25,,,,,,,,,,,,,,3.00,,,,,,3.25,,,,,3.50,,,,,,2.50,,,,,,,,,,,,,,,,,,,,3.50,,,,3.00,,,3.25,,,,,,,,,,,,,,,
Black Illusion English Dark Mild,Nine Giant Brewing,Mild Ale,English Mild Ale,Ohio,2/28/2026,February,2026,Ryan F.,152,Scott T.,3.04,,,,,,,,,,,,,,,,2.50,,,,,,,,,,,,,3.25,,,,,2.75,,3.00,,,,,,,,,,,2.75,,,,,,3.25,,,,,,,,,,,,,,2.50,,,,,,3.50,,,,,3.00,,,,,,3.50,,,,,,,,,,,,,,,,,,,,2.50,,,,3.75,,,3.25,,,,,,,,,,,,,,,
Hazy Little Thing IPA,Sierra Nevada Brewing Co.,IPA,New England/Hazy IPA,California,8/10/2018,August,2018,Jason M.,64,Aaron T.,3.04,4.00,,,,,,,,,,,,,,,,,,,,,,,,,,,,,,,,,2.25,,,,,,,,,,,,,,,,,,,3.00,,,3.00,,,3.50,,,,,,,,,,,,,,,,2.50,,,,,,,,,,,,,,,,,,,3.00,,,,,,,,,,,,,,,,,,,,,,,,,,,,,,,,
Cincy Cobra Hazy Citra IPA,Taft's Brewing Co.,IPA,New England/Hazy IPA,Ohio,5/17/2019,May,2019,Jake W.,73,Aaron T.,3.04,3.50,,,,,,,,,3.75,,,,,,,,,,,,,,,,,,,,,,,,2.50,,,,,,,,,,,,,,,,,3.50,,3.00,,,,,,3.50,,,,,,,,,,,,,,,,4.00,,2.50,,,,,,,,,,,,,,,,,3.25,2.50,3.25,,,,,,,,,,,,,,,2.00,,,,,,2.50,,,,,,,,2.75,
Moher Plz Dry Irish Stout,HighGrain Brewing Co.,Stout,Irish Stout,Ohio,3/25/2021,March,2021,Paul K.,93,Paul K.,3.04,,,,,,,,,,,,,,,3.00,,,,,,,,,,,,,,,,,,,2.50,,,,,,,,,,,,,3.25,,,,3.75,,3.50,,,,,,,,,,,,,,,,,,,,,,,,,,,,,,,,,,,,,,,,,2.75,,,,,,,,,,,,,,,,,,,,,,,,,,,,,,,,2.50
A Whole New World Pilsner,Listermann Brewing Co.,Pilsner,,Ohio,5/31/2021,May,2021,Scott T.,95,Paul K.,3.04,,,,,,,,,,,,,,,3.00,,,,,,,,,,,,,,,,,,,3.25,,,,,,,,,,,,,3.00,,,,2.50,,3.00,,,,,,,,,,,,,,,,,,,,,,,,,,,,,,,,,,,,,,,,,3.50,,,,,,,,,,,,,,,,,3.00,,,,,,,,,,,,,,,
Heckler Juicy India Pale Ale,Northern Row Brewery,IPA,New England/Hazy IPA,Ohio,6/19/2024,June,2024,Sara P. ,132,Matt T.,3.04,,,,,,,,,,,,,,,,,,,,,,,,,,,,,,,4.25,,,3.25,,,,,,,,,,,,,,,,,,,,,,,,,,,,,,2.75,,,,,1.00,,,,,,,,,,,,,,,3.50,,,,,,,,,,,,,,,,,,,,,,,,3.25,,,3.25,,,,,,,,,,,,,,,
Rally Cap Hoppy Lager,Sonder Brewing,Lager,American Lager,Ohio,6/19/2024,June,2024,Sara P. ,132,Sara P.,3.04,,,,,,,,,,,,,,,,,,,,,,,,,,,,,,,2.50,,,3.00,,,,,,,,,,,,,,,,,,,,,,,,,,,,,,3.00,,,,,3.75,,,,,,,,,,,,,,,3.00,,,,,,,,,,,,,,,,,,,,,,,,3.00,,,3.00,,,,,,,,,,,,,,,
Panther Hollow Vanilla Porter,Millersburg Brewing Co.,Porter,English Porter,Ohio,12/2/2016,December,2017,Paul W.,44,Eric A.,3.03,,,,,,,,,,,,,,,,2.50,,3.00,,,,,,,,,,,,,,,,3.25,,,,,,,,,,,3.00,,3.00,,,,,,4.00,,,,,,,,,,,,,,,,,,,,,,2.50,,2.25,,,,,,2.25,3.50,,,,,,,,,,,2.25,5.00,,,,,,,,,,2.50,,,,,3.50,,,,,,3.25,,,,,,2.75,,,
Voodoo Ranger IPA,New Belgium Brewing Co.,IPA,American IPA,Colorado,2/24/2017,February,2017,Ben W.,46,Tony H.,3.03,,,,,,,,,,,,,,,,3.00,,,,,,,,,,,,,,,,,,2.25,,,,,,,,,,,,,4.00,,,,,,3.50,,,,,,,,,,,,,,,,,,,,,,2.50,,,,,,,,,,,2.75,,,,,,,,,,,,,,3.75,,,,,,,,,,,,,,,,,,,,,2.50,,,,,
Blackout Stout,Great Lakes Brewing Co.,Stout,Russian Imperial Stout,Ohio,12/7/2018,December,2019,Paul W.,68,Jake W.,3.03,,,,,,,,,,,,,,,,3.50,,2.50,,,,,1.25,,,,,,,,,,,2.75,,,,,,4.00,,,,,3.50,,3.00,,,,,,3.00,,,3.00,,,3.25,,,,,,,,,,,,,,,,2.00,,3.25,,,,,,,,,,,,,,,,,3.25,2.75,,,,,,,,,,,,,,,,4.25,,,,,,3.25,,,,,,,,,
We Be Jammin',Odd Side Ales,Wheat,American Pale Wheat,Michigan,12/7/2018,December,2019,Paul W.,68,Jeremy S.,3.03,,,,,,,,,,,,,,,,3.50,,3.00,,,,,3.75,,,,,,,,,,,3.50,,,,,,4.00,,,,,3.00,,2.50,,,,,,2.50,,,3.50,,,4.00,,,,,,,,,,,,,,,,4.00,,3.00,,,,,,,,,,,,,,,,,2.00,2.00,,,,,,,,,,,,,,,,2.00,,,,,,2.25,,,,,,,,,
MFIPA: Mosaic Brut ,Paradox Beer Co.,IPA,Brut IPA,Colorado,6/21/2019,June,2019,Ben W.,74,Charlie D.,3.03,,,,,,,,,,,,,,,,3.50,,,,,,,3.75,,,,,,,,,,,2.00,,,,,,3.25,,,4.00,,,,,,,,,,,,,,,,1.50,,,,,,,,,,,,3.25,,,,,,,,,,,,,,,,,,,,,,,3.00,,,,,,,,,,,,,,,,,,,,,,,,,,,,,,,,
Crazy Train Copper Ale,Fretboard Brewing Co.,Pale Ale,Belgian Pale Ale,Ohio,1/30/2023,January,2023,Scott T.,115,Joe J.,3.03,,,,,,,,,,,,,,,,,,,,,,,,,,,,,,,3.00,,,3.00,,,,,,,,,2.75,,,,,,,,,,2.00,,,,,,,,,,,3.50,,,,,,,,,,,,,,,,,,,,3.50,,,,,,,,,,,,,,,,,,,,,,,,3.50,,,3.00,,,,,,,,,,,,,,,
El Camino Misfire Berliner Weisse Style Sour Ale,Other Half Brewing Co.,Sour,Berliner Weisse,New York,5/16/2025,May,2025,Jake W.,143,David A.,3.03,,,,,,,,,,,,,,,,,,4.25,,,,,,,,,,,,,,,,,,2.50,,,,,,,,,,,2.50,,,,,,3.50,,,,,,,,,,,,,,,,,,,,,,,,,,,,,,,3.00,,,,,,,,,,,2.25,,,,,,,,,,,,,2.50,,,3.75,,,,,,,,,,,,,,,
Mirror Pond Pale Ale,Deschutes Brewery,Pale Ale,American Pale Ale,Oregon,7/30/2014,July,2014,Dave E. and Jake W.,15,Eric H.,3.03,,,,,3.00,,,,,,,,,,,,,,,,,,,3.00,,,,,,2.50,,3.00,,3.00,,,,,,,,,,,2.00,,4.00,,,,,,3.50,,,,,,,,,,,,,2.00,,,,,,,,,,,,,,,2.00,,4.50,,,,,,,,,,,,3.50,,,,,,,,,,,4.00,,,,,2.00,,,,,,,,,,4.00,,2.50,3.00,,
Roundhouse India Red Ale,Bell's Brewery,IPA,Red IPA,Michigan,1/19/2017,January,2017,Jake W.,45,Paul W.,3.03,,,,,,,,,,,,,,,,,,,,,,,,,,,,,,,,,,3.00,,,,,,,,,,,2.50,,3.75,,,,,,3.25,,,,,,,,,2.75,,,,,,,,3.00,,,,,3.00,,,,3.00,,,,,,,,,,,,,,3.00,,,,,,,,,,,,,,,,,,,,,,,,,,,,,,,,,
Baltic Porter,Founders Brewing Co.,Porter,Baltic Porter,Michigan,12/8/2017,December,2018,Paul W.,56,Steve S.,3.03,,,,,,,,,,,,,,,,2.50,,2.50,,,,,,,,,,,,,,,,3.25,,,,3.50,,,,,,,3.50,,3.25,,,,,,3.50,,,,,,,,,,,,,,,,,,,,,,2.50,,4.25,,,,,,,,,3.00,,,,,,,,3.00,3.75,1.50,,,,3.00,,,,,,,,,,,3.00,,,,,1.00,3.50,,,,4.00,,,,,
Ruby Irish Red Ale,Wooden Cask Brewing Co.,Red,Irish Red,Kentucky,9/25/2020,September,2020,Paul K. and Chalie D.,88,Jason M.,3.03,,,,,,,,,,,,,,,3.00,3.00,,,,,,,2.75,,,,,,,,,,,3.25,,,,,,,,,,,,,2.25,,,,,,,,,3.50,,,,3.50,,,,,,,,,,,,,,,,,,,,,,,,,,,,,,,,3.25,,2.75,,,,,,,,,,,,,,,,,,,,,,,,,,,,,,,,
Hop Head NE IPA,Listermann Brewing Co.,IPA,New England/Hazy IPA,Ohio,7/21/2023,July,2023,Dave E.,121,Steve B.,3.03,,,,,,,,,,,,,,,3.75,,,,,,,,,,,,,,,,,,,2.75,,,,,,,2.50,,,,,,,,,,,,3.50,,,3.00,,,,,,,,2.50,,,,,,,,,,,,,2.50,,,,,,,,,,,,,,,,,,,,,,,,,,,,,,,,,,,3.50,,,,,,,,,,,,,,3.25
The Road to Arcadia DH Pilsner with Phantasm,Listermann Brewing Co.,Pilsner,,Ohio,9/30/2022,September,2022,Charlie D.,111,Charlie D.,3.03,,,,,,,,,,,,,,,3.25,,,3.50,,,,,4.25,,,,,,,,,,,,,,,,,,,,,,,,,,,,,,2.50,,,3.25,,,,,,,,2.00,,,,,,,,,,,,,,,,,,,,3.00,,,,,,,,,,,,,,,,,,,,,,,,3.00,,,3.00,,,,,,,,,2.50,,,,,,
Mystic Mama India Pale Ale,Jackie O's Brewery,IPA,American IPA,Ohio,12/20/2024,December,2025,Paul W.,138,Matthew S.,3.03,,,,,,,,,,,,,,,,,3.00,3.00,,,,,3.75,,,,,,,,,,,3.00,,3.00,,,,,,,,,2.00,,,,,,,,3.50,,,,,,,,,,,,,,,,,,,,,,,,,,,,,,,,3.25,,,,,,,,,,2.50,,,,,,,,,,,,,,,,3.25,,,,,,,,,,,,,,,
Far Star Cold Weather Lager,Half Acre Beer Co.,Lager,American Lager,Illinois,10/30/2025,October,2025,Ben S.,148,David A.,3.03,,,,,,,3.25,,,,,,,,3.25,,3.50,,,,,,,,,,,2.75,,,,,,2.50,,3.00,,,,,,,,,,,3.00,,,,,,,,,,,,,,,,,,,,,,,,,,,,,,,,,,,,,,,,,,,,,,,3.25,,,,,,,2.50,,,,,,,,,,,,,,,,,,,,,,,,,3.25
Finn Berliner Style Pale Ale,Urban Artifact,Sour,Berliner Weisse,Ohio,5/24/2018,May,2018,Jason F.,61,Lee M./Brant C.,3.02,3.00,,,,,,,,,,,,,,,,,,4.00,,,,,,,,,,,,,,,2.50,,,,,,,,,,,,,2.25,,,,,,2.50,,3.25,3.00,,,3.00,,,,,,,,,,,,,,,,4.00,,2.50,,,,,,,,,,,,,,,,,,,,,,,,,,,,,,,,,,3.25,,,,,,,,,,,,,,,
"Suh, Brah? New England Style IPA",Streetside Brewery,IPA,New England/Hazy IPA,Ohio,6/27/2018,June,2018,Scott T.,62,Jeremy S.,3.02,4.00,,,,,,,,,,,,,,,4.00,,,,,,,,,,,,,,,,,,2.00,,,,,,,,,,,2.00,,3.25,,,,,,3.00,,,3.00,,,3.25,,,,,2.00,,,,,,,,,,,3.50,,,,,,,,,,,,,,,,,,,,,,,,,,,,,,,,,,,,3.25,,,,,,,,,,,,,,,
DankeChain Oktoberfest,West Sixth Brewing Co.,Oktoberfest,Marzen,Kentucky,9/28/2018,September,2018,Aaron T. and Jeremy S.,65,Jake W.,3.02,3.50,,,,,,,,,,,,,,,,,,,,,,,,,,,,,,,,,2.25,,,,,,,,,,,2.50,,,,,,,,3.00,,2.50,2.50,,,3.50,,,,,,,,,,,,3.50,,,,3.00,,2.50,,,,,,,,,,,,,,,,,,,,,,,,,,,,,,,,,,,,4.50,,,,,,,,,,,,,
Oktoberfest,Coop Ale Works,Oktoberfest,Marzen,Oklahoma,9/28/2018,September,2018,Aaron T. and Jeremy S.,65,Jason M.,3.02,3.50,,,,,,,,,,,,,,,,,,,,,,,,,,,,,,,,,2.50,,,,,,,,,,,2.50,,,,,,,,3.25,,3.00,3.00,,,3.25,,,,,,,,,,,,4.00,,,,3.00,,2.25,,,,,,,,,,,,,,,,,,,,,,,,,,,,,,,,,,,,3.00,,,,,,,,,,,,,
Brew Force New England IPA,Listermann Brewing Co.,IPA,New England/Hazy IPA,Ohio,3/22/2019,March,2019,Jason M.,71,Paul K.,3.02,3.50,,,,,,,,,3.00,,,,,,,,,,,,,,,,,,,,,,,,,,,,,,,,,,,2.25,,,,,,,,3.75,,,3.00,,,2.25,,,,,,,,,,,,2.50,,,,3.00,,2.50,,,,,,,,,,,,,,,,,3.00,,,,,,,,,,,,,,,,,,,,,,,,,,,,,,,,4.50
Striga East India Porter,Seventh Son Brewing Co.,IPA,Black IPA,Ohio,9/24/2021,September,2021,Charlie D.,99,Tim H.,3.02,,,,,,,,,,,,,,,2.75,,,,,,,,3.00,,,,,,,,,,,2.50,,,,,,,,,,2.75,3.50,,3.00,,,,3.50,,3.25,,,3.00,,,3.00,,,,,,,,,,,,,,,,,,,,,,,,,,,,,,,,,,,,,,,,,,,,,,,,,,,,,,,,,,,,,3.00,,,,,,
Peak Conditions Hazy Double IPA,Stone Brewing Co.,IPA,New England/Hazy IPA,California,7/28/2022,July,2022,Dave E.,109,Scott T.,3.02,,,,,,,,,,,,,,,,3.00,,,,,,,,,,,,,,,,,,3.00,,,,,,,,,3.00,,2.50,,3.50,,,,,,3.50,,,,,,,,,,,1.75,,,,,,,,3.00,,,,,,,,,,,,3.50,,,,,,,,,,3.25,,,,,,,,,,,,,,,,,3.00,,,,,,,,,,,,,,,3.25
Social Hour Social Experiment,Santa Fe Brewing Co.,Wheat,American Pale Wheat,New Mexico,2/28/2026,February,2026,Ryan F.,152,Maridee R.,3.02,,,,,,,,,,,,,,,,3.00,,,,,,,,,,,,,3.00,,,,,2.75,,2.75,,,,,,,,,,,2.00,,,,,,3.00,,,,,,,,,,,,,,,,,,,,,,,,,4.25,,,,,,4.00,,,,,,,,,,,,,,,,,,,,2.25,,,,3.00,4.00,,2.25,,,,,,,,,,,,,,,
Thunder Oat IPA,North Peak Brewing Co.,IPA,New England/Hazy IPA,Michigan,7/3/2017,July,2017,Dave E.,51,Jeremy S.,3.02,3.00,,,,,,,,,,,,,,,3.00,,,,,,,,,,,,,,,,,,2.75,,,,,,,,,,,,,2.25,,,,,,3.50,,,,,,3.25,,,,,,,,,,,,,,,,3.50,,,,,,,,2.00,,,2.50,,,,,,,,3.00,,3.75,,,,,,,,,,,,,,,3.00,,,,,,,,,,,,3.75,,,
Vanilla Oak Aged Yeti Imperial Stout,Great Divide Brewing Co.,Stout,Russian Imperial Stout,Colorado,7/6/2018,July,2018,Dave E.,63,Jason F.,3.02,3.50,,,,,,,,,,,,,,,,,,2.25,,,,,,,,,,,,,,,4.00,,,,,,,,,,,4.00,,2.00,,,,,,3.00,,4.00,2.00,,,,,,,,,,,,,,,,,,,4.00,,,,,,,,2.00,,,,,,,,,,,3.00,,,,,,,,,,,,2.25,,,,,3.50,,2.75,,,,,,,,,,,,,
Ayinger Altbairisch Dunkel,Brauerei Aying,Dunkel,,Germany,1/17/2019,January,2019,Paul K.,69,Paul W.,3.02,,,,,,,,,,,,,,,,,,,,,,,3.00,,,,,,,,,,,0.00,,,,,4.00,3.75,,,,,2.50,,2.25,,,,3.00,,3.00,,,3.50,,,,,,,,,,,,,,,4.00,,,,,,2.75,,,,,,,,,,,,,,,,,3.50,3.00,,,,,,,,,,,,,,,,,,,,,,,,,,,,,,,4.00
Oak-Aged Siracusa Nera,Dogfish Head Craft Brewery,Stout,Russian Imperial Stout,Delaware,5/17/2019,May,2019,Jake W.,73,Lee M.,3.02,3.75,,,,,,,,,3.25,,,,,,,,,,,,,,,,,,,,,,,,3.25,,,,,,,,,,,,,,,,,3.25,,3.00,,,,,,2.75,,,,,,,,,,,,,,,,2.50,,4.00,,,,,,,,,,,,,,,,,3.00,3.00,1.00,,,,,,,,,,,,,,,3.50,,,,,,3.50,,,,,,,,2.50,
Extra Dry Sake Style Saison Ale,Stillwater Artisanal Ales,Saison,,Maryland,8/22/2025,August,2025,Jeremy S.,146,Rick S.,3.02,,,,,,,,,,,,,,,2.75,,2.75,,,,,,2.00,,,,,3.50,,,,,,2.75,,2.50,,,,,,,,,,,,,,,,,2.75,,,,,,2.75,,,,,,,,,,,,,,,,,,,,,,,,,2.50,,,,,,,,,,4.00,,,,,,,4.00,,,4.00,,,,2.25,,,,,,,,,,,,,,,,,,3.75
Lagerstadt Oktoberfest Lager,Warped Wing Brewing Co.,Oktoberfest,Festbier,Ohio,9/26/2025,September,2025,Charlie D.,147,Joe J.,3.02,,,,,,,,,,,,,,,,,,3.00,,,,,3.00,,,,,,,,,,,2.75,,2.00,,,,,,,,,,,2.00,,,,,,2.75,,,,,,3.25,,,,,3.50,,,,,,,,,,,,,,,,,,,,3.75,,,,,,,,,,3.50,,,,,3.75,,3.25,,,,,,,2.75,,,3.00,,,,,,,,,,,,,,,
Holster Hazelnut Cream Stout,Cartridge Brewing,Stout,American Stout,Ohio,12/9/2022,December,2023,Paul W.,114,Paul K.,3.02,,,,,,,,,,,,,,,,,,3.25,,,,,3.00,,,,,,,,,,,3.50,,,,,,,,,3.00,,,,,,,,,,3.75,,,3.00,,,2.75,,,,,3.00,,,,,,,,,,,,,,,,,,,,3.75,,,,,,,,,,2.50,2.50,,,,,,,,,,,,,3.25,,,2.00,,,,3.25,,,,,,,,,,,2.75
The Famous Taddy Porter,Samuel Smith Old Brewery,Porter,English Porter,UK,12/2/2016,December,2017,Paul W.,44,Trent D.,3.02,,,,,,,,,,,,,,,,3.50,,3.00,,,,,,,,,,,,,,,,2.25,,,,,,,,,,,3.25,,2.00,,,,,,3.00,,,,,,,,,,,,,,,,,,,,,,3.00,,2.75,,,,,,2.25,3.00,,,,,,,,,,,3.00,2.50,,,,,,,,,,3.50,,,,,3.50,,,,,,3.25,,,,,,4.50,,,
Off Black Black Pilsner,Hopewell Brewing Co.,Pilsner,,Illinois,1/9/2026,January,2026,Paul W.,151,Lee M.,3.02,,,,,,,,,,,,,,,4.00,,,3.75,,,,,3.25,,,,,,,,,,,3.00,,2.75,,,,,,,,,,,2.50,2.50,,,,,3.25,,,,,2.75,,,,,,,,,,,,,,,,,,,2.75,,,,,,,,,,,,,,,,,2.00,3.25,,,,,,2.50,,,2.50,,,,,,,3.00,,,,,,,,,,,,,,,4.50
Dubhe Imperial Black IPA,Uinta Brewing Co.,IPA,Black IPA,Utah,6/4/2013,June,2013,Jake W.,1,Dave E.,3.00,,,,,,,,,,,,,,,,,,1.50,,,,,,,,,,,,4.00,,,,3.00,,,,,3.50,,,,,,,,,,,,,,4.00,,,,,,,,,,,,,,,,,,,,,,,,,,,,,,,,,,,,,,,,,,3.50,4.00,,,,,,,1.50,,,,,,,,4.00,,,,,,,,,,1.00,,,,,
Banana Bread Beer,Wells & Young's Brewing Co.,Fruit and Field,,UK,7/23/2013,July,2013,Bobby T.,3,Colin J.,3.00,,3.00,,,,,,,,,,,,,,,,3.50,,,,,,,,,,,,4.50,,,,,,,,,3.00,,,,,,,,2.00,,,,,,3.00,,,,,,,,,,,,,,,,,,,,,,,,,,,,,,,5.00,,,,,,,,,,,2.50,,,,,,,,,,,,,,,,3.00,,,1.50,,,,,,,2.00,,,,,
Archangel Summer Wheat,North Peak Brewing Co.,Wheat,American Pale Wheat,Michigan,8/12/2013,August,2013,Scott T.,4,Adam H.,3.00,,4.00,,,,,,,,,,,,,,,,3.00,,,,,,,,,,,,,,,,2.00,,,,,4.50,,,,,,,,,,,,,,2.00,,,,,,,,,,,3.00,,,,,,,,,,,,,,,,,,,,2.50,,,,,,,,,,,3.00,4.50,,,,,,,,,,,,,,,1.50,,,,,,,,,,,,,,,
Hard Cider Crisp Apple,Angry Orchard,Cider,Sweet,New York,10/10/2013,October,2013,Matt S.,6,Bobby T.,3.00,,,,,,,,,,,,,,,,,,4.50,,,,,,,,,,,,3.00,,,,3.00,,,,,,,,,,,,,,,,,,,2.50,,,,,,,,,,,,,,,,,,,,,,,,,,,,,,2.50,,,,,,,,,,,,,,,,,,,,,,,,,,,,3.00,,,,,,,,,,,,2.50,,,
Krampus Imperial Helles Lager,Southern Tier Brewing Co.,Lager,Helles Lager,New York,11/14/2013,November,2013,Trent D.,7,Trent D.,3.00,,,,,,,,,,,,,,,,,,,,,,,,,,,,,,,,,,2.50,,,,,2.50,,,,,,,,4.00,,,,,,3.00,,,,,,,,,,,,,,,,,,,,,,,,,,,,,,2.50,,,,,3.00,,,,,,,,,,,,,,,,,,3.00,,,,,2.50,,,,,,,,,,,,4.00,,,
Imperial Stout,Samuel Smith Old Brewery,Stout,Russian Imperial Stout,UK,3/14/2014,March,2014,Denis M.,11,Donny H.,3.00,,,,,,,,,,,,,,,,,,,,,,,,,,,,,,,,,,2.00,,,3.00,,2.00,,,3.50,,,2.50,,,,,,,,,,,,,,,,,,,,,,,,,,,,,,,,,,,,4.00,,2.50,,,,,,,,,,,,,,,,,,,,,,,,,,,,4.50,,,,,,,,,,,,,,,
Hop Notch IPA,Uinta Brewing Co.,IPA,American IPA,Utah,4/17/2014,April,2014,Tony H.,12,Matt S.,3.00,,,,,,,,,,,,,,,,,,,,,,,,,,,,,,3.50,,,,2.50,,,,,,,,,,,,,3.50,,,,,,3.00,,,,,,,,,,,,,,,,,,,,,,,,,,,,,,3.50,,,,,,,,,,,,2.50,,,,,,,,,,,3.00,,,,,3.00,,,,,,,,,,2.50,,,,,
Humboldt Brown,Nectar Ales,Brown,,California,4/17/2014,April,2014,Tony H.,12,Paul W.,3.00,,,,,,,,,,,,,,,,,,,,,,,,,,,,,,3.50,,,,3.00,,,,,,,,,,,,,3.50,,,,,,3.50,,,,,,,,,,,,,,,,,,,,,,,,,,,,,,2.50,,,,,,,,,,,,2.50,,,,,,,,,,,3.00,,,,,2.00,,,,,,,,,,3.50,,,,,
UFO White,Harpoon Brewery,Wheat,Witbier,Massachusetts,4/17/2014,April,2014,Tony H.,12,Colin J.,3.00,,,,,,,,,,,,,,,,,,,,,,,,,,,,,,3.50,,,,2.50,,,,,,,,,,,,,3.00,,,,,,3.00,,,,,,,,,,,,,,,,,,,,,,,,,,,,,,4.00,,,,,,,,,,,,2.00,,,,,,,,,,,2.50,,,,,3.50,,,,,,,,,,3.00,,,,,
PumCan,MadTree Brewing Co.,Pumpkin,,Ohio,10/11/2014,October,2014,Phil H.,18,Nate M.,3.00,,,,,,,,,,,,,,,,,,3.00,,,,,,,,,,,,,,,,2.00,,,,,,,,,,,,,,,,,,,,,,,,,,,,,,,,,,,,,,,,,,,,,,,,,,,,,,3.00,,3.50,,,,,,3.50,,,,,,,,,,,,,,,4.00,,,,,2.00,,,,,,,3.00,,,
Pearl Necklace Oyster Stout,Flying Dog Brewery,Stout,English Stout,Maryland,12/12/2014,December,2015,Paul W.,20,Bobby T.,3.00,,,,,,,,,,,,,,,,,,2.50,,,,,,2.50,,,,,,,,2.50,,3.50,,,,,,,,,,,,3.50,2.50,,,,,,3.50,,,,,,,,,,,,,,,,,,,,,,,,,,,,,,,,,,,,,,,,,,2.50,4.50,,,,,,,,,,,,,,,3.50,,,,,1.50,3.50,,,,3.00,,,,,
Half and Half (Guinness and Smithwick's),Guinness Ltd.,Half and Half,,Ireland,4/17/2015,April,2015,Phil H.,24,Paul W.,3.00,,,,,,,,,,,,,,,,,,4.00,,,,,,,,,,,,,,,,2.50,,,,,1.50,,,,,,,,2.50,,,,,,3.50,,,,,,,,,,,,,,,,,,,,,,,,,,,,,,,2.50,,,,,,,,,,,3.50,4.50,,,,,,,,,,,,,,,2.50,,,,,,,,,,,,,,,
Jurata Baltic Porter,Coronado Brewing Co.,Porter,Baltic Porter,California,4/17/2015,April,2015,Phil H.,24,Dave E.,3.00,,,,,,,,,,,,,,,,,,3.50,,,,,,,,,,,,,,,,3.00,,,,,1.50,,,,,,,,3.50,,,,,,3.00,,,,,,,,,,,,,,,,,,,,,,,,,,,,,,,3.50,,,,,,,,,,,1.50,4.50,,,,,,,,,,,,,,,3.00,,,,,,,,,,,,,,,
Unfiltered Wheat,Boulevard Brewing Co.,Wheat,American Pale Wheat,Missouri,5/13/2015,May,2015,Scott T.,25,Bobby T.,3.00,,,,,,,,,,,,,,,,,,4.00,,,,,,,,,,,,,,,,3.00,,,,,,,,,,,3.00,,2.50,,,,,,3.00,,,,,,,,,,,,,,,,,,,,,,,,,,,,,,,,,,,,,,,,,,2.50,3.00,,,,,,,,,,,,,,,2.50,,,,,,,,,,3.50,,,,,
West Coast IPA,Green Flash Brewing Co.,IPA,American IPA,Virginia,7/1/2015,June,2015,Sam E.,26,Jake W. / Kevin W.,3.00,,,,,,,,,,,,,,,,,,,,,,,,,,,,,,,,,,2.00,,,,,,,,,,,2.00,,3.50,,,,,,3.50,,,,,,,,,,,,,,,,,,,,,,4.00,,,,,,,,3.00,3.00,,,,,,,,,,,,4.50,,,,,,,,,,2.50,,,,,3.00,,,,,,,,,,,,2.00,,,
90 Minute IPA,Dogfish Head Craft Brewery,IPA,Imperial IPA,Delaware,8/10/2015,August,2015,Phil H.,28,Scott T.,3.00,,,,,,,,,,,,,,,,,,2.50,,,,,,,,,,,,,,,,1.50,,,,,,,,,,,2.00,,3.50,,,,,,2.50,,,,,,,,,,,,,,,,,,,,,,,,,,,,,,,,,,,,,,,,,,,5.00,,,,,,,,,,,,,,,4.00,,,,,,,,,,,,3.00,,,
Steve,Rhinegeist Brewiing Co.,Lager,Dark Lager,Ohio,8/10/2015,August,2015,Phil H.,28,Eric A.,3.00,,,,,,,,,,,,,,,,,,3.00,,,,,,,,,,,,,,,,3.00,,,,,,,,,,,3.50,,2.50,,,,,,3.00,,,,,,,,,,,,,,,,,,,,,,,,,,,,,,,,,,,,,,,,,,,3.50,,,,,,,,,,,,,,,2.00,,,,,,,,,,,,3.50,,,
The Calling IPA,Boulevard Brewing Co.,IPA,Imperial IPA,Missouri,1/14/2016,January,2016,Trent D.,33,Jake W.,3.00,,,,,,,,,,,,,,,,,,,,,,,,,,,,,,,,,,2.00,,,,,,,,,,,3.00,,3.00,,,,,,3.50,,,,,,,,,,,,,,,,,,,,,,3.00,,,,,,,,3.50,,,,,,,,,,,,,,,,,,,,,,,,,,,,3.00,,,,,,,,,,,,3.00,,,
Hot Box Brown Ale,Perrin Brewing Co.,Brown,,Michigan,2/25/2016,February,2016,Dave E.,34,Jake W.,3.00,,,,,,,,,,,,,,,,3.50,,,,,,,,,,,,,,,,,,3.00,,,,,,,,,,,3.00,,2.50,,,,,,4.00,,,,,,,,,,,,,,,,,,,,,,,,,,,,,,,,,,,,,,,,,,2.50,4.00,,,,,,,,,,,,,,,1.50,,,,,,,,,,,,,,,
Smitten Golden Rye Ale,Bell's Brewery,Rye,,Michigan,3/30/2016,March,2016,Jake W.,35,Steve S.,3.00,,,,,,,,,,,,,,,,3.00,,,,,,,,,,,,,,,,,4.00,2.50,,,,,,,,,,,2.50,,3.00,,,,,,3.50,,,,,,,,,,,,,,,,,,,,,,,,,,,,,,2.50,,,,,,,,,,,,3.50,,,,,,,,,,,,,,,,,,,,,,3.00,,,,2.50,,,,,
Three Philosophers,Brewery Ommegang,Quad,Belgian Quad,New York,3/30/2016,March,2016,Jake W.,35,Paul W.,3.00,,,,,,,,,,,,,,,,4.50,,,,,,,,,,,,,,,,,2.50,2.00,,,,,,,,,,,3.00,,2.50,,,,,,3.00,,,,,,,,,,,,,,,,,,,,,,,,,,,,,,3.00,,,,,,,,,,,,3.00,,,,,,,,,,,,,,,,,,,,,,3.00,,,,3.50,,,,,
Insulated Dark Lager,Brooklyn Brewery,Lager,Dark Lager,New York,1/19/2017,January,2017,Jake W.,45,Josh J.,3.00,,,,,,,,,,,,,,,,,,,,,,,,,,,,,,,,,,3.00,,,,,,,,,,,3.00,,2.75,,,,,,3.00,,,,,,,,,3.25,,,,,,,,3.00,,,,,3.00,,,,2.50,,,,,,,,,,,,,,3.50,,,,,,,,,,,,,,,,,,,,,,,,,,,,,,,,,
Mega Mix Pale Ale,MIA Beer Co.,Pale Ale,American Pale Ale,Florida,2/24/2017,February,2017,Ben W.,46,Richard A.,3.00,,,,,,,,,,,,,,,,3.00,,,,,,,,,,,,,,,,,,3.25,,,,,,,,,,,,,,,,,,,3.25,,,,,,,,,,,,,,,,,,,,,,3.00,,,,,,,,,,,2.75,,,,,,,,,,,,,,4.25,,,,,,,,,,,,,,,,,,,,,1.50,,,,,
Double Citra IPA,Moeller Brew Barn,IPA,Double IPA,Ohio,12/8/2017,December,2018,Paul W.,56,Eric H.,3.00,,,,,,,,,,,,,,,,4.50,,2.75,,,,,,,,,,,,,,,,2.75,,,,3.75,,,,,,,1.50,,4.00,,,,,,3.50,,,,,,,,,,,,,,,,,,,,,,2.00,,2.00,,,,,,,,,3.50,,,,,,,,2.75,2.50,3.50,,,,3.75,,,,,,,,,,,3.25,,,,,2.75,2.50,,,,2.75,,,,,
Chocolate Sombrero Mexican-Style Chocolate Stout,Clown Shoes,Stout,American Imperial Stout,Massachusetts,3/2/2018,February,2018,Colin J.,58,Dave E.,3.00,,,,,,,,,,,,,,,,,,2.50,,,,,2.75,,,,3.50,,,2.25,,,,2.75,,,,,,,,,,,,,2.75,,,,,,3.25,,,2.00,,,,,,,,,,,,,,,,,,,4.00,,,,,,,,,,,,,,,,,,,4.00,,,,,,,,,,,,,,,,,3.25,,,,,,,,,,,,,,,
Prince & Pauper,Omnipollo,Farmhouse,,Sweden,3/23/2018,March,2018,Kevin W. and Dave E.,59,Jason M.,3.00,,,,,,,,,,,,,,,,,,,,,,,,,,,,,,,,,,2.25,,,,,,,,,,,,,1.75,,,,,,,,3.00,3.50,,,,,,,,,,,,,,,,,,,4.00,,,,,,,,3.00,,,,,,,,,,,2.25,,4.50,,,,,,,,,,2.75,,,,,,,,,,,,,,,,,,,,
Torpedo Extra IPA,Sierra Nevada Brewing Co.,IPA,American IPA,California,6/27/2018,June,2018,Scott T.,62,Jake W.,3.00,5.00,,,,,,,,,,,,,,,3.00,,,,,,,,,,,,,,,,,,1.75,,,,,,,,,,,2.00,,3.50,,,,,,2.75,,,3.50,,,3.00,,,,,1.50,,,,,,,,,,,4.00,,,,,,,,,,,,,,,,,,,,,,,,,,,,,,,,,,,,3.00,,,,,,,,,,,,,,,
Reformation Scottish Stout,Wooden Cask Brewing Co.,Stout,Export Stout,Kentucky,8/31/2020,August,2020,Jeremy S.,86,Eric A.,3.00,2.00,,,,,,,,,,,,,,,,,,,,,,2.75,,,,,,,,,,,3.00,,,,,,,,,,,4.00,,,,,,3.25,,3.00,,,2.75,,,3.00,,,,,,,,,,,,,,,,,,,,,,,,,,,,,,,,,,,3.25,,,,,,,,,,,,,,,,,,,,,,,,,,,,,,,,
Silly Wabbit,Oozlefinch Beers & Blending + WeldWerks Brewing Co.,Sour,Fruited Sour,Virginia,5/31/2021,May,2021,Scott T.,95,Dave E.,3.00,,,,,,,,,,,,,,,2.75,,,,,,,,,,,,,,,,,,,3.50,,,,,,,,,,,,,2.25,,,,3.50,,2.75,,,,,,,,,,,,,,,,,,,,,,,,,,,,,,,,,,,,,,,,,2.75,,,,,,,,,,,,,,,,,3.50,,,,,,,,,,,,,,,
All In Blonde American Blonde Ale,Alexandria Brewing Co.,Blonde,American Blonde,Kentucky,6/17/2021,June,2021,Jason M.,96,Jason M.,3.00,,,,,,,,,,,,,,,3.00,,,,,,,,2.75,,,,,,,,,,,2.75,,,,,,,,,,,,,,,,,3.50,,2.50,,,3.50,,,,,,,,,,,,,,,,,,,,,,,,,,,,,,,,,,,,,,2.75,,,,,,,,,,,,,,,,,,,,,,,,,,,,,,,,3.25
Porter,Big Timber Brewing,Porter,American Porter,West Virginia,11/18/2021,November,2021,Greg A.,101,Drew B.,3.00,3.00,,,,,,,,,,,,,,,,,,,,,,,,,,,,,,,,,3.00,,,,,,,,,3.25,,,,,,,,3.50,,3.50,,,,,,3.00,,,,,,,,,,,,,,,,,,,,,,,,,,,,,,,,,,,2.50,,,,,,,,,,,,,,,,,2.75,,,,,,,,,,,,,,,2.50
Iris Irish Red Ale,Esoteric Brewing Co.,Red,Irish Red,Ohio,3/25/2022,March,2022,Zach M.,105,Dave E.,3.00,,,,,,,,,,,,,,,,,,,,,,,,,,,,,,,,,,3.75,,,,,,,,,,,,,,,,,,,2.75,,,,,,,,,,,,,,,,,,,,,,,,,,,,,,,,,,,,,,,,,2.75,,,,,,,,,,,,,,,,,,,,,,,,,,,,,,,,2.75
SummerTide Cream Ale,Brink Brewing Co.,Cream Ale,,Ohio,6/22/2022,June,2022,Jake W.,108,Erik W.,3.00,,,,,,,,,,,,,,,2.25,,,,,3.75,,,,,,,,,,,,,,2.25,,,,,,,,,3.00,,,,2.00,3.00,4.00,,,,3.25,,,,,,2.50,,,,,,,,,,,,,,,,,,,,,,,,,,,,,,,,,,,3.75,,,,,,,,,,,,,,,,,,,,,,,,,,,,,,,,3.25
Shiner Bock,Spoetzl Brewery,Bock,Bock,Texas,12/9/2022,December,2023,Paul W.,114,Jason M.,3.00,,,,,,,,,,,,,,,,,,1.75,,,,,2.50,,,,,,,,,,,2.50,,,,,,,,,2.50,,,,,,,,,,3.00,,,3.00,,,4.00,,,,,3.50,,,,,,,,,,,,,,,,,,,,3.50,,,,,,,,,,3.50,2.75,,,,,,,,,,,,,3.25,,,3.25,,,,2.75,,,,,,,,,,,3.25
Banker American Stout,Northern Row Brewery,Stout,American Stout,Ohio,12/15/2023,December,2024,Paul W.,126,Jake W.,3.00,,,,,,,,,,,,,,,2.75,,2.50,,,,,,2.50,,,,,,,,,,,,,,,,,,,,,,,,,,,,,,3.50,,,,,,3.00,,,,,3.00,,,,,,,,,,,,3.00,,,,,,,,4.00,,,,,,,,,,,3.00,,,,,,,,,,,,,3.50,,,,,,,,,,,,,,,,,,2.25
All Sunshine DDH Hazy Double IPA,Falling Knife Brewing Co.,IPA,New England/Hazy IPA,Minnesota,7/31/2024,July,2024,Dave E.,133,Jake W.,3.00,,,,,,,,,,,,,,,2.75,,3.25,,,,,,2.00,,,,,,,,,,,1.50,,,,,,,,,,,,,3.25,,,,,,3.50,,,3.00,,,,,,,,2.25,,,,,,,,2.75,,,,,3.50,,,,,,,3.50,,,,,,,,,,,,,,3.00,,,,,,,,,,2.50,4.00,,3.00,,,,,,,,,,,,,,,4.25
Emerald Parkway Irish Red,Seventh Son Brewing Co. / The Getaway Brewing Co.,Red,,Ohio,2/25/2025,February,2025,Silverton/Pleasant Ridge,140,Dave E.,3.00,,,,,,,,,,,,,,,2.75,3.75,2.50,,,,,,,,,,,,,,,,,2.75,,2.00,,,,,,,,,,,3.50,2.00,,,,,3.00,,,,,,,,,,,,,,,,,,,,,,,,,,,,,,,3.50,,,,,,,,,,3.50,,,,,,,,,,,,,,3.00,,,,,,,,,,,,,,,,,,3.75
Dream Wave Fluctuation Double India Pale Ale,Equilibrium Brewery / Other Half Brewing Co.,IPA,Double IPA,New York,7/24/2025,July,2025,Dave E.,145,Ben S.,3.00,,,,,,,,,,,,,,,3.25,,,,,,,,2.25,,,,,,,,,,,3.25,,2.50,,,,,,,3.25,,,,2.50,,,,,,3.50,,,,,,,,,,,,,,,,,,,,,,,,,,,,,,,,,,,,,,,,,,,,,,,,,,,3.50,,,,,3.00,,,,,,,,,,,,,,,,,
"Short, Dark & Handsome Stout with Maple & Vanilla",Other Half Brewing Co.,Stout,American Stout,New York,11/26/2025,November,2025,Lee M.,149,Scott T.,3.00,,,,,,,,,,,,,,,,,,,,,,,,,,,,,,,,,,3.00,,2.75,,,,,,,,,,,3.50,,,,,,2.75,,,,,,,,,,,,,,,,,,,,,,,,3.25,,,,,,,,,,,,,,,,,,,,,,,,,,,2.25,,,,,,,3.50,,,,,,,,,,,,,,,
La Chouffe Blonde,Brasserie d'Achouffe,Strong,Belgian Strong,Belgium,11/26/2025,November,2025,Lee M.,149,David A.,3.00,,,,,,,,,,,,,,,,,,,,,,,,,,,,,,,,,,2.50,,3.25,,,,,,,,,,,3.00,,,,,,3.00,,,,,,,,,,,,,,,,,,,,,,,,3.00,,,,,,,,,,,,,,,,,,,,,,,,,,,3.00,,,,,,,3.25,,,,,,,,,,,,,,,
Unraveled IPA,Founders Brewing Co.,IPA,American IPA,Michigan,12/11/2020,December,2021,Paul W.,90,Aaron T. / Eric A. / Eric H. / Steve P.,2.99,3.50,,,,,,,,,,,,,,3.50,2.50,,2.75,,,,,2.25,,,,,,,,,,,2.00,,,,,,,,,2.75,,1.75,,3.75,,,,3.00,,3.75,,,3.25,,,4.50,,,,,,,,,,,,,,,,3.00,,3.00,,,,,,,,,,,,,,,3.00,,2.50,2.75,,,,,,,,,,,,,,,,3.25,,,,,4.00,,,,,2.00,,,,,
Peanut Butter Porter,DESTIHL Brewery,Porter,American Porter,Illinois,7/31/2024,July,2024,Dave E.,133,Eric H.,2.98,,,,,,,,,,,,,,,2.75,,1.00,,,,,,2.25,,,,,,,,,,,4.00,,,,,,,,,,,,,3.25,,,,,,2.00,,,3.00,,,,,,,,3.75,,,,,,,,3.50,,,,,3.75,,,,,,,4.00,,,,,,,,,,,,,,2.00,,,,,,,,,,4.00,3.00,,3.25,,,,,,,,,,,,,,,2.25
Hidden Temple Hazy India Pale Ale,Falling Knife Brewing Co.,IPA,New England/Hazy IPA,Minnesota,12/9/2022,December,2023,Paul W.,114,Dave E.,2.98,,,,,,,,,,,,,,,,,,3.25,,,,,2.75,,,,,,,,,,,2.75,,,,,,,,,3.00,,,,,,,,,,3.75,,,2.50,,,3.25,,,,,3.00,,,,,,,,,,,,,,,,,,,,3.50,,,,,,,,,,3.50,2.50,,,,,,,,,,,,,3.00,,,3.00,,,,2.25,,,,,,,,,,,2.75
The Final Countdown Double IPA,North High Brewing Co.,IPA,Double IPA,Ohio,12/9/2022,December,2023,Paul W.,114,Steve M.,2.98,,,,,,,,,,,,,,,,,,2.75,,,,,2.25,,,,,,,,,,,2.75,,,,,,,,,3.25,,,,,,,,,,3.00,,,2.25,,,3.00,,,,,3.50,,,,,,,,,,,,,,,,,,,,3.75,,,,,,,,,,3.25,1.75,,,,,,,,,,,,,2.00,,,2.75,,,,5.00,,,,,,,,,,,3.50
Insatiable Dreams Oak-Fermented Mixed Farmhouse Ale,Hacienda Beer Co.,Farmhouse,,Wisconsin,9/26/2025,September,2025,Charlie D.,147,Bobby T.,2.98,,,,,,,,,,,,,,,,,,3.00,,,,,4.00,,,,,,,,,,,2.75,,2.75,,,,,,,,,,,1.50,,,,,,3.00,,,,,,2.75,,,,,2.75,,,,,,,,,,,,3.25,,,,,,,,3.00,,,,,,,,,,2.75,,,,,2.75,,3.00,,,,,,,4.00,,,3.50,,,,,,,,,,,,,,,
Lupulin Effect,MadTree Brewing Co. / Fat Head's Brewery,IPA,Double IPA,Ohio,7/6/2018,July,2018,Dave E.,63,Eric H.,2.98,4.00,,,,,,,,,,,,,,,,,,3.25,,,,,,,,,,,,,,,3.00,,,,,,,,,,,1.75,,4.00,,,,,,3.50,,1.75,2.50,,,,,,,,,,,,,,,,,,,3.00,,,,,,,,2.00,,,,,,,,,,,2.25,,,,,,,,,,,,3.00,,,,,3.25,,4.50,,,,,,,,,,,,,
Boulevard Plaid Habit,Boulevard Brewing Co.,Brown,,Missouri,1/17/2019,January,2019,Paul K.,69,Lee M.,2.98,,,,,,,,,,,,,,,,,,,,,,,3.75,,,,,,,,,,,3.50,,,,,2.00,3.25,,,,,4.75,,1.75,,,,1.00,,3.25,,,2.00,,,,,,,,,,,,,,,3.25,,,,,,4.50,,,,,,,,,,,,,,,,,2.75,3.00,,,,,,,,,,,,,,,,,,,,,,,,,,,,,,,3.00
German Dark Lager,Listermann Brewing Co.,Schwarzbier,,Ohio,7/3/2020,July,2020,Dave E.,85,Eric A.,2.98,,,2.50,,,,,,,,,,,,,,,,,,,,1.75,,,,,,,,,,,3.50,,,,,,,3.75,,,,2.50,,2.50,,,,,,2.75,,,3.50,,,3.50,,,,,,,,,,,,,,,,4.00,,,,,,,,,,,,,,,,,,,4.00,,,,,,,,,,,,,,,,,,,,,,,,,,,,,,,1.50,
Seeing Colors Tropical Hazy IPA,MadTree Brewing Co.,IPA,New England/Hazy IPA,Ohio,6/27/2025,June,2025,Sara P.,144,Bobby T.,2.98,,,,,,,,,,,,,,,3.25,,,3.25,,,,,2.00,,,,,,,,,,,3.00,,,,,,,,,,,,,,,,,,,3.25,,,,,,,,,,,,,,,,,,,,,,,3.50,,,,,,,,3.25,,,,,,,,,,3.25,,,,,,,3.00,,,,,,,2.25,3.00,,,,,,,,,,,,,,,,,2.75
Green Zebra Gose,Founders Brewing Co.,Sour,Gose,Michigan,5/24/2018,May,2018,Jason F.,61,Dave E.,2.98,3.00,,,,,,,,,,,,,,,,,,3.00,,,,,,,,,,,,,,,3.00,,,,,,,,,,,,,2.00,,,,,,3.25,,3.00,1.75,,,3.00,,,,,,,,,,,,,,,,3.00,,3.75,,,,,,,,,,,,,,,,,,,,,,,,,,,,,,,,,,4.00,,,,,,,,,,,,,,,
Pliney the Elder Clone,South Ave Brewing Co.,IPA,Imperial IPA,Ohio,6/27/2018,June,2018,Scott T.,62,Ben W.,2.98,3.00,,,,,,,,,,,,,,,4.00,,,,,,,,,,,,,,,,,,2.50,,,,,,,,,,,3.00,,3.00,,,,,,2.50,,,4.00,,,2.75,,,,,2.00,,,,,,,,,,,3.00,,,,,,,,,,,,,,,,,,,,,,,,,,,,,,,,,,,,3.00,,,,,,,,,,,,,,,
Ten FIDY Imperial Stout,Oskar Blues Brewery,Stout,American Imperial Stout,Colorado,1/30/2020,January,2020,Scott T.,81,Scott T. / Retrial,2.98,1.00,,,,,,,,,,,,,,3.50,4.50,,,,,,,3.00,,,,,,,,,,,3.25,,,,,,,,,2.75,,3.00,,2.75,,,,,,3.50,,,3.00,,,4.00,,,,,,,,,,,,,,,,4.00,,2.75,,,,,,1.00,,,4.00,,,,,,2.00,,3.00,,,,,,,,,,,,,,,,,4.25,,,,,1.50,,,,,1.75,,,,2.75,4.25
Super Cluster IPA,Lagunitas Brewing Co.,IPA,Imperial IPA,California,6/12/2020,June,2020,Charlie D.,84,Andrew S.,2.98,2.00,,,,,,,,,,3.25,,,,,3.00,,3.00,,,,,3.50,,,,,,,,,,,2.25,,,,,,,,,,,,,3.50,,,,,,3.50,,,2.75,,,2.75,,,,,,,,,,,,,,,,,,,,,,,,,,,,,,,,,,,3.25,,,,,,,,,,,,,,,,,,,,,,,,,,,,,,,,
Space Metal Dinosaur American Double IPA,Lone Pine Brewing Co.,IPA,Double IPA,Maine,9/24/2021,September,2021,Charlie D.,99,Jake W.,2.98,,,,,,,,,,,,,,,3.00,,,,,,,,3.00,,,,,,,,,,,2.25,,,,,,,,,,2.75,2.00,,3.75,,,,3.00,,4.00,,,2.75,,,2.75,,,,,,,,,,,,,,,,,,,,,,,,,,,,,,,,,,,,,,,,,,,,,,,,,,,,,,,,,,,,,3.50,,,,,,
Dunkel No. 9 Munchen Style Lager,Fretboard Brewing Co.,Dunkel,,Ohio,10/24/2023,October,2023,Higher Gravity,124,Steve P.,2.98,,,,,,,,,,,,,,,3.00,,3.00,,,,,,,,,,,,,,,,,3.00,,,,,,,,,3.00,,,,,,,,,,3.25,,,,,,2.75,,,,,,,,,,,,,,,,,,,,,,,,,3.50,,,,,,,,,,3.50,,,,,,,,,,,,,,2.75,2.00,,,,,,,3.00,,,,,,,,,,
Third Wheel Belgian Tripel,Sibling Revelry Brewery,Tripel,Belgian Tripel,Ohio,4/17/2018,April,2018,Jake W.,60,Lee M.,2.98,,,,,,,,,,,,,,,,,,,,,,,,,,,,,,,,,,3.50,,,,,,,,,,,,,,,,,,,2.75,,3.00,3.00,,,2.75,,,,,,,,,,,,,,,,,,3.50,,,,,,,,,,,,,,,,,3.50,3.00,,,,,,,,,,,,,,,,,,,,,,2.50,,,,,2.25,,,,
Dragons Dragon Fruit Punch Midwest Fruit Tart,Urban Artifact,Sour,Fruited Sour,Ohio,8/31/2020,August,2020,Jeremy S.,86,Greg A.,2.98,1.00,,,,,,,,,,,,,,3.75,,,,,,,,4.25,,,,,,,,,,,3.00,,,,,,,,,,,3.00,,,,,,4.00,,2.75,,,3.25,,,2.75,,,,,,,,,,,,,,,,,,,,,,,,,,,,,,,,,,,2.00,,,,,,,,,,,,,,,,,,,,,,,,,,,,,,,,
Hold The Reins English Mild,Brink Brewing Co.,Mild Ale,English Mild Ale,Ohio,8/27/2021,August,2021,Jeremy S.,98,Ben S.,2.97,,,,,,,,,,,,,,,3.00,,,,,,,,1.50,,,,,,,,,,,,,,,,,,,,,,,,,,,,2.75,,3.00,,,3.00,,,3.00,,,,,,,,,,,,4.25,,,,,,,,,,,,,,,,,,,,,,,3.25,,,,,,,,,,,,,,,,,,,,,,,,,,,,,,,,3.00
Whiffle Witbier,Rhinegeist Brewing Co.,Wheat,Witbier,Ohio,5/29/2020,May,2020,Wes B.,83,Kevin W.,2.97,,,,,,,,,,,,,,,,,,,,,,,3.25,,,,,,,,,,,2.75,,,,,,,,,,,,,3.00,,,,,,3.00,,,2.00,,,3.00,,,,,,,,,,,,,,,,4.00,,,,,,,,,,,,,,,,,,,,,,,,,,,,,,,,,,,,,,,,,,,,,,,,,,2.75,
"You, Me, and Mr. PB Chocolate Peanut Butter Milk Stout",Mirror Twin Brewing,Stout,Sweet/Milk Stout,Kentucky,7/31/2024,July,2024,Dave E.,133,Jason M.,2.97,,,,,,,,,,,,,,,3.25,,1.75,,,,,,3.00,,,,,,,,,,,3.75,,,,,,,,,,,,,3.00,,,,,,3.00,,,4.00,,,,,,,,3.25,,,,,,,,1.75,,,,,3.00,,,,,,,4.25,,,,,,,,,,,,,,3.00,,,,,,,,,,3.50,2.00,,2.50,,,,,,,,,,,,,,,2.50
Jungle Love Amber Ale,Little Miami Brewing Co.,Amber,,Ohio,12/9/2022,December,2023,Paul W.,114,Joe J.,2.97,,,,,,,,,,,,,,,,,,2.25,,,,,2.50,,,,,,,,,,,2.75,,,,,,,,,3.00,,,,,,,,,,3.00,,,3.25,,,3.25,,,,,3.50,,,,,,,,,,,,,,,,,,,,3.75,,,,,,,,,,3.00,2.25,,,,,,,,,,,,,3.75,,,3.00,,,,2.75,,,,,,,,,,,2.50
Amber Lager,Third Shift Band of Brewers,Amber,,Colorado,9/9/2013,September,2013,Dave E.,5,Denis M. / Eric H.,2.96,,,,3.50,,,,,,,,,,,,,,3.00,,,,,,,,,,,,,,,,3.00,,,,,4.00,,,3.50,,,3.50,,,,,,,,1.50,4.00,,,,,,,,,,,,,,,,,,,,3.00,,,,,,,,,3.50,,,,,1.00,,,,,,,,2.00,,,,,,,,,,,,,,,2.50,,,,,,,,,,,,3.50,,,
Dragonfly IPA,Upland Brewing Co.,IPA,American IPA,Indiana,5/13/2014,May,2014,Colin J.,13,Eric H.,2.96,,,,,,,,,,,,,,,,,,2.50,,,,,,,,,,,,4.00,,,,2.00,,,,,,,,2.50,,,,,4.00,,,,,,3.50,,,,,,,,,,,,,,,,,,,,,,,,,,2.00,,,,3.50,,,,,,,,,,3.00,,,,,,,,,,,,,2.00,,,,,3.00,,,4.50,,,,,,,2.50,,2.50,,,
Honeyspot Road IPA,Two Roads Brewing Co.,IPA,American IPA,Connecticut,7/6/2018,July,2018,Dave E.,63,Scott T.,2.96,4.00,,,,,,,,,,,,,,,,,,3.50,,,,,,,,,,,,,,,2.75,,,,,,,,,,,2.25,,3.00,,,,,,3.00,,3.25,3.00,,,,,,,,,,,,,,,,,,,2.50,,,,,,,,2.00,,,,,,,,,,,2.50,,,,,,,,,,,,3.50,,,,,3.00,,3.25,,,,,,,,,,,,,
Dark Apparition Russian Imperial Stout,Jackie O's Brewery,Stout,Russian Imperial Stout,Ohio,3/25/2021,March,2021,Paul K.,93,Jake W.,2.96,,,,,,,,,,,,,,,3.50,,,,,,,,,,,,,,,,,,,2.50,,,,,,,,,,,,,2.75,,,,3.00,,3.50,,,,,,,,,,,,,,,,,,,,,,,,,,,,,,,,,,,,,,,,,3.00,,,,,,,,,,,,,,,,,,,,,,,,,,,,,,,,2.50
Irish Red,March First Brewing,Red,,Ohio,3/25/2021,March,2021,Paul K.,93,Eric H.,2.96,,,,,,,,,,,,,,,3.25,,,,,,,,,,,,,,,,,,,2.50,,,,,,,,,,,,,3.75,,,,3.25,,3.00,,,,,,,,,,,,,,,,,,,,,,,,,,,,,,,,,,,,,,,,,2.50,,,,,,,,,,,,,,,,,,,,,,,,,,,,,,,,2.50
BBL Oyster Stout,HighGrain Brewing Co.,Stout,American Imperial Stout,Ohio,2/24/2023,February,2023,Silverton/Pleasant Ridge,116,Ben W.,2.96,,,,,,,,,,,,,,,,3.00,,,,,,,,,,,,,,,,,,2.75,,,,,,,,,,,,,,,,,,,3.50,,,,,,2.25,,,,,2.50,,,,,,,,,,,,,,,,,,,,3.75,,,,,,,,,,,,,,,,,,,,,,,,3.00,,,,,,,,,,,,,,,,,,
Gentle Revolution Slow Pour Czech Pils,HighGrain Brewing Co.,Pilsner,,Ohio,2/24/2023,February,2023,Silverton/Pleasant Ridge,116,Joe J.,2.96,,,,,,,,,,,,,,,,3.00,,,,,,,,,,,,,,,,,,2.75,,,,,,,,,,,,,,,,,,,2.75,,,,,,3.00,,,,,3.00,,,,,,,,,,,,,,,,,,,,3.50,,,,,,,,,,,,,,,,,,,,,,,,2.75,,,,,,,,,,,,,,,,,,
Vanilla Porter,North Peak Brewing Co.,Porter,American Porter,Michigan,8/22/2025,August,2025,Jeremy S.,146,Dave E.,2.96,,,,,,,,,,,,,,,2.75,,2.00,,,,,,3.50,,,,,2.75,,,,,,4.00,,2.50,,,,,,,,,,,,,,,,,3.00,,,,,,3.00,,,,,,,,,,,,,,,,,,,,,,,,,3.50,,,,,,,,,,2.50,,,,,,,3.00,,,3.00,,,,3.25,,,,,,,,,,,,,,,,,,2.75
Robust Porter,Smuttynose Brewing Co.,Porter,Robust Porter,New Hampshire,2/20/2014,February,2014,Dave E.,10,Matt A.,2.96,,,,,,,,,,,,,,,,,,3.00,,,,,,,,,,,,,,,,3.00,,,,,,,,2.00,,,3.00,,3.00,,,,,3.50,3.00,,,,,,,,,,,,,,,,,,,,,,,,,,,,3.50,,2.50,,,,,,,,,,,,,,,,,,,,,,,2.50,,,,,3.00,,,,,,,,,,,,3.50,,,
Teddy Bear Kisses,Upland Brewing Co.,Stout,Russian Imperial Stout,Indiana,12/12/2014,December,2015,Paul W.,20,Phil H.,2.96,,,,,,,,,,,,,,,,,,3.50,,,,,,3.00,,,,,,,,2.50,,2.00,,,,,,,,,,,,3.00,3.00,,,,,,3.00,,,,,,,,,,,,,,,,,,,,,,,,,,,,,,,,,,,,,,,,,,3.00,5.00,,,,,,,,,,,,,,,2.50,,,,,2.00,3.00,,,,,,,,,
Grande Reserve Ale,Chimay Brewery,Strong,Belgian Strong,Belgium,2/26/2015,February,2015,Dave E.,22,Mark A.,2.96,,,,,,,,,,,,,,,,,,,,,,,,,,,,,,,,,,3.50,,,,,2.00,,,3.50,,,,,3.00,,,2.50,,,3.00,,,,,,,,,,,,,,,,,,,,,,,,,,4.00,,,,2.50,2.50,,,,,,,,,,,,,,,,,,,,,,2.50,,,,4.00,,,,,,,,,,,,,2.50,,,
Burbank Blonde,Moeller Brew Barn,Blonde,,Ohio,12/8/2017,December,2018,Paul W.,56,Tony H.,2.96,,,,,,,,,,,,,,,,4.50,,2.50,,,,,,,,,,,,,,,,2.50,,,,3.00,,,,,,,2.75,,2.75,,,,,,2.75,,,,,,,,,,,,,,,,,,,,,,2.50,,3.00,,,,,,,,,3.50,,,,,,,,3.25,3.00,3.50,,,,2.75,,,,,,,,,,,2.00,,,,,2.50,2.75,,,,3.75,,,,,
Bucket of Gloves Small Batch IPA Series,Platform Beer Co.,IPA,New England/Hazy IPA,Ohio,8/21/2019,August,2019,Jeremy S.,76,Zach M.,2.96,2.00,,,,,,,,,,,,,,2.75,,,,,,,,,,,,,,,,,,,2.00,,,,,,,,,,,,,,,,,3.75,,2.75,,,,,,3.50,,,,,,,,,,,,3.50,,,,3.50,,2.25,,,,,,,,,,,,,,,,,3.50,,,,,,,,,,,,,,,,,2.50,,,,,,,,,,,,,,,3.50
Bud Light,Anheuser-Busch,Lager,American Light Lager,Missouri,8/21/2019,August,2019,Jeremy S.,76,Kevin W.,2.96,3.50,,,,,,,,,,,,,,2.75,,,,,,,,,,,,,,,,,,,2.50,,,,,,,,,,,,,,,,,3.00,,2.50,,,,,,2.00,,,,,,,,,,,,3.75,,,,2.50,,2.50,,,,,,,,,,,,,,,,,3.50,,,,,,,,,,,,,,,,,2.50,,,,,,,,,,,,,,,4.50
Knotty Brown,MadTree Brewing Co.,Brown,,Ohio,12/6/2019,December,2020,Paul W.,80,Dave E.,2.96,3.50,,,,,,,,,,,,,,,2.50,,,,,,,2.50,,,3.00,,,,,,,,3.75,,,,,,,,,,,3.25,,3.25,,,,2.00,,3.75,,,3.00,,,3.00,,,,,,,,,,,,3.25,,,,,,2.50,,,,,,,,,,,,,,,,,3.00,3.00,,,,,,,,,,,,,,,,2.25,,,,,,3.00,,,,,,,,2.75,
The Astro Turf of Hair Triple India Pale Ale,Hoof Hearted Brewing,IPA,New England/Hazy IPA,Ohio,3/28/2024,March,2024,Zach M.,129,Dave E.,2.96,,,,,,,,,,,,,,,3.00,,3.50,,,,,,,,,,,,,,,,,2.50,,,,,,,,,,,,,,,,,,,3.75,,,,,,,,,,,,,,,,,,,,,,,,,,,,,,,,,,,,,,,,,2.50,,,,,,,,,,,,,,,,,,,,,,,,,,,,,,,,2.50
All Beef Frank Double India Pale Ale,Hop Butcher for the World,IPA,Double IPA,Illinois,5/22/2024,May,2024,Jake W. ,131,Ben S.,2.96,,,,,,,,,,,,,,,2.50,,3.25,,,,,,,,,,,,,,,,,,,,,,,,,,3.50,,,,3.00,,,,,,3.50,,,,,,2.75,,,,,,,,,,,,,,,,,,,,,,,,,3.50,,,,,,,,,,2.50,2.75,,,,,,,,,,,,,2.50,,,2.00,,,,,,,,,,,,,,,3.75
Singha Premium Lager,Boon Rawd Brewery Co.,Lager,Pale Lager,Thailand,5/22/2024,May,2024,Jake W. ,131,Jeremy S.,2.96,,,,,,,,,,,,,,,3.00,,3.50,,,,,,,,,,,,,,,,,,,,,,,,,,3.00,,,,2.50,,,,,,2.75,,,,,,3.25,,,,,,,,,,,,,,,,,,,,,,,,,3.50,,,,,,,,,,3.00,3.00,,,,,,,,,,,,,2.75,,,2.00,,,,,,,,,,,,,,,3.25
The Great Coney War 2024 West Coast Style IPA,Streetside Brewery,IPA,American IPA,Ohio,10/30/2024,October,2024,Ben S.,136,Zach M.,2.96,,,,,,,,,,,,,,,3.25,,2.50,,,,,,,,,,,,,,,,,,,,,,,,,,,,,,4.00,,,,,,3.00,,,,,,,,,,,,,,,,,,,,,,,,,,,,,,,,,,,,,,,,,2.25,,,,,,,,,,,,,,,,,,,,,,,,,,,,,,,,2.75
Butt-Head Bock Lager,Tommyknocker Brewery,Bock,Bock,Colorado,7/23/2013,July,2013,Bobby T.,3,Adam H.,2.95,,2.00,,,,,,,,,,,,,,,,3.50,,,,,,,,,,,,4.50,,,,,,,,,2.00,,,,,,,,3.00,,,,,,4.00,,,,,,,,,,,,,,,,,,,,,,,,,,,,,,,3.00,,,,,,,,,,,3.50,,,,,,,,,,,,,,,,3.00,,,1.00,,,,,,,3.00,,,,,
Crash Pale Ale,Rhinegeist Brewing Co.,Pale Ale,American Pale Ale,Ohio,8/28/2017,August,2017,Bobby T.,52,Eric H. / Denis M.,2.95,,,,,,,,,,,,,,3.25,,,,2.50,,,,,2.75,,,,,,,,,,,2.25,,,,,2.75,,,,,,2.25,,3.75,,,,,,3.75,,2.25,,,,,,,,,,,,,,,,,,,,,,,,,,,,,,,,,,,,,,,3.50,,,,,,,,,,,,,,,,,3.50,,,,,,,,,,,,,,,
Spotlight White IPA,Braxton Brewing Co.,IPA,Belgian IPA,Kentucky,2/15/2019,February,2019,Jeremy S.,70,OJ W.,2.95,,,,,,,,,,,,,,,,3.50,,,,,,,,,,,,,,,,,,1.75,,,,,,,,,,,,,,,,,2.50,,2.75,,,3.00,,,2.50,,,,,,,,,,,,,,,,3.50,,,,,,,,,,,,,,,,,3.25,,3.50,,,,,,,,,,,,,,,,,3.25,,,,,,,,,,,,,,,3.00
Deth's Tar Barrel-Aged Imperial Oatmeal Stout,Revolution Brewing,Stout,Oatmeal Stout,Illinois,7/5/2019,July,2019,Dave E.,75,Paul K.,2.95,3.00,,,,,,,,,,,,,,,3.75,,,,,,,3.50,,,,,,,,,,,3.50,,,,,,,,,1.50,,,,,,,,,,3.00,,,3.00,,,4.00,,,,,,,,,,,,,,,,,,,,,,,,,,,,,,,,,,,3.00,,,,,,,,,,,,,,,,,,,,1.75,,,,,,,,,,,,2.50
Brook Robust Porter,HighGrain Brewing Co.,Porter,Robust Porter,Ohio,9/24/2021,September,2021,Charlie D.,99,Ben S. / Greg A.,2.95,,,,,,,,,,,,,,,3.00,,,,,,,,2.25,,,,,,,,,,,3.00,,,,,,,,,,2.50,2.50,,3.25,,,,3.75,,3.00,,,3.00,,,3.00,,,,,,,,,,,,,,,,,,,,,,,,,,,,,,,,,,,,,,,,,,,,,,,,,,,,,,,,,,,,,3.25,,,,,,
Humulus Nimbus Super Pale Ale,Seventh Son Brewing Co.,Pale Ale,American Pale Ale,Ohio,6/22/2022,June,2022,Jake W.,108,Zach M.,2.95,,,,,,,,,,,,,,,2.75,,,,,3.00,,,,,,,,,,,,,,1.75,,,,,,,,,3.25,,,,2.25,3.00,3.00,,,,3.25,,,,,,3.25,,,,,,,,,,,,,,,,,,,,,,,,,,,,,,,,,,,3.25,,,,,,,,,,,,,,,,,,,,,,,,,,,,,,,,3.75
Elder Betty,Magic Hat,Wheat,American Pale Wheat,Vermont,6/4/2013,June,2013,Jake W.,1,Scott T.,2.95,,,,,,,,,,,,,,,,,,4.00,,,,,,,,,,,,2.00,,,,2.50,,,,,4.50,,,,,,,,,,,,,,2.50,,,,,,,,,,,,,,,,,,,,,,,,,,,,,,,,,,,,,,,,,,2.00,3.50,,,,,,,2.50,,,,,,,,2.50,,,,,,,,,,3.50,,,,,
420 Extra Pale Ale,SweetWater Brewing Co.,Pale Ale,American Pale Ale,Georgia,11/21/2014,November,2014,Denis M.,19,Ian S.,2.95,,,,,,,,,,,,,,,,,,,,,,,,,,,,,,3.50,,,,2.50,,,,,2.50,,,,,,,,2.50,,,,,4.00,3.00,,,,,,,,,,,,,,,,,,,,,,,,,,3.00,,,,,,,,,,,,,,,,,3.50,,,,,,,,,,,,,,,3.00,,,,,,,,,,2.00,,,,,
Caramelized Chocolate Churro Baltic Porter,Moody Tongue Brewing Co.,Porter,Baltic Porter,Illinois,1/26/2018,January,2018,Ben W.,57,Paul K.,2.95,,,,,,,,,,,,,,,,2.50,,,,,,,,,,,,,,1.50,,,,3.75,,,,,,,,,,,,,2.25,,,,,,3.50,,,,,,,,,,,,,,,,,,,,,,,,,,,,,,3.00,,,,,,,,,,,3.25,,3.75,,,,3.00,,,,,,3.00,,,,,,,,,,,,,,,,,,,,
München Lager,Paulaner Brauerei München,Lager,Helles Lager,Germany,8/31/2020,August,2020,Jeremy S.,86,Paul K.,2.95,3.50,,,,,,,,,,,,,,4.00,,,,,,,,3.00,,,,,,,,,,,2.00,,,,,,,,,,,2.25,,,,,,2.50,,2.50,,,2.50,,,2.75,,,,,,,,,,,,,,,,,,,,,,,,,,,,,,,,,,,4.50,,,,,,,,,,,,,,,,,,,,,,,,,,,,,,,,
Garage Beer Premium Lager,Braxton Brewing Co.,Lager,American Lager,Kentucky,9/30/2022,September,2022,Charlie D.,111,Jason M.,2.95,,,,,,,,,,,,,,,3.00,,,3.00,,,,,3.00,,,,,,,,,,,,,,,,,,,,,,,,,,,,,,2.50,,,3.25,,,,,,,,3.00,,,,,,,,,,,,,,,,,,,,3.50,,,,,,,,,,,,,,,,,,,,,,,,3.25,,,2.50,,,,,,,,,2.50,,,,,,
Crumb Cake,Rhinegeist Brewing Co.,Red,,Ohio,12/9/2022,December,2023,Paul W.,114,Drew B.,2.95,,,,,,,,,,,,,,,,,,3.25,,,,,4.00,,,,,,,,,,,3.00,,,,,,,,,3.25,,,,,,,,,,2.75,,,2.50,,,1.75,,,,,3.25,,,,,,,,,,,,,,,,,,,,4.00,,,,,,,,,,3.50,2.00,,,,,,,,,,,,,4.50,,,2.75,,,,1.50,,,,,,,,,,,2.25
Milk Stout,West Side Brewing,Stout,Sweet/Milk Stout,Ohio,5/9/2023,May,2023,Jake W.,119,Ben S.,2.95,,,,,,,,,,,,,,,2.75,,,,,,,,,,,,,,,,,,,2.75,,,,,,,,,2.75,,,,,3.00,,,,,3.50,,,,,,2.50,,,,,,,,,,,,,,,,,,,,,,,,,4.00,,,,,,,,,,2.75,2.25,,,,,,,,,,,,,3.25,,,,,,,,,,,,,,,,,,
Dimmer Golden Ale with Coffee From Wood Burl,Branch & Bone Artisan Ales,Blonde,Coffee Blonde,Ohio,3/27/2026,March,2026,Zach M.,153,Michael P.,2.95,,,,,,,4.00,,,,,,,,2.75,,,,,,,,,,,,,,,,,,,,,,,,,,,,,,,,2.00,,,,,,3.75,,,,,,,,,,,,,,,,,,,,,,,,,,,,,,,3.00,,,3.50,,,,,,,3.25,,,,,,,2.50,,,2.75,,,,,,,,,,,,,,,,,,,,,,2.00
Juicy Truth Hazy Juicy IPA,Rhinegeist Brewing Co.,IPA,New England/Hazy IPA,Ohio,3/27/2026,March,2026,Zach M.,153,Jake W.,2.95,,,,,,,3.00,,,,,,,,3.00,,,,,,,,,,,,,,,,,,,,,,,,,,,,,,,,3.00,,,,,,3.00,,,,,,,,,,,,,,,,,,,,,,,,,,,,,,,3.00,,,3.00,,,,,,,3.00,,,,,,,2.75,,,3.00,,,,,,,,,,,,,,,,,,,,,,2.75
Dawn Breaker Imperial Coffee Stout,Wyndridge Farm Brewing,Stout,Coffee Stout,Pennsylvania,12/6/2019,December,2020,Paul W.,80,Paul K.,2.95,1.00,,,,,,,,,,,,,,,2.50,,3.00,,,,,3.00,,,3.25,,,,,,,,3.00,,,,,,,,,,,3.00,,3.00,,,,4.00,,3.50,,,3.00,,,2.75,,,,,,,,,,,,3.25,,,,,,3.00,,,,,,,,,,,,,,,,,3.00,2.75,,,,,,,,,,,,,,,,3.00,,,,,,3.00,,,,,,,,3.00,
Fiction Belgian Style Pale Ale,Rhinegeist Brewing Co.,Pale Ale,Belgian Pale Ale,Ohio,7/1/2015,June,2015,Sam E.,26,Sam E.,2.94,,,,,,,,,,,,,,,,,,,,,,,,,,,,,,,,,,3.00,,,,,,,,,,,3.00,,3.50,,,,,,3.00,,,,,,,,,,,,,,,,,,,,,,,,,,,,,,2.50,,,,,,,,,,,,,4.00,,,,,,,,,,3.00,,,,,2.00,,,,,,,,,,,,2.50,,,
Copper Ale,Mt. Carmel Brewing Co.,Red,,Ohio,1/14/2016,January,2016,Trent D.,33,Matt S.,2.94,,,,,,,,,,,,,,,,,,,,,,,,,,,,,,,,,,2.50,,,,,,,,,,,2.50,,3.00,,,,,,3.00,,,,,,,,,,,,,,,,,,,,,,2.00,,,,,,,,3.50,3.50,,,,,,,,,,,,,,,,,,,,,,,,,,,3.50,,,,,,,,,,,,3.00,,,
Big Cis Czech / Bohemian Pilsner,Braxton / Rivertown / Barrel House / Fibonacci / etc.,Pilsner,,Kentucky,11/16/2017,November,2017,Scott T.,55,Eric H.,2.94,,,,,,,,,,,,,,,,,,3.00,,,,,3.00,,,,,,,,,,,2.50,,,,,3.75,,,,,,2.50,,3.25,,,,,,2.00,,,,,,,,,,,,,,,,,,,,,,,,,,,,,,,,,,,,,,,,,3.75,,,,,,,,,,,,,,,,,2.75,,,,,,,,,,,,,,,
Warlock Imperial Stout,Southern Tier Brewing Co.,Pumpkin,,New York,11/16/2017,November,2017,Scott T.,55,Charlie D.,2.94,,,,,,,,,,,,,,,,,,3.50,,,,,4.50,,,,,,,,,,,2.75,,,,,1.75,,,,,,3.75,,2.00,,,,,,2.75,,,,,,,,,,,,,,,,,,,,,,,,,,,,,,,,,,,,,,,,,3.50,,,,,,,,,,,,,,,,,2.00,,,,,,,,,,,,,,,
Vanilla Porter,Breckenridge Brewery,Porter,American Porter,Colorado,12/8/2017,December,2018,Paul W.,56,Merritt W.,2.94,,,,,,,,,,,,,,,,3.50,,3.25,,,,,,,,,,,,,,,,3.25,,,,3.00,,,,,,,3.25,,2.75,,,,,,2.75,,,,,,,,,,,,,,,,,,,,,,3.00,,3.00,,,,,,,,,3.00,,,,,,,,3.00,2.75,3.00,,,,3.00,,,,,,,,,,,2.75,,,,,1.50,2.75,,,,3.50,,,,,
Delirium Tremens,Brouwerij Huyghe,Strong,Belgian Strong,Belgium,3/23/2018,March,2018,Kevin W. and Dave E.,59,Paul K.,2.94,,,,,,,,,,,,,,,,,,,,,,,,,,,,,,,,,,2.00,,,,,,,,,,,,,2.00,,,,,,,,3.75,2.00,,,,,,,,,,,,,,,,,,,4.00,,,,,,,,3.00,,,,,,,,,,,4.00,,3.25,,,,,,,,,,2.50,,,,,,,,,,,,,,,,,,,,
J00S3Y New England IPA,Streetside Brewery,IPA,New England/Hazy IPA,Ohio,6/21/2019,June,2019,Ben W.,74,Paul K.,2.94,,,,,,,,,,,,,,,,3.00,,,,,,,2.75,,,,,,,,,,,2.00,,,,,,3.25,,,3.50,,,,,,,,,,,,,,,,3.00,,,,,,,,,,,,3.00,,,,,,,,,,,,,,,,,,,,,,,3.75,,,,,,,,,,,,,,,,,,,,,,,,,,,2.25,,,,,
Fire Scout Nordic Red Ale,HighGrain Brewing Co.,Red,,Ohio,11/18/2021,November,2021,Greg A.,101,Greg A.,2.94,2.00,,,,,,,,,,,,,,,,,,,,,,,,,,,,,,,,,3.00,,,,,,,,,3.00,,,,,,,,3.50,,2.75,,,,,,3.00,,,,,,,,,,,,,,,,,,,,,,,,,,,,,,,,,,,3.00,,,,,,,,,,,,,,,,,3.00,,,,,,,,,,,,,,,3.25
Designer Hefeweizen Style Ale,Northern Row Brewery,Wheat,Hefeweizen,Ohio,1/31/2025,January,2025,Scott T.,139,Bobby T.,2.94,,,,,,,,,,,,,,,,,,4.00,,,,,,,,,,,,,,,,3.00,,2.00,,,,,,,2.50,,,,,,,,,,2.75,,,,,,,,,,,,,,,,,,,,,,,,,,,3.00,,,,2.00,,,,,,,,,,,,,,,,,,,,,,,,3.00,,,4.25,,,,,,,,,,,,,,,
Samuel Adams Noble Pils,Boston Beer Co.,Pilsner,,Massachusetts,7/30/2014,July,2014,Dave E. and Jake W.,15,Tony H.,2.94,,,,,4.00,,,,,,,,,,,,,,,,,,,2.00,,,,,,2.00,,3.00,,2.50,,,,,,,,,,,2.50,,3.00,,,,,,2.50,,,,,,,,,,,,,3.00,,,,,,,,,,,,,,,2.50,,3.00,,,,,,,,,,,,2.50,,,,,,,,,,,3.00,,,,,3.00,,,,,,,,,,4.00,,3.50,4.00,,
Troegenator Double Bock,Troegs Brewing Co.,Bock,Doppelbock,Pennsylvania,12/2/2016,December,2017,Paul W.,44,Matt S.,2.94,,,,,,,,,,,,,,,,3.50,,1.75,,,,,,,,,,,,,,,,3.00,,,,,,,,,,,3.25,,2.75,,,,,,3.00,,,,,,,,,,,,,,,,,,,,,,3.00,,2.50,,2.50,,,,4.00,3.00,,,,,,,,,,,2.00,3.00,,,,,,,,,,3.25,,,,,2.75,,,,,,3.00,,,,,,3.75,,,
Punk'N Harvest Pumpkin Ale,Uinta Brewing Co.,Pumpkin,,Utah,9/16/2014,September,2014,Jake W.,17,Dave E.,2.94,,,,,,,,,,,,,,,,,,,,,,,,,,,,,,,,,,3.50,,,,,3.50,,,,,,,2.00,,,,,,,3.00,,,,,,,,,,,,,,,,,,,,,,,,,,,,,,,,,,,,,,,,,,2.50,,,,,,,,,,,3.00,,,,,3.00,,,,,,,,,,,,3.00,,,
Glow,Rhinegeist Brewiing Co.,Sour,Fruited Sour,Ohio,8/10/2015,August,2015,Phil H.,28,Phil H.,2.94,,,,,,,,,,,,,,,,,,4.00,,,,,,,,,,,,,,,,2.00,,,,,,,,,,,1.50,,2.50,,,,,,2.50,,,,,,,,,,,,,,,,,,,,,,,,,,,,,,,,,,,,,,,,,,,5.00,,,,,,,,,,,,,,,3.50,,,,,,,,,,,,2.50,,,
White Rajah IPA,The Brew Kettle Taproom & Smokehouse,IPA,American IPA,Ohio,8/10/2015,August,2015,Phil H.,28,Jake W.,2.94,,,,,,,,,,,,,,,,,,3.00,,,,,,,,,,,,,,,,1.00,,,,,,,,,,,1.00,,4.00,,,,,,3.50,,,,,,,,,,,,,,,,,,,,,,,,,,,,,,,,,,,,,,,,,,,5.00,,,,,,,,,,,,,,,3.00,,,,,,,,,,,,3.00,,,
Kilkenny Irish Cream Ale,Guinness Ltd.,Cream Ale,Irish Cream Ale,Ireland,1/14/2016,January,2016,Trent D.,33,Trent D.,2.94,,,,,,,,,,,,,,,,,,,,,,,,,,,,,,,,,,3.00,,,,,,,,,,,3.50,,2.50,,,,,,3.00,,,,,,,,,,,,,,,,,,,,,,2.50,,,,,,,,2.00,,,,,,,,,,,,,,,,,,,,,,,,,,,,2.00,,,,,,,,,,,,5.00,,,
Nut Brown Ale,Samuel Smith Old Brewery,Brown,,UK,12/2/2016,December,2017,Paul W.,44,Sam E.,2.94,,,,,,,,,,,,,,,,3.75,,3.00,,,,,,,,,,,,,,,,2.75,,,,,,,,,,,3.25,,2.25,,,,,,2.75,,,,,,,,,,,,,,,,,,,,,,2.50,,2.75,,,,,,1.75,4.00,,,,,,,,,,,2.00,3.00,,,,,,,,,,3.75,,,,,2.75,,,,,,2.25,,,,,,4.50,,,
Goat Hill Golden Ale,Blackberry Farm Brewery,Golden,,Tennessee,8/21/2019,August,2019,Jeremy S.,76,Josh R.,2.94,3.00,,,,,,,,,,,,,,2.75,,,,,,,,,,,,,,,,,,,2.00,,,,,,,,,,,,,,,,,3.25,,2.75,,,,,,3.75,,,,,,,,,,,,2.75,,,,3.50,,2.25,,,,,,,,,,,,,,,,,2.75,,,,,,,,,,,,,,,,,2.75,,,,,,,,,,,,,,,3.75
Centennial IPA,Founders Brewing Co.,IPA,American IPA,Michigan,1/30/2020,January,2020,Scott T.,81,Eric H.,2.94,,,,,,,,,,,,,,,2.75,,,,,,,,,,,,,,,,,,,2.00,,,,,,,,,3.00,,,,3.75,,,,,,4.00,,,,,,3.75,,,,,,,,,,,,,,,,,,2.75,,,,,,,,,,,,,,,,,2.75,,,,,,,,,,,,,,,,,3.75,,,,,2.50,,,,,2.25,,,,2.00,
Something From That Super-hyped Brewery,Blank Brewing,IPA,New England/Hazy IPA,New York,2/29/2020,February,2020,Tony H.,82,Wes B.,2.94,,,3.25,,,,,,,,,,,,3.25,3.50,,,,,,1.50,,,,,,,,,,,,,,,,,,,,,,,,,4.00,,,,2.50,,3.50,,,3.00,,,2.50,,,,,,,,,,,,,,,,,,,,,,,,,,,,,,,,,,,3.25,,,,,,,,,,,,,,,,,,,,,,,,,,,1.00,,,,4.00,
Big Hearted IPA Imperial IPA,Bell's Brewery,IPA,Imperial IPA,Michigan,4/25/2025,April,2025,Paul K.,142,Ben S.,2.94,,,,,,,,,,,,,,,3.50,,2.75,,,,,,,,,,,,,,,,,2.25,,3.25,,,,,,,,,,,4.00,,,,,,,,,,,,,,,,,,,,,,,,,,,,,,,,,,,,,,,,,,,,2.50,,,2.75,,,,,,,,2.50,,,,,,,,,,,,,,,,,,,,,,,,
Stacy's Mom Citra India Pale Ale,Evil Genius Beer Co.,IPA,American IPA,Pennsylvania,12/9/2022,December,2023,Paul W.,114,Zach M.,2.93,,,,,,,,,,,,,,,,,,2.25,,,,,4.00,,,,,,,,,,,3.00,,,,,,,,,3.00,,,,,,,,,,3.50,,,2.50,,,2.75,,,,,2.50,,,,,,,,,,,,,,,,,,,,3.50,,,,,,,,,,2.75,2.00,,,,,,,,,,,,,3.50,,,3.00,,,,2.75,,,,,,,,,,,3.00
Wake Up Dead Imperial Stout,Left Hand Brewing Co.,Stout,Russian Imperial Stout,Colorado,10/18/2018,October,2018,Phil H.,66,Lee M.,2.93,,,,,,,,,,,,,,,,3.00,,3.50,,,,,1.00,,,,,,,,,,,2.25,,,,,,,,,,,,,,,,,,,3.00,,,,,,,,,,,,,,2.50,,,,,,,,,,4.50,,,,,,,,,,,,,,,,,2.50,3.00,4.50,,,,,,,,,,,,,,,,,,,,,2.50,,,,,,,,,
Sports Television IPA,Central State Brewing,IPA,New England/Hazy IPA,Indiana,3/22/2019,March,2019,Jason M.,71,Lee M.,2.93,3.50,,,,,,,,,2.75,,,,,,,,,,,,,,,,,,,,,,,,,,,,,,,,,,,2.00,,,,,,,,3.50,,,3.25,,,2.50,,,,,,,,,,,,2.25,,,,3.00,,2.50,,,,,,,,,,,,,,,,,3.00,,,,,,,,,,,,,,,,,,,,,,,,,,,,,,,,4.00
Samuel Adams Pumpkin Batch,Boston Beer Co.,Pumpkin,,Massachusetts,9/26/2015,September,2015,Dave E. and Jake W.,29,Sam E.,2.93,,,,,,,,,,,,,,,,,,2.50,,,,,,,,,,,,,,,,2.00,,,,,,,,,,,,,3.00,,,,,,3.00,,,,,,,,,,,,,,,,,,,,,,,,,,,,,,3.50,,,,,,,,,,,,,,,,,,,,,,,3.00,,,,,,,,,,,,,,,,,3.50,,,
"Fade to Black, Vol. 5 Black Rye Ale",Left Hand Brewing Co.,Rye,,Colorado,11/17/2016,November,2016,Trent D.,43,Jake W.,2.93,,,,,,,,,,,,,,,,,,,,,,,,,,,,,,,,,,,,,,,,,,,,,3.00,,3.00,,,,,,3.00,,,,,,,,,,,,,,,,,,,,,,,,2.50,,,,,,,,,,,,,,,,,,,,,,,,,,,,,2.50,,,,,3.00,,,,,,,,,,,,3.50,,,
Denali IPA,March First Brewing,IPA,American IPA,Ohio,5/24/2017,May,2017,Phil H.,49,Dave E.,2.93,,,,,,,,,,,,,,,,,,,,,,,,,,,,,,,,,,3.50,,,,,,,,,,,3.00,,3.25,,,,,,3.00,,,,,,,,,,,,,,,,,,,,,,,,,,,,,,2.50,,,,,,,,,,,,2.00,3.25,,,,,,,,,,,,,,,,,,,,,,,,,,,,,,
12th of Never Ale,Lagunitas Brewing Co.,Pale Ale,American Pale Ale,California,9/26/2017,September,2017,Lee M.,53,Lee M.,2.93,,,,,,,,,,,,,,,,,,,,,,,,,,,,,,,,,,2.25,,,,,,,,,,,2.00,,3.50,,,,,,3.50,,,,,,,,,,,,,,,,,,,,,,,,2.50,,,,,,,,,,,,,,,,,3.50,,,,,,,,,,,,,,,,,3.25,,,,,,,,,,,,,,,
Jai Alai IPA,Cigar City Brewing,IPA,American IPA,Florida,1/17/2019,January,2019,Paul K.,69,Eric H.,2.93,,,,,,,,,,,,,,,,,,,,,,,2.75,,,,,,,,,,,2.00,,,,,4.00,3.00,,,,,2.00,,4.00,,,,3.00,,4.00,,,2.00,,,,,,,,,,,,,,,2.75,,,,,,2.00,,,,,,,,,,,,,,,,,2.75,3.00,,,,,,,,,,,,,,,,,,,,,,,,,,,,,,,3.75
Solo Coffee Blonde,Woodburn Brewing,Blonde,Coffee Blonde,Ohio,3/23/2023,March,2023,Zach M.,117,Drew B.,2.93,,,,,,,,,,,,,,,,,,,,,,,,,,,,,,,,,,3.00,,,,,,,,,3.00,,,,,,,,,,3.25,,,,,,,,,,,,,,,,,,,2.00,,,,,,,,,,,,3.50,,,,,,,,,,3.25,,,,,,,,,,,,,,,,,,,,,,,,,,,,,,,,2.50
East Coast Hazy India Pale Ale,Fifty West Brewing Co.,IPA,New England/Hazy IPA,Ohio,8/22/2025,August,2025,Jeremy S.,146,Ben S.,2.93,,,,,,,,,,,,,,,2.75,,3.75,,,,,,3.00,,,,,3.00,,,,,,2.25,,3.00,,,,,,,,,,,,,,,,,3.00,,,,,,3.00,,,,,,,,,,,,,,,,,,,,,,,,,3.50,,,,,,,,,,3.00,,,,,,,2.25,,,2.75,,,,3.00,,,,,,,,,,,,,,,,,,2.75
Glass Hopper IPA,Maumee Bay Brewing Co.,IPA,American IPA,Ohio,10/11/2019,October,2019,Charlie D.,78,Chris G.,2.93,,,,,,,,,,,,,,,,,,3.00,,,,,3.00,,,3.25,,,,3.50,,,,2.50,,,,,,,,,,,2.25,,3.00,,,,,,3.00,,,,,,,,,,,,,,,,,,,,,,,,2.25,,,,,3.50,,,,,,,,,,,,,,,,,,,,,,,,,,,,,,,,,,,,,,,,,,,,
Vacationland Juicy IPA,Door County Brewing Co.,IPA,American IPA,Wisconsin,8/31/2020,August,2020,Jeremy S.,86,Charlie D.,2.93,4.00,,,,,,,,,,,,,,3.50,,,,,,,,2.50,,,,,,,,,,,2.00,,,,,,,,,,,1.75,,,,,,3.00,,2.75,,,3.25,,,3.50,,,,,,,,,,,,,,,,,,,,,,,,,,,,,,,,,,,3.00,,,,,,,,,,,,,,,,,,,,,,,,,,,,,,,,
Hop Bullet Magnum Edition Imperial IPA,Sierra Nevada Brewing Co.,IPA,Imperial IPA,California,7/31/2024,July,2024,Dave E.,133,Sarah G.,2.92,,,,,,,,,,,,,,,2.50,,2.25,,,,,,3.25,,,,,,,,,,,2.00,,,,,,,,,,,,,3.25,,,,,,3.50,,,3.00,,,,,,,,2.50,,,,,,,,3.75,,,,,3.00,,,,,,,2.50,,,,,,,,,,,,,,1.00,,,,,,,,,,3.50,4.00,,3.75,,,,,,,,,,,,,,,3.00
Abita Office Party,Abita Brewing Co.,Stout,American Stout,Louisiana,1/9/2026,January,2026,Paul W.,151,Bobby T.,2.92,,,,,,,,,,,,,,,3.00,,,4.00,,,,,2.75,,,,,,,,,,,2.00,,2.50,,,,,,,,,,,2.50,2.50,,,,,2.25,,,,,3.75,,,,,,,,,,,,,,,,,,,3.75,,,,,,,,,,,,,,,,,3.50,3.00,,,,,,2.75,,,2.25,,,,,,,2.50,,,,,,,,,,,,,,,3.75
Vicious American Wheat IPA,North Peak Brewing Co.,IPA,Wheat IPA,Michigan,10/26/2015,October,2015,Scott T.,30,Kevin W.,2.92,,,,,,,,,,,,,,,,,,3.00,,,,,,,,,,,,3.50,,,,2.00,,,,,,,,,,,,,3.50,,,,,,3.00,,,,,,,,,2.50,,,,,,,,,,,,,4.00,,,,1.50,,,,,3.50,,,,,,,,,,,3.50,,,,,,,,,,,,,,,,2.50,,,2.50,,,,,,,,,,,,
X-Mas Cookie,Fifty West Brewing Co.,Winter,,Ohio,12/11/2015,December,2016,Paul W.,32,Eric A.,2.92,,,,,,,,,,,,,,,,,,,,,,,,,,,,,,,,,,2.00,,,,,,,,,,,4.00,,4.00,,,,,,3.00,,,,,,,,,,,,,,,,,,,,,,,,3.50,,,,,,2.50,,,,,,,,,,,,2.00,,,,,,,,,,,2.50,,,,,3.50,,,,,,2.50,,,,,3.50,2.00,,,
DieselPunk Stout,World Brews,Stout,American Stout,California,5/3/2017,April,2017,Jake W.,48,Lee M.,2.92,,,,,,,,,,,,,,,,,,,,,,,,,,,,,,,,,,3.25,,,,,,,,3.00,,,3.00,,2.75,,,,,,2.50,,,,,,,,,,,,,,,,,,,,,,,,3.50,,,,,,,,,,,,,,,,,,3.00,2.00,,,,,,,,,,,,,,,,,,,,,3.25,,,,,,,,,
Me Oh My Milkshake Style IPA,Platform Beer Co. / Streetside Brewery,IPA,Milkshake IPA,Ohio,11/21/2018,November,2018,Lee M.,67,Eric H.,2.92,,,,,,,,,,,,,,,,3.50,,,,,,,,,,,,,,,,,,3.25,,,,,,,,,,,2.25,,3.25,,,,,,3.75,,1.00,2.00,,,2.75,,,,,,,,,,,,,,,,2.50,,3.50,,,,,4.00,,,,,,,,,,,,3.25,,,,,,,,,,,,,,,,,,,,,,,,,,,,,,,,
Oakspire Bourbon Barrel Ale,New Belgium Brewing Co. / Knob Creek,Strong,American Strong,Colorado,11/21/2018,November,2018,Lee M.,67,Eric A.,2.92,,,,,,,,,,,,,,,,3.00,,,,,,,,,,,,,,,,,,3.00,,,,,,,,,,,4.00,,1.50,,,,,,2.75,,3.00,2.00,,,3.25,,,,,,,,,,,,,,,,3.00,,3.75,,,,,3.25,,,,,,,,,,,,2.50,,,,,,,,,,,,,,,,,,,,,,,,,,,,,,,,
Rise & Pine Hoppy Dark Ale,Uinta Brewing Co.,IPA,Black IPA,Utah,4/12/2019,April,2019,Andrew P.,72,Zach M.,2.92,,,,,,,,,,3.00,,,,,,3.50,,,,,,,,,,,,,,,,,,1.75,,,,,,,,,,,,,,,,,,,3.00,,,3.50,,,,,,,,,,,,,,,,,,,2.00,,1.75,,,,,,,,,,,,,,,,,,,,,,,,,,,,,,,,,,,,,,,,,,,,,,,,3.75,4.00
Subtle Nuances Double New England IPA,16 Lots Brewing Co.,IPA,New England/Hazy IPA,Ohio,5/26/2022,May,2022,Paul K.,107,Jeremy S.,2.92,,,,,,,,,,,,,,,3.50,,,,,,,,,,,,,,,,,,,2.50,,,,,,,,,2.75,,,,,,,,,,3.00,,,,,,3.00,,,,,,,,,,,,,,,,,,,,,,,,,,,,,,,,,,,2.75,,,,,,,,,,,3.00,,,,,,3.00,,,,,,,,,,,,,,,2.75
Sunrise Session Stout,Esker / Hart Artisan Ales,Stout,American Stout,New Jersey,10/30/2024,October,2024,Ben S.,136,Paul K.,2.92,,,,,,,,,,,,,,,3.50,,2.00,,,,,,,,,,,,,,,,,,,,,,,,,,,,,,3.25,,,,,,2.50,,,,,,,,,,,,,,,,,,,,,,,,,,,,,,,,,,,,,,,,,3.00,,,,,,,,,,,,,,,,,,,,,,,,,,,,,,,,3.25
HopHands Our American Pale Ale,Tired Hands Brewing Co.,Pale Ale,American Pale Ale,Pennsylvania,3/30/2025,March,2025,Zach M.,141,Zach M.,2.92,,,,,,,,,,,,,,,3.00,,,,,,,,,,,,,,,,,,,2.25,,,,,,,,,,,,,2.75,,,,,,3.25,,,,,,,,,,,,,,,,,,,,,,,,,,,,,,,,,,,,,,,,,3.00,,,,,,,,,,,,,,,,,,,,,,,,,,,,,,,,3.25
Neon Giants Astronomically Hazy IPA,Brewery Ommegang / Firestone Walker,IPA,New England/Hazy IPA,New York,9/24/2021,September,2021,Charlie D.,99,Charlie D.,2.91,,,,,,,,,,,,,,,3.00,,,,,,,,2.50,,,,,,,,,,,2.25,,,,,,,,,,2.50,2.25,,3.75,,,,3.50,,4.00,,,2.75,,,3.00,,,,,,,,,,,,,,,,,,,,,,,,,,,,,,,,,,,,,,,,,,,,,,,,,,,,,,,,,,,,,2.50,,,,,,
Double Dog Double IPA,Flying Dog Brewery,IPA,Double IPA,Maryland,6/22/2022,June,2022,Jake W.,108,Paul K.,2.91,,,,,,,,,,,,,,,2.75,,,,,4.25,,,,,,,,,,,,,,1.75,,,,,,,,,3.50,,,,3.50,2.00,2.50,,,,3.50,,,,,,2.00,,,,,,,,,,,,,,,,,,,,,,,,,,,,,,,,,,,3.00,,,,,,,,,,,,,,,,,,,,,,,,,,,,,,,,3.25
Cougar Blonde Ale,Rhinegeist Brewing Co.,Blonde,,Ohio,7/30/2014,July,2014,Dave E. and Jake W.,15,Alex Ha.,2.91,,,,4.00,,,,,,,,,,,,,,,,,,,,3.00,,,,,,2.50,,3.50,,2.00,,,,,,,,,,,3.00,,3.00,,,,,,3.00,,,,,,,,,,,,,,,,,,,,,,,,,,,,2.00,,3.50,,,,,,,,,,,,3.00,,,,,,,,,,,3.00,,,,,3.00,,,,,,,,,,3.50,,3.00,1.50,,
Escape to Colorado IPA,Epic Brewing Co.,IPA,American IPA,Utah,10/12/2017,October,2017,Matt S.,54,Dave E.,2.91,,,,,,,,,,,,,,,,,,,,,,,,,,,,,,,,,,2.75,,,,,,,,3.00,,,2.25,,,,,,,,2.75,,,,,,2.75,,,,,,,,,,,,,,,,4.00,,,,,,,,2.50,,,,,,,,,,,3.25,,,,,,,,,,,,,,,,,,,,,,,,,,,,,,,,
Hazy IPA,HighGrain Brewing Co.,IPA,New England/Hazy IPA,Ohio,6/21/2019,June,2019,Ben W.,74,Ben W.,2.91,,,,,,,,,,,,,,,,2.50,,,,,,,1.75,,,,,,,,,,,1.50,,,,,,3.50,,,3.75,,,,,,,,,,,,,,,,3.00,,,,,,,,,,,,3.50,,,,,,,,,,,,,,,,,,,,,,,3.75,,,,,,,,,,,,,,,,,,,,,,,,,,,,,,,,
Hops Is Real West Coast Style Double India Pale Ale,Rhinegeist Brewing Co. / Columbus Brewing Co.,IPA,Double IPA,Ohio,8/26/2022,August,2022,Jeremy S.,110,Kevin W.,2.91,,,,,,,,,,,,,,,3.00,,,,,,,,,,,,,,,,,,,2.00,,,,,,,,,,,,,,,,,,,,,,3.50,,,3.00,,,,,,,,,,,,3.00,2.50,,,3.50,,,,,,,,,,,,,,,,,,,,,,,,,,,,,,,,,,,,,,,,,,,,,,,,,,,2.75
Hoppy Christmas Festive IPA,BrewDog,IPA,American IPA,UK,11/21/2023,November,2023,Scott T.,125,Paul K.,2.90,,,,,,,,,,,,3.25,,,3.00,,3.25,3.25,,,,,2.50,,,,,,,,,,,2.50,,,,,,,,,,,,,,,,,,,3.75,,,,,,2.75,,,,,2.50,,,,,,,,,,,,,,,,,,,,3.00,,,,,,,,,,3.00,,,,,,,,,,,,,,2.25,,,2.75,,,,,,,,,,,,,,,
Cannon Blast American Pale Ale,BrewDog,Pale Ale,American Pale Ale,UK,12/6/2019,December,2020,Paul W.,80,Steve S.,2.90,4.00,,,,,,,,,,,,,,,3.00,,,,,,,2.50,,,3.00,,,,,,,,2.75,,,,,,,,,,,2.00,,3.25,,,,3.00,,3.25,,,3.75,,,3.00,,,,,,,,,,,,2.75,,,,,,2.50,,,,,,,,,,,,,,,,,2.00,3.25,,,,,,,,,,,,,,,,2.75,,,,,,3.00,,,,,,,,2.50,
Christmas Ale,Abita Brewing Co.,Christmas,,Louisiana,12/13/2013,December,2013,Paul W.,8,Eric H.,2.90,,,,,,,,,,,,,,,,,,2.50,,,,,,,,,,,,,,,,3.00,,,3.00,,3.00,,,,,,,,4.00,,,,,,3.00,,,,,,,,,,,,,2.00,,,,,,,,,,,,,,,,,,,,,,3.00,,,,,,,3.00,4.50,,,,,,,,,,2.50,,,,,2.50,,,2.00,,,,,,,1.50,,4.00,,,
Honeycrisp Apple Wheat,Shock Top Brewing Co.,Wheat,Fruited Wheat,Missouri,11/21/2014,November,2014,Denis M.,19,Denis M.,2.90,,,,,,,,,,,,,,,,,,,,,,,,,,,,,,3.50,,,,2.50,,,,,5.00,,,,,,,,3.00,,,,,4.00,2.00,,,,,,,,,,,,,,,,,,,,,,,,,,2.00,,,,,,,,,,,,,,,,,3.00,,,,,,,,,,,,,,,2.00,,,,,,,,,,2.00,,,,,
Out of Bounds Stout,Avery Brewing Co.,Stout,American Stout,Colorado,11/21/2014,November,2014,Denis M.,19,Jake W.,2.90,,,,,,,,,,,,,,,,,,,,,,,,,,,,,,2.00,,,,3.50,,,,,2.50,,,,,,,,3.00,,,,,1.00,3.00,,,,,,,,,,,,,,,,,,,,,,,,,,3.00,,,,,,,,,,,,,,,,,4.50,,,,,,,,,,,,,,,3.50,,,,,,,,,,3.00,,,,,
Hefeweizen,North High Brewing Co.,Wheat,Hefeweizen,Ohio,5/18/2016,May,2016,Scott T.,37,Bobby T.,2.90,,,,,,,,,,,,,,,,,,4.00,,,,,,,,,,,,,,,,3.00,,,,,,,,,,,2.50,,3.00,,,,,,3.00,,,,,,,,,,,,,,,,,,,,,,,,,,,,,,3.00,3.50,,,,,,,,,,,2.00,,,,,,,,,,,2.00,,,,,3.00,,,,,,,,,,,,,,,
Buzz Kolsch Style Ale with Honey & Peach Added,Braxton Brewing Co.,Kolsch,,Kentucky,10/11/2019,October,2019,Charlie D.,78,Colin J.,2.90,,,,,,,,,,,,,,,,,,3.50,,,,,4.00,,,3.00,,,,2.50,,,,2.25,,,,,,,,,,,2.75,,2.00,,,,,,2.75,,,,,,,,,,,,,,,,,,,,,,,,2.75,,,,,3.50,,,,,,,,,,,,,,,,,,,,,,,,,,,,,,,,,,,,,,,,,,,,
Stone Fort Oat Brown Ale,Seventh Son Brewing Co.,Brown,,Ohio,1/30/2020,January,2020,Scott T.,81,Dave E.,2.90,,,,,,,,,,,,,,,2.75,,,,,,,,,,,,,,,,,,,3.00,,,,,,,,,2.75,,,,2.75,,,,,,2.75,,,,,,2.50,,,,,,,,,,,,,,,,,,3.00,,,,,,,,,,,,,,,,,3.00,,,,,,,,,,,,,,,,,3.25,,,,,2.75,,,,,3.00,,,,3.25,
Wheezin' the Juice Juicy IPA,Germany,IPA,American IPA,Michigan,7/3/2020,July,2020,Dave E.,85,Adam W.,2.90,,,3.50,,,,,,,,,,,,,,,,,,,,2.75,,,,,,,,,,,2.75,,,,,,,3.00,,,,2.25,,2.75,,,,,,3.75,,,2.75,,,2.00,,,,,,,,,,,,,,,,3.50,,,,,,,,,,,,,,,,,,,2.75,,,,,,,,,,,,,,,,,,,,,,,,,,,,,,,3.00,
Henninger Lager,Radeberger Gruppe,Lager,Helles Lager,Germany,6/27/2025,June,2025,Sara P.,144,Charlie D.,2.90,,,,,,,,,,,,,,,3.25,,,2.75,,,,,3.00,,,,,,,,,,,2.50,,,,,,,,,,,,,,,,,,,2.75,,,,,,,,,,,,,,,,,,,,,,,4.50,,,,,,,,4.00,,,,,,,,,,3.00,,,,,,,2.00,,,,,,,2.75,2.00,,,,,,,,,,,,,,,,,2.25
Ozujsko Lager,Zagrebačka Pivovara,Lager,European Pale Lager,Croatia,6/27/2025,June,2025,Sara P.,144,Jake W.,2.90,,,,,,,,,,,,,,,3.00,,,2.50,,,,,3.00,,,,,,,,,,,1.75,,,,,,,,,,,,,,,,,,,2.75,,,,,,,,,,,,,,,,,,,,,,,4.50,,,,,,,,3.50,,,,,,,,,,3.50,,,,,,,3.00,,,,,,,2.50,2.00,,,,,,,,,,,,,,,,,2.75
Brew Free or Die Blood Orange IPA,21st Amendment Brewery,IPA,American IPA,California,10/12/2017,October,2017,Matt S.,54,Jake W. / Retrial,2.89,1.00,,,,,4.50,,,,,,,,,2.50,0.50,,,,,,,,,,,,,,,,,,3.25,,,,,,,,2.50,3.75,,2.00,,,,,,,,3.50,,,2.75,,,3.25,,,,,,,,,,,,,,,,4.00,,,,,,,,4.00,,,2.75,,,,,,2.75,,4.00,,,,,,,,,,,,,,,,,3.50,,,,,,,,,,2.50,,,,,2.00
Merry Christmas Happy New Year,Anchor Brewing Co.,Christmas,,California,12/13/2013,December,2013,Paul W.,8,Joel B.,2.89,,,,,,,,,,,,,,,,,,2.50,,,,,,,,,,,,,,,,2.00,2.50,,,,,,,,,,,,3.00,,,,,,3.00,,,,,,,,,,,,,3.50,,,,,,,,,,,,,,,,,,,,,,3.50,,,,,,,4.00,4.00,,,,,,,,,,2.50,,,,,3.50,,,1.50,,,,,,,2.50,,2.50,,,
Sun Crusher Hoppy Wheat Ale,Revolution Brewing,Wheat,American Pale Wheat,Illinois,5/3/2017,April,2017,Jake W.,48,Phil H. / Donny H.,2.89,3.00,,,,,,,,,,,,,,,,,,,,,,,,,,,,,,,,,3.50,,,,,,,,3.50,,,3.00,,3.25,,,,,,3.00,,,2.50,,,2.50,,,,,,,,,,,,,,,,2.00,,2.50,,,,,,,,,,,,,,,,,2.75,2.25,4.00,,,,,,,,,,,,,,,,,,,,,2.75,,,,,,,,,
Shiner Holiday Cheer,Spoetzl Brewery,Wheat,Dunkelweizen,Texas,10/16/2020,October,2020,Dave E. and Jake W.,89,Kevin W.,2.89,,,,,,,,,,,,,,,3.00,,,,,,,,,,,,,,,,,,,3.25,,,,,,,,,,,,,2.00,,,,,,2.50,,,,,,,,,,,,,,,,,,,,,,4.00,,,,,,,,,,,,,,,,,,,3.50,,,,,,,,,,,,,,,,,2.00,,,,,,,,,,,,,,,
Barrister Kolsch Style Ale,Northern Row Brewery,Kolsch,,Ohio,4/28/2022,April,2022,Pleasant Ridge,106,Scott T.,2.89,,,,,,,,,,,,,,,,,,,,,,,,,,,,,,,,,,3.00,,,,,,,,,,,,,,,,,,,2.50,,,3.25,,,3.00,,,,,,,,,,,,,,,,,,,,,,,,,,,,,,,,,,,,,,,,,,,,,,,,,,,,2.75,,,,,,,,2.50,,,,,,,3.25
Menabrea 150° Bionda Premium Lager,G. Menabrea & Figli,Lager,European Pale Lager,Italy,8/22/2025,August,2025,Jeremy S.,146,Chris M.,2.89,,,,,,,,,,,,,,,3.00,,4.00,,,,,,2.75,,,,,3.00,,,,,,2.00,,3.25,,,,,,,,,,,,,,,,,2.75,,,,,,2.75,,,,,,,,,,,,,,,,,,,,,,,,,3.00,,,,,,,,,,2.50,,,,,,,3.50,,,3.25,,,,2.00,,,,,,,,,,,,,,,,,,2.75
Juice Box Sour Ale Raspberry Edition,Outer Range Brewing Co.,Sour,Fruited Sour,Colorado,11/26/2025,November,2025,Lee M.,149,Dave E.,2.89,,,,,,,,,,,,,,,,,,,,,,,,,,,,,,,,,,2.75,,2.50,,,,,,,,,,,2.50,,,,,,3.00,,,,,,,,,,,,,,,,,,,,,,,,2.75,,,,,,,,,,,,,,,,,,,,,,,,,,,3.00,,,,,,,3.75,,,,,,,,,,,,,,,
Gustav Vienna-Style Lager,Taft's Brewing Co.,Lager,Vienna Lager,Ohio,12/7/2018,December,2019,Paul W.,68,Charlie D.,2.89,,,,,,,,,,,,,,,,3.00,,2.00,,,,,2.50,,,,,,,,,,,2.75,,,,,,4.00,,,,,3.00,,2.75,,,,,,2.50,,,3.00,,,3.00,,,,,,,,,,,,,,,,3.00,,3.25,,,,,,,,,,,,,,,,,3.50,2.50,,,,,,,,,,,,,,,,2.75,,,,,,2.75,,,,,,,,,
Ectogasm India Pale Ale,Drekker Brewing Co.,IPA,New England/Hazy IPA,North Dakota,1/9/2026,January,2026,Paul W.,151,Ryan F.,2.89,,,,,,,,,,,,,,,3.50,,,3.25,,,,,2.75,,,,,,,,,,,2.75,,3.00,,,,,,,,,,,2.25,3.00,,,,,4.00,,,,,1.75,,,,,,,,,,,,,,,,,,,2.50,,,,,,,,,,,,,,,,,3.00,3.25,,,,,,3.00,,,3.25,,,,,,,2.50,,,,,,,,,,,,,,,2.50
Raging Bitch Belgian-Style IPA,Flying Dog Brewery,IPA,Belgian IPA,Maryland,11/14/2013,November,2013,Trent D.,7,Matt S.,2.89,,,,,,,,,,,,,,,,,,,,,,,,,,,,,,,,,,2.00,,,,,1.50,,,,,,,,3.50,,,,,,3.00,,,,,,,,,,,,,,,,,,,,,,,,,,,,,,3.50,,,,,3.50,,,,,,,,,,,,,,,,,,3.50,,,,,3.00,,,,,,,,,,,,2.50,,,
Namaste,Dogfish Head Craft Brewery,Wheat,Witbier,Delaware,4/17/2014,April,2014,Tony H.,12,Scott T.,2.89,,,,,,,,,,,,,,,,,,,,,,,,,,,,,,2.50,,,,3.00,,,,,,,,,,,,,2.50,,,,,,2.50,,,,,,,,,,,,,,,,,,,,,,,,,,,,,,3.00,,,,,,,,,,,,3.00,,,,,,,,,,,3.00,,,,,3.00,,,,,,,,,,3.50,,,,,
Little Sumpin Sumpin Ale,Lagunitas Brewing Co.,IPA,American IPA,California,9/16/2014,September,2014,Jake W.,17,Eric B.,2.89,,,,,,,,,,,,,,,,,,,,,,,,,,,,,,,,,,2.00,,,,,2.50,,,,,,,5.00,,,,,,,4.00,,,,,,,,,,,,,,,,,,,,,,,,,,,,,,,,,,,,,,,,,,2.50,,,,,,,,,,,3.00,,,,,3.00,,,,,,,,,,1.00,,3.00,,,
Fist City Chicago Pale Ale,Revolution Brewing,Pale Ale,American Pale Ale,Illinois,7/1/2015,June,2015,Sam E.,26,Phil H.,2.89,,,,,,,,,,,,,,,,,,,,,,,,,,,,,,,,,,2.00,,,,,,,,,,,2.00,,2.50,,,,,,3.50,,,,,,,,,,,,,,,,,,,,,,,,,,,,,,2.50,,,,,,,,,,,,,4.00,,,,,,,,,,3.50,,,,,3.00,,,,,,,,,,,,3.00,,,
Storm King Stout,Victory Brewing Co.,Stout,American Imperial Stout,Pennsylvania,11/19/2015,November,2015,Matt S.,31,Trent D.,2.89,,,,,,,,,,,,,,,,,,,,,,,,,,,,,,3.50,,,,3.00,,,,,,,,,,,3.50,,2.00,,,,,,3.00,,,,,,,,,,,,,,,,,,,,,,,,,,,,,,2.00,,,,,,,,,,,,,,,,,,,,,,,2.00,,,,,3.50,,,,,,,,,,,,3.50,,,
Wavvy Double IPA,Stillwater Artisanal Ales,IPA,Double IPA,Maryland,3/23/2018,March,2018,Kevin W. and Dave E.,59,Kevin W.,2.89,,,,,,,,,,,,,,,,,,,,,,,,,,,,,,,,,,2.00,,,,,,,,,,,,,3.75,,,,,,,,2.50,3.00,,,,,,,,,,,,,,,,,,,3.50,,,,,,,,2.00,,,,,,,,,,,3.00,,3.25,,,,,,,,,,3.00,,,,,,,,,,,,,,,,,,,,
Berserker Hazy IPA,Ore Dock Brewing Co.,IPA,New England/Hazy IPA,Michigan,11/18/2021,November,2021,Greg A.,101,Jake W.,2.89,4.00,,,,,,,,,,,,,,,,,,,,,,,,,,,,,,,,,1.75,,,,,,,,,3.75,,,,,,,,3.00,,3.00,,,,,,2.50,,,,,,,,,,,,,,,,,,,,,,,,,,,,,,,,,,,3.00,,,,,,,,,,,,,,,,,2.25,,,,,,,,,,,,,,,2.75
Blood of the Unicorn Red Ale,Pipeworks Brewing Co.,Red,,Illinois,6/22/2022,June,2022,Jake W.,108,Dave E.,2.89,,,,,,,,,,,,,,,2.50,,,,,2.75,,,,,,,,,,,,,,2.75,,,,,,,,,3.75,,,,3.00,2.00,4.00,,,,3.00,,,,,,2.25,,,,,,,,,,,,,,,,,,,,,,,,,,,,,,,,,,,2.75,,,,,,,,,,,,,,,,,,,,,,,,,,,,,,,,3.00
Double Orange Starfish New England IPA,Aslin Beer Co.,IPA,New England/Hazy IPA,Virginia,11/23/2022,November,2022,Matt T.,113,Phil W.,2.89,,,,,,,,,,,,,,,,1.50,,3.50,,,,,,,,,,,,,,,,2.00,,,,,,,,,2.75,,,,,,,,,,3.75,,,,,,,,,,,2.75,,,,,,,,,,,,,,,,,,,,3.50,,,,,,,,,,,,,4.00,,,,,,,,,,,2.00,,,3.00,,,,,,,,,,,,,,,3.00
Pure Michigan Fall IPA,Short's Brewing Co.,IPA,American IPA,Michigan,8/29/2023,August,2023,Jeremy S.,122,Jake W.,2.89,,,,,,,,,,,,,,,2.75,,,,,,,,3.00,,,,,,,,,,,2.75,,,,,,,,,3.00,,,,,,,,,,2.50,,,,,,2.75,,,,,,,,,,,,3.00,,,,,,,,,,,,,3.75,,,,,,,,,,3.25,,,,,,,,,,,,,,2.50,,,,,,,,,,,,,,,,,,2.50
Auburn Acres Chinook Wet Hop IPA,Little Fish Brewing Co.,IPA,American IPA,Ohio,10/24/2023,October,2023,Higher Gravity,124,Sarah G.,2.89,,,,,,,,,,,,,,,2.50,,2.25,,,,,,,,,,,,,,,,,2.00,,,,,,,,,3.00,,,,,,,,,,3.00,,,,,,3.00,,,,,,,,,,,,,,,,,,,,,,,,,3.00,,,,,,,,,,3.25,,,,,,,,,,,,,,3.75,4.00,,,,,,,2.00,,,,,,,,,,
Christkindl Winter Warmer,Christian Moerlein Brewing Co.,Winter,,Ohio,12/13/2013,December,2013,Paul W.,8,Steve D.,2.88,,,,,,,,,,,,,,,,,,3.50,,,,,,,,,,,,,,,,3.00,3.00,,,,,,,,,,,,2.50,,,,,,3.00,,,,,,,,,,,,,,,,,,,,,,,,,,,,,,,,,,,3.00,,,,,,,3.00,2.50,,,,,,,,,,2.50,,,,,2.00,,,3.50,,,,,,,3.00,,3.00,,,
Belgian White,Tap Room No. 21,Wheat,Witbier,California,6/4/2013,June,2013,Jake W.,1,Bobby T.,2.88,,,,,,,,,,,,,,,,,,3.50,,,,,,,,,,,,2.00,,,,,,,,,3.50,,,,,,,,,,,,,,2.00,,,,,,,,,,,,,,,,,,,,,,,,,,,,,,,,,,,,,,,,,,3.00,3.00,,,,,,,,,,,,,,,2.00,,,,,,,,,,4.00,,,,,
Celebration Ale,Sierra Nevada Brewing Co.,IPA,American IPA,California,12/13/2013,December,2013,Paul W.,8,Jake W.,2.88,,,,,,,,,,,,,,,,,,1.50,,,,,,,,,,,,,,,,3.50,4.00,,2.50,,2.00,,,,,,,,3.50,,,,,,4.00,,,,,,,,,,,,,2.50,,,,,,,,,,,,,,,,,,,,,,3.50,,,,,,,3.00,3.50,,,,,,,,,,2.50,,,,,2.50,,,2.50,,,,,,,2.50,,2.50,,,
Oatmeal Stout,Samuel Smith Old Brewery,Stout,Oatmeal Stout,UK,3/14/2014,March,2014,Denis M.,11,Donny H.,2.88,,,,,,,,,,,,,,,,,,,,,,,,,,,,,,,,,,2.00,,,3.00,,1.50,,,4.00,,,3.00,,,,,,,,,,,,,,,,,,,,,,,,,,,,,,,,,,,,3.50,,2.00,,,,,,,,,,,,,,,,,,,,,,,,,,,,4.00,,,,,,,,,,,,,,,
Fresh Squeezed IPA,Deschutes Brewery,IPA,American IPA,Oregon,12/11/2015,December,2016,Paul W.,32,Matt S.,2.88,,,,,,,,,,,,,,,,,,,,,,,,,,,,,,,,,,2.00,,,,,,,,,,,1.50,,3.50,,,,,,3.50,,,,,,,,,,,,,,,,,,,,,,,,3.50,,,,,,2.50,,,,,,,,,,,,2.50,,,,,,,,,,,3.00,,,,,3.50,,,,,,4.00,,,,,2.00,3.00,,,
PC Pils American Hopped Pilsner,Founders Brewing Co.,Pilsner,American Pilsner,Michigan,8/28/2017,August,2017,Bobby T.,52,Jake W.,2.88,,,,,,,,,,,,,,3.75,,,,3.00,,,,,3.50,,,,,,,,,,,2.50,,,,,,,,,,,,,3.00,,,,,,3.50,,1.25,,,,,,,,,,,,,,,,,,,,,,,,,,,,,,,,,,,,,,,,,,,,,,,,,,,,,,,,2.50,,,,,,,,,,,,,,,
Loral Anomaly,Darkness Brewing,IPA,Black IPA,Kentucky,12/7/2018,December,2019,Paul W.,68,Jason M.,2.88,,,,,,,,,,,,,,,,3.00,,3.00,,,,,2.00,,,,,,,,,,,2.00,,,,,,4.00,,,,,2.00,,3.00,,,,,,3.25,,,3.50,,,3.50,,,,,,,,,,,,,,,,3.50,,2.25,,,,,,,,,,,,,,,,,2.75,2.50,,,,,,,,,,,,,,,,3.50,,,,,,2.25,,,,,,,,,
To a Locomotive in Winter Smoked Porter,Bell's Brewery,Porter,Smoked Porter,Michigan,12/6/2019,December,2020,Paul W.,80,Josh R.,2.88,3.00,,,,,,,,,,,,,,,3.25,,,,,,,1.75,,,2.50,,,,,,,,2.50,,,,,,,,,,,3.00,,3.00,,,,3.50,,3.75,,,3.00,,,3.25,,,,,,,,,,,,4.00,,,,,,1.00,,,,,,,,,,,,,,,,,2.50,2.75,,,,,,,,,,,,,,,,2.75,,,,,,2.50,,,,,,,,3.75,
Helles Real Helles Style Lager,Grainworks Brewing Co.,Lager,Helles Lager,Ohio,4/30/2021,April,2021,Paul W. and Jake W.,94,Paul K.,2.88,,,,,,,,,,,,,,,3.00,,,,,,,,2.50,,,,,,,,,,,,,,,,,,,,2.50,,3.00,,2.75,,,,3.25,,2.50,,,,,,,,,,,,,,,,,,,,,,,,,,,,,,,,,,,,,,,,,3.25,3.00,,,,,,,,,,,,,,,,3.00,,,,,,,,,,,,,,,
Oatmeal Stout,Grainworks Brewing Co.,Stout,Oatmeal Stout,Ohio,4/28/2022,April,2022,Pleasant Ridge,106,Jason M.,2.88,,,,,,,,,,,,,,,,,,,,,,,,,,,,,,,,,,3.50,,,,,,,,,,,,,,,,,,,3.25,,,4.00,,,3.00,,,,,,,,,,,,,,,,,,,,,,,,,,,,,,,,,,,,,,,,,,,,,,,,,,,,3.00,,,,,,,,,,,,,,,0.50
Peaches & Cream Nitro Fruit Tart,Urban Artifact,Sour,Fruited Sour,Ohio,6/13/2023,June,2023,Sara P.,120,Chelsea P.,2.88,,,,,,,,,2.50,,,,4.25,,2.50,,,,,,,,,,3.75,,,,,,,,,3.25,,,,,,,,,,,,,,,,,,,3.00,,,,,,,,,,,3.50,,,,,,,,,,,,,,,,,,,,3.75,,,,,,,,,,1.25,,1.00,,,,,,,,,,,,3.50,,,2.50,,,,,3.25,,,,,,,,,,2.25
Innit E.S.B. Extra Special Bitter ,HighGrain Brewing Co.,ESB,,Ohio,2/25/2025,February,2025,Silverton/Pleasant Ridge,140,Bill K.,2.88,,,,,,,,,,,,,,,3.75,3.50,4.00,,,,,,,,,,,,,,,,,3.00,,2.50,,,,,,,,,,,2.50,2.75,,,,,2.75,,,,,,,,,,,,,,,,,,,,,,,,,,,,,,,2.00,,,,,,,,,,2.75,,,,,,,,,,,,,,2.00,,,,,,,,,,,,,,,,,,3.00
Dover Coconut Porter,HighGrain Brewing Co.,Porter,Robust Porter,Ohio,8/22/2025,August,2025,Jeremy S.,146,Matt T.,2.88,,,,,,,,,,,,,,,3.25,,0.50,,,,,,2.00,,,,,2.25,,,,,,3.00,,3.25,,,,,,,,,,,,,,,,,3.50,,,,,,2.75,,,,,,,,,,,,,,,,,,,,,,,,,4.25,,,,,,,,,,3.50,,,,,,,2.75,,,2.75,,,,4.25,,,,,,,,,,,,,,,,,,2.25
Commodore Perry IPA,Great Lakes Brewing Co.,IPA,English,Ohio,10/30/2025,October,2025,Ben S.,148,Ben S.,2.88,,,,,,,3.00,,,,,,,,3.25,,2.50,,,,,,,,,,,2.50,,,,,,2.75,,2.50,,,,,,,,,,,4.00,,,,,,,,,,,,,,,,,,,,,,,,,,,,,,,,,,,,,,,,,,,,,,,3.00,,,,,,,2.75,,,,,,,,,,,,,,,,,,,,,,,,,2.50
Theory of Tides Double India Pale Ale,Equilibrium Brewery,IPA,Double IPA,New York,10/30/2025,October,2025,Ben S.,148,Paul K.,2.88,,,,,,,2.50,,,,,,,,3.75,,2.50,,,,,,,,,,,2.75,,,,,,2.50,,2.00,,,,,,,,,,,4.00,,,,,,,,,,,,,,,,,,,,,,,,,,,,,,,,,,,,,,,,,,,,,,,3.25,,,,,,,2.50,,,,,,,,,,,,,,,,,,,,,,,,,3.00
Fresh Catch Citra Session Ale,Narragansett Brewing Co.,Blonde,,Rhode Island,10/30/2025,October,2025,Ben S.,148,Zach M.,2.88,,,,,,,3.25,,,,,,,,4.00,,3.25,,,,,,,,,,,2.00,,,,,,3.00,,2.25,,,,,,,,,,,3.00,,,,,,,,,,,,,,,,,,,,,,,,,,,,,,,,,,,,,,,,,,,,,,,2.75,,,,,,,2.00,,,,,,,,,,,,,,,,,,,,,,,,,3.25
Java the Stout Coffee Stout,Jackie O's Brewery,Stout,Coffee Stout,Ohio,1/9/2026,January,2026,Paul W.,151,Ben S.,2.88,,,,,,,,,,,,,,,4.00,,,3.50,,,,,3.00,,,,,,,,,,,3.25,,2.50,,,,,,,,,,,2.25,3.00,,,,,3.50,,,,,2.00,,,,,,,,,,,,,,,,,,,3.50,,,,,,,,,,,,,,,,,2.50,3.00,,,,,,2.25,,,2.50,,,,,,,2.50,,,,,,,,,,,,,,,2.75
Burning River,Great Lakes Brewing Co.,Pale Ale,American Pale Ale,Ohio,7/23/2013,July,2013,Bobby T.,3,Matt T. / Paul W. / Steve D. / Retrial,2.87,3.00,2.00,,,,,,,,,,,,,3.50,2.00,,3.00,,,,,3.00,,,,,,,3.00,,,,2.00,,,,,2.00,,,,3.00,,2.00,,3.00,,,,,,3.00,,,3.25,,,2.00,,,,,,,,,,,,,,,,3.00,,,,,,,,3.50,2.50,,3.50,,,,,,2.75,,2.75,3.00,,,,,,,,,,,,,,,,3.00,,,4.00,,,,,,,3.00,,,,,3.75
Brass Knuckle Hard Hitting American Pale Ale,Four Strings Brewing Co.,Pale Ale,American Pale Ale,Ohio,7/3/2017,July,2017,Dave E.,51,Scott T.,2.87,3.00,,,,,,,,,,,,,,,2.50,,,,,,,,,,,,,,,,,,2.50,,,,,,,,,,,,,2.50,,,,,,3.00,,,,,,3.00,,,,,,,,,,,,,,,,3.50,,,,,,,,2.00,,,3.00,,,,,,,,2.75,,4.25,,,,,,,,,,,,,,,2.00,,,,,,,,,,,,3.25,,,
30A Beach Blonde Ale,Grayton Beer Co.,Blonde,,Florida,6/27/2018,June,2018,Scott T.,62,Kevin W.,2.86,2.00,,,,,,,,,,,,,,,3.00,,,,,,,,,,,,,,,,,,2.25,,,,,,,,,,,3.00,,2.75,,,,,,3.00,,,4.00,,,3.25,,,,,2.25,,,,,,,,,,,3.00,,,,,,,,,,,,,,,,,,,,,,,,,,,,,,,,,,,,3.00,,,,,,,,,,,,,,,
Cappy's vs. Unicorn Double India Pale Ale,Pipeworks Brewing Co.,IPA,Double IPA,Illinois,11/23/2022,November,2022,Matt T.,113,Drew B.,2.86,,,,,,,,,,,,,,,,2.00,,4.00,,,,,,,,,,,,,,,,1.75,,,,,,,,,3.00,,,,,,,,,,3.75,,,,,,,,,,,2.75,,,,,,,,,,,,,,,,,,,,3.50,,,,,,,,,,,,,4.00,,,,,,,,,,,1.75,,,2.50,,,,,,,,,,,,,,,2.50
Relative Hysteria Double India Pale Ale,Branch & Bone Artisan Ales,IPA,Double IPA,Ohio,11/23/2022,November,2022,Matt T.,113,Jake W.,2.86,,,,,,,,,,,,,,,,2.00,,4.00,,,,,,,,,,,,,,,,1.50,,,,,,,,,2.75,,,,,,,,,,2.75,,,,,,,,,,,2.50,,,,,,,,,,,,,,,,,,,,3.25,,,,,,,,,,,,,3.75,,,,,,,,,,,2.50,,,3.25,,,,,,,,,,,,,,,3.25
Third Eye Brewing Third Eye of the Tiger Classic Cream Ale,Third Eye Brewing Co.,Cream Ale,,Ohio,10/24/2023,October,2023,Higher Gravity,124,Drew B.,2.86,,,,,,,,,,,,,,,2.75,,2.50,,,,,,,,,,,,,,,,,2.50,,,,,,,,,2.75,,,,,,,,,,2.75,,,,,,3.00,,,,,,,,,,,,,,,,,,,,,,,,,3.00,,,,,,,,,,3.50,,,,,,,,,,,,,,3.00,3.00,,,,,,,2.75,,,,,,,,,,
25 Days of Haze Hazy India Pale Ale,Taft's Brewing Co.,IPA,New England/Hazy IPA,Ohio,12/15/2023,December,2024,Paul W.,126,Lauren D.,2.86,,,,,,,,,,,,,,,3.00,,2.75,,,,,,3.00,,,,,,,,,,,,,,,,,,,,,,,,,,,,,,3.00,,,,,,3.00,,,,,2.75,,,,,,,,,,,,3.00,,,,,,,,3.00,,,,,,,,,,,2.50,,,,,,,,,,,,,2.75,,,,,,,,,,,,,,,,,,2.75
Exterior Illumination Winter Ale,Listermann Brewing Co.,Winter,,Ohio,12/15/2023,December,2024,Paul W.,126,Joe J.,2.86,,,,,,,,,,,,,,,2.75,,3.00,,,,,,2.50,,,,,,,,,,,,,,,,,,,,,,,,,,,,,,3.00,,,,,,2.00,,,,,3.75,,,,,,,,,,,,2.00,,,,,,,,3.00,,,,,,,,,,,2.50,,,,,,,,,,,,,3.25,,,,,,,,,,,,,,,,,,3.75
Vitus,Weihenstephaner,Bock,Weizenbock,Germany,12/15/2023,December,2024,Paul W.,126,Zach M.,2.86,,,,,,,,,,,,,,,3.25,,2.50,,,,,,2.25,,,,,,,,,,,,,,,,,,,,,,,,,,,,,,3.00,,,,,,3.00,,,,,3.25,,,,,,,,,,,,2.00,,,,,,,,3.00,,,,,,,,,,,3.00,,,,,,,,,,,,,3.75,,,,,,,,,,,,,,,,,,2.50
Pumpking,Southern Tier Brewing Co.,Pumpkin,,New York,9/26/2015,September,2015,Dave E. and Jake W.,29,Trent D.,2.86,,,,,,,,,,,,,,,,,,2.50,,,,,,,,,,,,,,,,2.00,,,,,,,,,,,,,2.50,,,,,,2.00,,,,,,,,,,,,,,,,,,,,,,,,,,,,,,3.00,,,,,,,,,,,,,,,,,,,,,,,3.50,,,,,,,,,,,,,,,,,4.50,,,
Station 2 Rye Pale Ale,Municipal Brew Works,Rye,,Ohio,9/21/2016,September,2016,Matt S.,41,Eric H.,2.86,,,,,,,,,,,,,,,,,,,,,,,,,,,,,,,,,,2.50,,,,,,,,,,,2.50,,4.00,,,,,,2.50,,,,,,,,,,,,,,,,,,,,,,,,2.50,,,,,,3.00,,,,,,,,,,,,,,,,,,,,,,,3.00,,,,,,,,,,,,,,,,,,,,
Prima Pils,Victory Brewing Co.,Pilsner,,Pennsylvania,5/24/2017,May,2017,Phil H.,49,Paul W.,2.86,,,,,,,,,,,,,,,,,,,,,,,,,,,,,,,,,,2.75,,,,,,,,,,,2.50,,2.75,,,,,,2.75,,,,,,,,,,,,,,,,,,,,,,,,,,,,,,3.00,,,,,,,,,,,,2.50,3.75,,,,,,,,,,,,,,,,,,,,,,,,,,,,,,
Flute Loop Fruity Nugget IPA,Fretboard Brewing Co.,IPA,American IPA,Ohio,3/25/2021,March,2021,Paul K.,93,Ben S.,2.86,,,,,,,,,,,,,,,2.75,,,,,,,,,,,,,,,,,,,1.75,,,,,,,,,,,,,3.00,,,,3.50,,3.50,,,,,,,,,,,,,,,,,,,,,,,,,,,,,,,,,,,,,,,,,2.75,,,,,,,,,,,,,,,,,,,,,,,,,,,,,,,,2.75
Brain Goddess Wet Hop India Pale Ale,DSSOLVR,IPA,New England/Hazy IPA,North Carolina,10/1/2021,October,2021,Jim B.,100,Dave E.,2.86,,,,,,,,,,,,,,,,,,,,,,,2.75,,,,,,,,,,,1.25,,,,,,,,,,,,,,,,,3.50,,3.25,,,,,,3.50,,3.00,,,,,,,,,,,,,,,,,,,,,,,,,,,,,,,,,2.75,,,,,,,,,,,,,,,,,,,,,,,,,,,,,,,,
Bootsy Brewski IPA,Fretboard Brewing Co.,IPA,Brut IPA,Ohio,4/28/2022,April,2022,Pleasant Ridge,106,Stuart W.,2.86,,,,,,,,,,,,,,,,,,,,,,,,,,,,,,,,,,2.00,,,,,,,,,,,,,,,,,,,3.00,,,3.00,,,2.75,,,,,,,,,,,,,,,,,,,,,,,,,,,,,,,,,,,,,,,,,,,,,,,,,,,,2.75,,,,,,,,3.25,,,,,,,3.25
Guayabera Citra Pale Ale,Cigar City Brewing,Pale Ale,American Pale Ale,Florida,3/22/2019,March,2019,Jason M.,71,Andrew P.,2.85,3.50,,,,,,,,,3.00,,,,,,,,,,,,,,,,,,,,,,,,2.00,,,,,,,,,,,1.75,,,,,,,,3.75,,,3.00,,,2.00,,,,,,,,,,,,2.25,,,,3.50,,3.00,,,,,,,,,,,,,,,,,2.50,,,,,,,,,,,,,,,,,,,,,,,,,,,,,,,,4.00
Poundsign Nofilter Juicy IPA,Grainworks Brewing Co.,IPA,New England/Hazy IPA,Ohio,7/28/2022,July,2022,Dave E.,109,Eric H.,2.85,,,,,,,,,,,,,,,,2.00,,,,,,,,,,,,,,,,,,3.00,,,,,,,,,1.75,,3.00,,3.50,,,,,,3.75,,,,,,,,,,,2.25,,,,,,,,1.00,,,,,,,,,,,,3.50,,,,,,,,,,3.50,,,,,,,,,,,,,,,,,3.50,,,,,,,,,,,,,,,3.50
World Wide Stout,Dogfish Head Craft Brewery,Stout,American Imperial Stout,Delaware,5/22/2024,May,2024,Jake W. ,131,Scott T.,2.85,,,,,,,,,,,,,,,2.25,,2.00,,,,,,,,,,,,,,,,,,,,,,,,,,2.50,,,,2.50,,,,,,3.00,,,,,,2.50,,,,,,,,,,,,,,,,,,,,,,,,,3.75,,,,,,,,,,3.25,2.00,,,,,,,,,,,,,3.25,,,4.25,,,,,,,,,,,,,,,3.00
Bloodline Blood Orange IPA,Flying Dog Brewery,IPA,American IPA,Maryland,5/9/2023,May,2023,Jake W.,119,Jeremy S.,2.85,,,,,,,,,,,,,,,2.75,,,,,,,,,,,,,,,,,,,2.00,,,,,,,,,3.00,,,,,3.00,,,,,3.00,,,,,,3.25,,,,,,,,,,,,,,,,,,,,,,,,,3.50,,,,,,,,,,2.75,2.50,,,,,,,,,,,,,2.75,,,,,,,,,,,,,,,,,,
Sun-Kissed Wheat,Homestead Beer Co.,Wheat,American Pale Wheat,Ohio,12/20/2024,December,2025,Paul W.,138,Bobby T.,2.85,,,,,,,,,,,,,,,,,3.50,4.00,,,,,2.50,,,,,,,,,,,2.50,,2.00,,,,,,,,,3.00,,,,,,,,3.00,,,,,,,,,,,,,,,,,,,,,,,,,,,,,,,,2.75,,,,,,,,,,2.50,,,,,,,,,,,,,,,,2.75,,,,,,,,,,,,,,,
Guy Fawkes Brown Ale,The Black Abbey Brewing Co.,Brown,,Tennessee,10/30/2025,October,2025,Ben S.,148,Dave E.,2.85,,,,,,,2.50,,,,,,,,3.50,,2.00,,,,,,,,,,,3.25,,,,,,3.25,,2.00,,,,,,,,,,,3.00,,,,,,,,,,,,,,,,,,,,,,,,,,,,,,,,,,,,,,,,,,,,,,,3.50,,,,,,,2.25,,,,,,,,,,,,,,,,,,,,,,,,,3.25
Cold Ass Beer,Against the Grain Brewery & Smokehouse,Amber,,Kentucky,10/30/2025,October,2025,Ben S.,148,Chris M.,2.85,,,,,,,3.00,,,,,,,,3.25,,2.25,,,,,,,,,,,2.50,,,,,,3.00,,2.00,,,,,,,,,,,2.50,,,,,,,,,,,,,,,,,,,,,,,,,,,,,,,,,,,,,,,,,,,,,,,3.50,,,,,,,2.50,,,,,,,,,,,,,,,,,,,,,,,,,4.00
Torrential Downpour Small Batch IPA,Platform Beer Co.,IPA,New England/Hazy IPA,Ohio,7/6/2018,July,2018,Dave E.,63,Paul K.,2.85,3.00,,,,,,,,,,,,,,,,,,2.25,,,,,,,,,,,,,,,3.00,,,,,,,,,,,2.25,,3.00,,,,,,3.25,,,3.00,,,,,,,,,,,,,,,,,,,3.50,,,,,,,,2.50,,,,,,,,,,,3.75,,,,,,,,,,,,2.50,,,,,3.25,,1.75,,,,,,,,,,,,,
Truth,Rhinegeist Brewing Co.,IPA,American IPA,Ohio,2/25/2016,February,2016,Dave E.,34,Eric H. / Retrial,2.85,2.50,,,,,,,,,,,,,,3.75,2.00,,,,,,,5.00,,,,,,,,,,,1.00,,,,,,,,,3.75,,1.50,,4.00,,,,,,3.50,,,3.00,,,3.00,,,,,,,,,,,,,,,,3.00,,,,,,,,2.00,,,3.00,,,,,,4.25,,2.75,2.00,2.50,,,,,,,,,,,,,,,3.00,,,,,,,,,,1.00,,,,,3.25
Winter Solstice Seasonal Ale,Anderson Valley Brewing Co.,Winter,,California,12/13/2013,December,2013,Paul W.,8,Paul W.,2.84,,,,,,,,,,,,,,,,,,4.00,,,,,,,,,,,,,,,,3.00,2.50,,3.50,,2.00,,,,,,,,3.50,,,,,,3.00,,,,,,,,,,,,,3.00,,,,,,,,,,,,,,,,,,,,,,2.00,,,,,,,2.50,2.50,,,,,,,,,,2.00,,,,,4.00,,,4.50,,,,,,,0.50,,3.00,,,
Mocha IPA,Stone Brewing Co.,IPA,Imperial IPA,California,8/28/2017,August,2017,Bobby T.,52,Scott T.,2.84,,,,,,,,,,,,,,3.50,,,,3.50,,,,,2.50,,,,,,,,,,,2.00,,,,,,,,,,,,,2.50,,,,,,3.50,,3.00,,,,,,,,,,,,,,,,,,,,,,,,,,,,,,,,,,,,,,,,,,,,,,,,,,,,,,,,2.25,,,,,,,,,,,,,,,
Old Chub Scotch Ale,Oskar Blues Brewery,Scotch,,Colorado,12/7/2018,December,2019,Paul W.,68,Dick K.,2.84,,,,,,,,,,,,,,,,3.50,,2.50,,,,,3.00,,,,,,,,,,,2.50,,,,,,5.00,,,,,2.50,,2.75,,,,,,2.50,,,3.50,,,2.75,,,,,,,,,,,,,,,,2.00,,2.00,,,,,,,,,,,,,,,,,2.75,2.50,,,,,,,,,,,,,,,,2.75,,,,,,3.00,,,,,,,,,
Toña Cerveza,Compañía Cervecera De Nicaragua,Lager,American Adjunct Lager,Nicaragua,4/25/2025,April,2025,Paul K.,142,Bill K.,2.84,,,,,,,,,,,,,,,3.50,,2.75,,,,,,,,,,,,,,,,,1.75,,2.50,,,,,,,,,,,2.00,,,,,,,,,,,,,,,,,,,,,,,,,,,,,,,,,,,,,,,,,,,,4.00,,,3.25,,,,,,,,3.00,,,,,,,,,,,,,,,,,,,,,,,,
Landshark Lager,Margaritaville Brewing Co.,Lager,American Adjunct Lager,Florida,4/25/2025,April,2025,Paul K.,142,Nick K.,2.84,,,,,,,,,,,,,,,2.75,,2.25,,,,,,,,,,,,,,,,,2.00,,2.50,,,,,,,,,,,2.50,,,,,,,,,,,,,,,,,,,,,,,,,,,,,,,,,,,,,,,,,,,,4.00,,,3.00,,,,,,,,3.75,,,,,,,,,,,,,,,,,,,,,,,,
Golf Cart Blood Orange Golden Ale,Outerbelt Brewing,Golden,,Ohio,5/16/2025,May,2025,Jake W.,143,Bobby T.,2.84,,,,,,,,,,,,,,,,,,3.25,,,,,,,,,,,,,,,,,,2.75,,,,,,,,,,,3.00,,,,,,3.00,,,,,,,,,,,,,,,,,,,,,,,,,,,,,,,2.50,,,,,,,,,,,2.25,,,,,,,,,,,,,3.00,,,3.00,,,,,,,,,,,,,,,
Holly Days IPA with Spruce Tips,MadTree Brewing Co.,IPA,American IPA,Ohio,12/12/2025,December,2026,Scott T.,150,Scott T.,2.84,,,,,,,,,,,,,,,3.00,,,,,,,,,,,,,,,,,,,2.00,,2.75,,,,,,,,,,,,,,,,,3.25,,,,,,,,,,,,,,,,,,,,,,,,,,,,,,,,,,,,,,,,,2.75,,,,,,,2.25,,,2.75,,,,,,,4.00,,,,,,,,,,,,,,,
Rainbow Road India Pale Ale,Fifty West Brewing Co.,IPA,American IPA,Ohio,7/28/2022,July,2022,Dave E.,109,Jake W.,2.84,,,,,,,,,,,,,,,,2.50,,,,,,,,,,,,,,,,,,3.00,,,,,,,,,2.75,,2.00,,4.00,,,,,,2.75,,,,,,,,,,,1.50,,,,,,,,3.50,,,,,,,,,,,,,,,,,,,,,,3.25,,,,,,,,,,,,,,,,,3.25,,,,,,,,,,,,,,,2.75
Oude Geuze,Brouwerij 3 Fonteinen,Sour,Belgian Sour,Belgium,9/26/2025,September,2025,Charlie D.,147,Charlie D.,2.84,,,,,,,,,,,,,,,,,,,,,,,4.25,,,,,,,,,,,3.00,,2.00,,,,,,,,,,,2.00,,,,,,3.00,,,,,,2.00,,,,,2.25,,,,,,,,,,,,4.50,,,,,,,,2.00,,,,,,,,,,3.00,,,,,2.75,,4.00,,,,,,,2.25,,,2.75,,,,,,,,,,,,,,,
Double Chocolate Stout,Rogue Ales,Stout,American Imperial Stout,Oregon,12/8/2017,December,2018,Paul W.,56,Scott T.,2.84,,,,,,,,,,,,,,,,3.00,,3.00,,,,,,,,,,,,,,,,2.75,,,,3.00,,,,,,,3.75,,2.25,,,,,,3.00,,,,,,,,,,,,,,,,,,,,,,3.00,,3.00,,,,,,3.00,,,3.00,,,,,,,,3.00,2.50,,,,,,,,,,,,,,,,3.00,,,,,2.00,2.25,,,,2.75,,,,,
12 Dogs of Christmas,Thirsty Dog Brewing Co.,Christmas,,Ohio,12/13/2013,December,2013,Paul W.,8,Sam E.,2.83,,,,,,,,,,,,,,,,,,2.00,,,,,,,,,,,,,,,,2.50,,,0.00,,2.50,,,,,,,,2.50,,,,,,3.00,,,,,,,,,,,,,3.00,,,,,,,,,,,,,,,,,,,,,,4.00,,,,,,,4.00,3.00,,,,,,,,,,4.00,,,,,3.50,,,2.50,,,,,,,2.00,,4.00,,,
Oatmeal Stout Dark,Breckenridge Brewery,Stout,Oatmeal Stout,Colorado,2/20/2014,February,2014,Dave E.,10,Donny H.,2.83,,,,,,,,,,,,,,,,,,3.50,,,,,,,,,,,,,,,,2.50,,,,,,,,3.50,,,3.00,,2.00,,,,,3.50,2.50,,,,,,,,,,,,,,,,,,,,,,,,,,,,3.50,,4.00,,,,,,,,,,,,,,,,,,,,,,,2.50,,,,,2.00,,,,,,,,,,,,1.50,,,
Summer Shandy,Jacob Leinenkugel Brewing Co.,Shandy,,Wisconsin,4/17/2014,April,2014,Tony H.,12,Eric H.,2.83,,,,,,,,,,,,,,,,,,,,,,,,,,,,,,1.50,,,,2.50,,,,,,,,,,,,,4.00,,,,,,3.00,,,,,,,,,,,,,,,,,,,,,,,,,,,,,,4.00,,,,,,,,,,,,2.50,,,,,,,,,,,2.50,,,,,2.50,,,,,,,,,,3.00,,,,,
Anti-Hero IPA,Revolution Brewing,IPA,American IPA,Illinois,7/30/2014,July,2014,Dave E. and Jake W.,15,Matt S.,2.83,,,,2.50,4.00,,,,,,,,,,,,,,,,,,,3.00,,,,,,1.50,,2.50,,1.50,,,,,,,,,,,2.00,,3.50,,,,,,4.00,,,,,,,,,,,,,2.50,,,,,,,,,,,,,,,3.50,,3.50,,,,,,,,,,,,3.00,,,,,,,,,,,3.00,,,,,2.50,,,,,,,,,,3.50,,2.00,3.00,,
Pumpkin Wheat,Shock Top Brewing Co.,Pumpkin,,Missouri,9/16/2014,September,2014,Jake W.,17,Denis M.,2.83,,,,,,,,,,,,,,,,,,,,,,,,,,,,,,,,,,2.00,,,,,3.50,,,,,,,2.00,,,,,,,2.50,,,,,,,,,,,,,,,,,,,,,,,,,,,,,,,,,,,,,,,,,,2.00,,,,,,,,,,,3.00,,,,,3.50,,,,,,,,,,4.00,,3.00,,,
Yellow Snow IPA,Rogue Ales,IPA,American IPA,Oregon,12/12/2014,December,2015,Paul W.,20,Charlie M.,2.83,,,,,,,,,,,,,,,,,,3.00,,,,,,3.00,,,,,,,,3.50,,1.00,,,,,,,,,,,,3.00,3.50,,,,,,2.50,,,,,,,,,,,,,,,,,,,,,,,,,,,,,,,,,,,,,,,,,,2.50,4.50,,,,,,,,,,,,,,,3.00,,,,,1.00,3.50,,,,,,,,,
Saison du Buff,Dogfish Head Craft Brewery,Saison,,Delaware,4/17/2015,April,2015,Phil H.,24,Scott T.,2.83,,,,,,,,,,,,,,,,,,3.00,,,,,,,,,,,,,,,,2.00,,,,,2.50,,,,,,,,3.00,,,,,,2.00,,,,,,,,,,,,,,,,,,,,,,,,,,,,,,,3.50,,,,,,,,,,,3.00,4.00,,,,,,,,,,,,,,,2.50,,,,,,,,,,,,,,,
Dry Hopped Pale Ale,Founders Brewing Co.,Pale Ale,American Pale Ale,Michigan,5/13/2015,May,2015,Scott T.,25,Eric H.,2.83,,,,,,,,,,,,,,,,,,2.50,,,,,,,,,,,,,,,,1.50,,,,,,,,,,,1.50,,3.50,,,,,,3.00,,,,,,,,,,,,,,,,,,,,,,,,,,,,,,,,,,,,,,,,,,2.50,5.00,,,,,,,,,,,,,,,3.50,,,,,,,,,,2.50,,,,,
Mississippi Mud Black & Tan,Mississippi Brewing Co.,Half and Half,,Mississippi,10/26/2015,October,2015,Scott T.,30,Jim C.,2.83,,,,,,,,,,,,,,,,,,2.50,,,,,,,,,,,,1.50,,,,3.00,,,,,,,,,,,,,3.00,,,,,,3.50,,,,,,,,,3.50,,,,,,,,,,,,,1.50,,,,3.00,,,,,4.00,,,,,,,,,,,3.00,,,,,,,,,,,,,,,,3.00,,,2.50,,,,,,,,,,,,
Sawtooth Ale,Left Hand Brewing Co.,Amber,,Colorado,10/26/2015,October,2015,Scott T.,30,Steve D.,2.83,,,,,,,,,,,,,,,,,,3.00,,,,,,,,,,,,2.50,,,,2.50,,,,,,,,,,,,,3.00,,,,,,3.00,,,,,,,,,3.00,,,,,,,,,,,,,2.50,,,,3.00,,,,,3.50,,,,,,,,,,,2.50,,,,,,,,,,,,,,,,2.50,,,3.00,,,,,,,,,,,,
Glory American Wheat Ale,Land-Grant Brewing Co.,Wheat,American Pale Wheat,Ohio,4/22/2016,April,2016,Tony H.,36,Phil H.,2.83,,,,,,,,,,,,,,,,3.00,,3.50,,,,,,,,,,,,,,,,3.00,,,,,,,,,,,2.00,,2.50,,,,,,,,,,,,,,,,,,,,,,,,,,,,,,,,,,,,,,,,,,,,,,2.50,,,4.00,,,,,,,,,,,,,,,3.00,,,,,,,,,,2.00,,,,,
Coconut Hiwa Porter,Maui Brewing Co.,Porter,American Porter,Hawaii,9/21/2016,September,2016,Matt S.,41,Dave E.,2.83,,,,,,,,,,,,,,,,,,,,,,,,,,,,,,,,,,3.00,,,,,,,,,,,,,2.50,,,,,,3.00,,,,,,,,,,,,,,,,,,,,,,,,3.00,,,,,,2.50,,,,,,,,,,,,,,,,,,,,,,,3.00,,,,,,,,,,,,,,,,,,,,
Batch #030 Mimosa IPA,Nowhere In Particular Brewing Co.,IPA,Brut IPA,Ohio,4/12/2019,April,2019,Andrew P.,72,Kevin W.,2.83,,,,,,,,,,3.50,,,,,,2.50,,,,,,,,,,,,,,,,,,2.00,,,,,,,,,,,,,,,,,,,2.75,,,2.50,,,,,,,,,,,,,,,,,,,3.00,,2.25,,,,,,,,,,,,,,,,,,,,,,,,,,,,,,,,,,,,,,,,,,,,,,,,4.00,3.00
40th Hoppy Amber Anniversary Ale,Sierra Nevada Brewing Co.,Amber,,California,1/30/2020,January,2020,Scott T.,81,Steve P.,2.83,,,,,,,,,,,,,,,2.75,,,,,,,,,,,,,,,,,,,2.00,,,,,,,,,3.25,,,,3.50,,,,,,2.75,,,,,,3.25,,,,,,,,,,,,,,,,,,2.25,,,,,,,,,,,,,,,,,2.75,,,,,,,,,,,,,,,,,3.50,,,,,2.75,,,,,2.25,,,,3.00,
Even More Jesus Imperial Stout,Evil Twin Brewing,Stout,American Imperial Stout,Denmark,11/18/2021,November,2021,Greg A.,101,Scott T.,2.83,3.00,,,,,,,,,,,,,,,,,,,,,,,,,,,,,,,,,3.00,,,,,,,,,2.00,,,,,,,,2.75,,3.75,,,,,,2.00,,,,,,,,,,,,,,,,,,,,,,,,,,,,,,,,,,,3.25,,,,,,,,,,,,,,,,,3.50,,,,,,,,,,,,,,,2.25
Blind Spot Imperial Oatmeal Stout,Fifty West Brewing Co.,Stout,Oatmeal Stout,Ohio,2/18/2022,February,2022,Scott T.,104,Paul K.,2.83,,,,,,,,,,,,,,,2.75,,,,,,,,,,,,,,,,,,,2.75,,,,,,,,,,,,,,,,,,,2.75,,,,,,2.50,,,,,,,,,,,,,,,,,,,,,,,,,,,,,,,,,,,3.00,,,,,,,,,,,,,,,,,3.25,,,,,,,,,,,,,,,
Honey Kolsch,Rogue Ales,Kolsch,,Oregon,12/9/2022,December,2023,Paul W.,114,Jake W.,2.83,,,,,,,,,,,,,,,,,,2.50,,,,,2.50,,,,,,,,,,,3.25,,,,,,,,,2.50,,,,,,,,,,3.00,,,2.50,,,3.25,,,,,3.00,,,,,,,,,,,,,,,,,,,,3.25,,,,,,,,,,3.00,2.50,,,,,,,,,,,,,2.75,,,2.50,,,,3.50,,,,,,,,,,,2.50
Convivial Hazy Double India Pale Ale,WeldWerks Brewing Co. / Russian River Brewing Co.,IPA,Double IPA,Colorado,3/30/2025,March,2025,Zach M.,141,Dave E.,2.83,,,,,,,,,,,,,,,3.25,,,,,,,,,,,,,,,,,,,2.00,,,,,,,,,,,,,3.00,,,,,,3.00,,,,,,,,,,,,,,,,,,,,,,,,,,,,,,,,,,,,,,,,,3.50,,,,,,,,,,,,,,,,,,,,,,,,,,,,,,,,2.25
Photo Booth Grapefruit Gose,Urban Artifact,Sour,Gose,Ohio,8/31/2020,August,2020,Jeremy S.,86,Ben S.,2.83,3.50,,,,,,,,,,,,,,3.00,,,,,,,,4.00,,,,,,,,,,,2.25,,,,,,,,,,,2.00,,,,,,3.75,,2.75,,,2.00,,,2.00,,,,,,,,,,,,,,,,,,,,,,,,,,,,,,,,,,,3.00,,,,,,,,,,,,,,,,,,,,,,,,,,,,,,,,
Impending Doom Hazy Double IPA,Heavy Seas Beer,IPA,New England/Hazy IPA,Maryland,6/13/2023,June,2023,Sara P.,120,Jake W.,2.83,,,,,,,,,4.50,,,,,,3.25,,,,,,,,,,,,,,,,,,,1.75,,,,,,,,,,,,,,,,,,,3.00,,,,,,,,,,,1.75,,,,,,,,,,,,,,,,,,,,3.00,,,,,,,,,,3.00,,,,,,,,,,,,,,2.00,,,3.25,,,,,,,,,,,,,,,2.75
Jelly King Dry Hopped Sour,Bellwoods Brewery,Sour,Fruited Sour,Canada,7/21/2023,July,2023,Dave E.,121,Dave E.,2.83,,,,,,,,,,,,,,,3.25,,,,,,,,,,,,,,,,,,,4.00,,,,,,,2.50,,,,,,,,,,,,2.00,,,3.00,,,,,,,,3.50,,,,,,,,,,,,,2.00,,,,,,,4.00,,,,,,,,,,,,,,,,,,,,,,,,,,,,2.00,,,,,,,,,,,,,,2.00
Old Leghumper Robust Porter,Thirsty Dog Brewing Co.,Porter,Robust Porter,Ohio,11/14/2013,November,2013,Trent D.,7,Eric H. / Eric B.,2.82,,,,,,,,,,,,,,,,,,2.50,,,,,,3.00,,,,,,,,3.50,,3.00,,,,,2.00,,,,,,,2.00,4.00,,,,,,2.50,,,,,,,,,,,,,,,,,,,,,,,,,,,,,,3.00,,,,,4.00,,,,,,,2.50,3.00,,,,,,,,,,3.00,,,,,3.50,,,,,0.50,2.00,,,,,,4.00,,,
Edmund Fitzgerald,Great Lakes Brewing Co.,Porter,American Porter,Ohio,5/13/2014,May,2014,Colin J.,13,Sam E.,2.82,,,,,,,,,,,,,,,,,,3.50,,,,,,,,,,,,2.50,,,,3.00,,,,,,,,2.50,,,,,2.00,,,,,,3.50,,,,,,,,,,,,,,,,,,,,,,,,,,2.50,,,,2.50,,,,,,,,,,2.00,,,,,,,,,,,,,2.50,,,,,3.00,,,3.00,,,,,,,3.50,,3.50,,,
Green's Endeavour Dubbel Dark Ale,Green's Gluten Free Beers,Dubbel,English Dubbel,UK,6/24/2014,June,2014,Scott T.,14,Matt T.,2.82,,,,,,,,,,,,,,,,,,2.50,,,,,,,,,,,,2.00,,,,2.50,,,,,3.00,,,,,,,,2.50,,,,,,2.50,,,,,,,,,,3.00,4.00,2.00,,,,,,,,,,,,,,,,,,,3.50,,,,,,,,,,,,3.50,,,,,,,,,,3.50,,,,,3.00,,,,,,,,,,,,2.00,,,
Summer Ale,Boston Beer Co.,Wheat,American Pale Wheat,Massachusetts,5/24/2017,May,2017,Phil H.,49,Eric A.,2.82,,,,,,,,,,,,,,,,,,,,,,,,,,,,,,,,,,2.75,,,,,,,,,,,3.50,,2.00,,,,,,2.75,,,,,,,,,,,,,,,,,,,,,,,,,,,,,,3.50,,,,,,,,,,,,2.75,2.50,,,,,,,,,,,,,,,,,,,,,,,,,,,,,,
French Oak Saison,New Belgium Brewing Co.,Saison,,Colorado,9/26/2017,September,2017,Lee M.,53,Paul K.,2.82,,,,,,,,,,,,,,,,,,,,,,,,,,,,,,,,,,3.50,,,,,,,,,,,2.00,,2.25,,,,,,2.75,,,,,,,,,,,,,,,,,,,,,,,,3.00,,,,,,,,,,,,,,,,,3.25,,,,,,,,,,,,,,,,,3.00,,,,,,,,,,,,,,,
S'more Fun Together Imperial Brown Ale,Streetside Brewery,Brown,,Ohio,3/25/2021,March,2021,Paul K.,93,Greg A.,2.82,,,,,,,,,,,,,,,3.00,,,,,,,,,,,,,,,,,,,2.00,,,,,,,,,,,,,3.00,,,,4.25,,2.75,,,,,,,,,,,,,,,,,,,,,,,,,,,,,,,,,,,,,,,,,2.50,,,,,,,,,,,,,,,,,,,,,,,,,,,,,,,,2.25
Thank You For Existing Kolsch-Style Ale,DSSOLVR,Kolsch,,North Carolina,6/13/2023,June,2023,Sara P.,120,Joe J.,2.82,,,,,,,,,2.75,,,,2.50,,3.00,,,,,,,,,,2.75,,,,,,,,,2.00,,,,,,,,,,,,,,,,,,,2.75,,,,,,,,,,,3.25,,,,,,,,,,,,,,,,,,,,3.00,,,,,,,,,,2.75,,3.50,,,,,,,,,,,,3.00,,,2.50,,,,,3.00,,,,,,,,,,2.75
Black Sheep Brewery Monty Python's Holy Grail British Pale Ale,Black Sheep Brewery,Pale Ale,English Pale Ale,UK,8/22/2025,August,2025,Jeremy S.,146,Bill K.,2.82,,,,,,,,,,,,,,,2.25,,4.00,,,,,,2.75,,,,,3.00,,,,,,2.50,,3.50,,,,,,,,,,,,,,,,,2.50,,,,,,3.00,,,,,,,,,,,,,,,,,,,,,,,,,2.50,,,,,,,,,,3.00,,,,,,,3.00,,,2.25,,,,2.75,,,,,,,,,,,,,,,,,,2.50
One Way Street: Caliente IPA,Fifty West Brewing Co.,IPA,American IPA,Ohio,3/2/2018,February,2018,Colin J.,58,Charlie D.,2.82,,,,,,,,,,,,,,,,,,3.00,,,,,3.25,,,,2.50,,,2.50,,,,2.75,,,,,,,,,,,,,2.50,,,,,,3.00,,,4.00,,,,,,,,,,,,,,,,,,,2.50,,,,,,,,,,,,,,,,,,,2.50,,,,,,,,,,,,,,,,,2.50,,,,,,,,,,,,,,,
Reign of Hera Hazy India Pale Ale,WarPigs Brewing USA,IPA,New England/Hazy IPA,Indiana,10/24/2023,October,2023,Higher Gravity,124,Jake W.,2.82,,,,,,,,,,,,,,,3.00,,2.50,,,,,,,,,,,,,,,,,2.00,,,,,,,,,3.00,,,,,,,,,,3.50,,,,,,2.00,,,,,,,,,,,,,,,,,,,,,,,,,3.00,,,,,,,,,,3.25,,,,,,,,,,,,,,3.00,3.00,,,,,,,2.75,,,,,,,,,,
Monarch Jungle IPA,HighGrain Brewing Co.,IPA,American IPA,Ohio,12/9/2022,December,2023,Paul W.,114,Bobby T.,2.82,,,,,,,,,,,,,,,,,,2.75,,,,,3.50,,,,,,,,,,,2.50,,,,,,,,,2.50,,,,,,,,,,3.25,,,3.25,,,2.25,,,,,2.25,,,,,,,,,,,,,,,,,,,,3.50,,,,,,,,,,2.75,2.75,,,,,,,,,,,,,2.75,,,3.25,,,,2.50,,,,,,,,,,,2.50
Eisbock,Kulmbacher Brauerei AG,Bock,Eisbock,Germany,9/9/2013,September,2013,Dave E.,5,Jake W.,2.81,,,,,,,,,,,,,,,,,,2.50,,,,,,,,,,,,,,,,3.00,,,,,2.00,,,2.50,,,,,,,,,,,3.00,,,,,,,,,,,,,,,,,,,,,,,,,,,,,,2.00,,,,,,,,,,,,,4.50,,,,,,,,,,,,,,,3.00,,,,,,,,,,,,,,,
Tsingtao,Tsingtao,Lager,Pale Lager,China,3/14/2014,March,2014,Denis M.,11,Ian S. / Scott T.,2.81,,,,,,,,,,,,,,,,,,,,,,,,,,,,,,,,,,3.00,,,3.00,,4.00,,,3.00,,,2.50,,,,,,,,,,,,,,,,,,,,,,,,,,,,,,,,,,,,1.00,,3.00,,,,,,,,,,,,,,,,,,,,,,,,,,,,3.00,,,,,,,,,,,,,,,
Cherry Blonde,Christian Moerlein Brewing Co.,Blonde,,Ohio,8/10/2015,August,2015,Phil H.,28,Bobby T.,2.81,,,,,,,,,,,,,,,,,,3.50,,,,,,,,,,,,,,,,2.50,,,,,,,,,,,2.50,,2.00,,,,,,2.00,,,,,,,,,,,,,,,,,,,,,,,,,,,,,,,,,,,,,,,,,,,4.00,,,,,,,,,,,,,,,3.50,,,,,,,,,,,,2.50,,,
Gus IPA,Full Pint Brewing Co.,IPA,American IPA,Pennsylvania,8/10/2015,August,2015,Phil H.,28,Eric H.,2.81,,,,,,,,,,,,,,,,,,2.00,,,,,,,,,,,,,,,,1.00,,,,,,,,,,,1.50,,4.00,,,,,,4.00,,,,,,,,,,,,,,,,,,,,,,,,,,,,,,,,,,,,,,,,,,,5.00,,,,,,,,,,,,,,,3.00,,,,,,,,,,,,2.00,,,
Amber,Abita Brewing Co.,Amber,,Louisiana,9/21/2016,September,2016,Matt S.,41,Matt S.,2.81,,,,,,,,,,,,,,,,,,,,,,,,,,,,,,,,,,2.50,,,,,,,,,,,2.50,,3.00,,,,,,3.00,,,,,,,,,,,,,,,,,,,,,4.00,,,2.00,,,,,,3.00,,,,,,,,,,,,,,,,,,,,,,,2.50,,,,,,,,,,,,,,,,,,,,
.394 Pale Ale,AleSmith Brewing Co.,Pale Ale,American Pale Ale,California,7/28/2022,July,2022,Dave E.,109,Zach M.,2.81,,,,,,,,,,,,,,,,3.00,,,,,,,,,,,,,,,,,,2.75,,,,,,,,,3.00,,1.50,,4.00,,,,,,2.75,,,,,,,,,,,2.00,,,,,,,,3.75,,,,,,,,,,,,2.50,,,,,,,,,,3.00,,,,,,,,,,,,,,,,,2.75,,,,,,,,,,,,,,,2.75
The Rake Double Dry-Hopped Double IPA,Angry Chair Brewing,IPA,Double IPA,Florida,7/31/2024,July,2024,Dave E.,133,Sara P.,2.81,,,,,,,,,,,,,,,2.50,,2.25,,,,,,2.00,,,,,,,,,,,1.75,,,,,,,,,,,,,3.00,,,,,,4.25,,,2.75,,,,,,,,2.25,,,,,,,,2.75,,,,,3.75,,,,,,,3.75,,,,,,,,,,,,,,1.00,,,,,,,,,,2.75,4.00,,1.75,,,,,,,,,,,,,,,4.50
Midsomer's Night Snack Stout ,Abomination Brewing,Stout,Sweet/Milk Stout,Connecticut,6/27/2025,June,2025,Sara P.,144,Sara P.,2.81,,,,,,,,,,,,,,,3.25,,,3.00,,,,,2.00,,,,,,,,,,,2.75,,,,,,,,,,,,,,,,,,,2.75,,,,,,,,,,,,,,,,,,,,,,,4.00,,,,,,,,3.50,,,,,,,,,,3.00,,,,,,,1.25,,,,,,,3.50,3.00,,,,,,,,,,,,,,,,,1.75
Happy Pils,BRLO,Pilsner,,Germany,6/27/2025,June,2025,Sara P.,144,Lauren D.,2.81,,,,,,,,,,,,,,,3.25,,,2.75,,,,,2.00,,,,,,,,,,,2.75,,,,,,,,,,,,,,,,,,,2.75,,,,,,,,,,,,,,,,,,,,,,,3.00,,,,,,,,3.25,,,,,,,,,,3.25,,,,,,,3.00,,,,,,,3.00,2.00,,,,,,,,,,,,,,,,,2.75
Narwhal Imperial Stout,Sierra Nevada Brewing Co.,Stout,Russian Imperial Stout,California,12/11/2015,December,2016,Paul W.,32,Lee M. / Jake W.,2.81,,,,,,,,,,,,,,,,,,,,,,,,,,,,,,,,,,3.50,,,,,,,,,,,4.50,,2.50,,,,,,3.00,,,,,,,,,,,,,,,,,,,,,,2.50,,3.00,,,,,,1.50,,,,,,,,,,,,2.50,,,,,,,,,,,2.00,,,,,3.50,,,,,,3.50,,,,,1.50,3.00,,,
Monkey's Dunkel Dark Lager,Wiedemann Brewing Co.,Dunkel,,Ohio,11/21/2023,November,2023,Scott T.,125,Jeremy S.,2.81,,,,,,,,,,,,2.75,,,2.75,,2.50,2.75,,,,,2.25,,,,,,,,,,,2.75,,,,,,,,,,,,,,,,,,,3.00,,,,,,3.50,,,,,3.00,,,,,,,,,,,,,,,,,,,,2.50,,,,,,,,,,2.50,,,,,,,,,,,,,,3.00,,,3.25,,,,,,,,,,,,,,,
All Is Well At the Station Double IPA,Southern Tier Brewing Co.,IPA,Double IPA,New York,4/17/2018,April,2018,Jake W.,60,Dave E.,2.81,,,,,,,,,,,,,,,,,,,,,,,,,,,,,,,,,,2.50,,,,,,,,,,,,,,,,,,,3.50,,,3.00,,,3.75,,,,,,,,,,,,,,,,,,2.25,,,,,,,,,,,,,,,,,3.25,2.00,,,,,,,,,,,,,,,,,,,,,,2.50,,,,,2.50,,,,
Pumpkin P-Eye Pumpkin Ale,Third Eye Brewing Co.,Pumpkin,,Ohio,8/27/2021,August,2021,Jeremy S.,98,Paul K.,2.81,,,,,,,,,,,,,,,3.25,,,,,,,,2.00,,,,,,,,,,,,,,,,,,,,,,,,,,,,4.25,,3.00,,,2.75,,,1.50,,,,,,,,,,,,2.75,,,,,,,,,,,,,,,,,,,,,,,3.50,,,,,,,,,,,,,,,,,,,,,,,,,,,,,,,,2.25
Andygator,Abita Brewing Co.,Bock,Doppelbock,Louisiana,11/18/2021,November,2021,Greg A.,101,Jeremy S.,2.81,2.00,,,,,,,,,,,,,,,,,,,,,,,,,,,,,,,,,2.00,,,,,,,,,3.50,,,,,,,,2.00,,3.00,,,,,,4.00,,,,,,,,,,,,,,,,,,,,,,,,,,,,,,,,,,,3.00,,,,,,,,,,,,,,,,,2.25,,,,,,,,,,,,,,,3.50
2x4 DIPA,Melvin Brewing,IPA,Double IPA,Wyoming,1/17/2019,January,2019,Paul K.,69,Jake W.,2.80,,,,,,,,,,,,,,,,,,,,,,,3.50,,,,,,,,,,,1.50,,,,,3.00,2.50,,,,,2.25,,4.25,,,,3.00,,4.00,,,2.50,,,,,,,,,,,,,,,2.50,,,,,,1.50,,,,,,,,,,,,,,,,,2.25,2.50,,,,,,,,,,,,,,,,,,,,,,,,,,,,,,,4.00
Slow Ride Session IPA,New Belgium Brewing Co.,IPA,Session IPA,Colorado,3/30/2016,March,2016,Jake W.,35,Darrell L.,2.80,,,,,,,,,,,,,,,,3.00,,,,,,,,,,,,,,,,,3.00,2.00,,,,,,,,,,,2.00,,3.50,,,,,,3.50,,,,,,,,,,,,,,,,,,,,,,,,,,,,,,3.50,,,,,,,,,,,,2.50,,,,,,,,,,,,,,,,,,,,,,3.50,,,,1.50,,,,,
Night Swell Dark India Pale Ale,Heavy Seas Beer,IPA,Black IPA,Maryland,10/11/2019,October,2019,Charlie D.,78,Jake W.,2.80,,,,,,,,,,,,,,,,,,3.50,,,,,3.00,,,3.25,,,,2.00,,,,2.50,,,,,,,,,,,2.25,,3.25,,,,,,3.00,,,,,,,,,,,,,,,,,,,,,,,,2.25,,,,,3.00,,,,,,,,,,,,,,,,,,,,,,,,,,,,,,,,,,,,,,,,,,,,
Vienermobile Festbier,Fifty West Brewing Co.,Oktoberfest,Festbier,Ohio,8/31/2020,August,2020,Jeremy S.,86,Jason M.,2.80,3.00,,,,,,,,,,,,,,3.00,,,,,,,,4.25,,,,,,,,,,,2.00,,,,,,,,,,,2.25,,,,,,3.00,,2.00,,,3.25,,,1.75,,,,,,,,,,,,,,,,,,,,,,,,,,,,,,,,,,,3.50,,,,,,,,,,,,,,,,,,,,,,,,,,,,,,,,
Hoofybraü Dry Hopped Helles-Style Lager,Hoof Hearted Brewing,Lager,Helles Lager,Ohio,12/10/2021,December,2022,Paul W.,102,Jeremy S.,2.80,,,,,,,,,,,,,,,2.25,,,3.00,,,,,3.00,,,,,,,,,,,,,,,,,,,,3.00,,,,,,,,,,3.00,,,,,,3.50,,,,,,,,,,,,,,,,,,,,,,,,,,,,,,,,,,,2.25,2.75,,,,,,,,,,,,,,,,2.50,,,,,,2.75,,,,,,,,,
Skygazer Citrus Wheat,MadTree Brewing Co.,Wheat,American Pale Wheat,Ohio,12/20/2024,December,2025,Paul W.,138,Eric A.,2.80,,,,,,,,,,,,,,,,,3.75,3.50,,,,,2.50,,,,,,,,,,,2.75,,1.25,,,,,,,,,3.00,,,,,,,,2.75,,,,,,,,,,,,,,,,,,,,,,,,,,,,,,,,2.25,,,,,,,,,,2.75,,,,,,,,,,,,,,,,3.50,,,,,,,,,,,,,,,
Fuck 2024 Triple Dry Hopped India Pale Ale,Abomination Brewing,IPA,Triple IPA,Connecticut,12/20/2024,December,2025,Paul W.,138,Dave E.,2.80,,,,,,,,,,,,,,,,,1.50,3.00,,,,,2.75,,,,,,,,,,,1.75,,4.50,,,,,,,,,2.00,,,,,,,,3.75,,,,,,,,,,,,,,,,,,,,,,,,,,,,,,,,4.25,,,,,,,,,,1.75,,,,,,,,,,,,,,,,2.75,,,,,,,,,,,,,,,
Festina Peche,Dogfish Head Craft Brewery,Sour,Berliner Weisse,Delaware,6/27/2018,June,2018,Scott T.,62,Scott T.,2.80,2.00,,,,,,,,,,,,,,,2.50,,,,,,,,,,,,,,,,,,2.25,,,,,,,,,,,3.25,,2.50,,,,,,3.25,,,3.00,,,3.00,,,,,3.25,,,,,,,,,,,2.50,,,,,,,,,,,,,,,,,,,,,,,,,,,,,,,,,,,,3.25,,,,,,,,,,,,,,,
OktubberFest,Taft's Brewing Co.,Oktoberfest,Festbier,Ohio,9/28/2018,September,2018,Aaron T. and Jeremy S.,65,Kevin W.,2.80,4.00,,,,,,,,,,,,,,,,,,,,,,,,,,,,,,,,,2.75,,,,,,,,,,,2.50,,,,,,,,2.75,,2.00,2.00,,,3.50,,,,,,,,,,,,3.25,,,,3.00,,2.50,,,,,,,,,,,,,,,,,,,,,,,,,,,,,,,,,,,,2.50,,,,,,,,,,,,,
Nocturnal Sight Black Walnut Brown Ale,Third Eye Brewing Co.,Brown,,Ohio,8/29/2023,August,2023,Jeremy S.,122,Ben S.,2.80,,,,,,,,,,,,,,,2.75,,,,,,,,2.25,,,,,,,,,,,2.25,,,,,,,,,2.50,,,,,,,,,,2.00,,,,,,3.50,,,,,,,,,,,,3.50,,,,,,,,,,,,,3.25,,,,,,,,,,3.00,,,,,,,,,,,,,,3.75,,,,,,,,,,,,,,,,,,2.00
Peanut Butter Milk Stout,Left Hand Brewing Co.,Stout,Sweet/Milk Stout,Colorado,1/30/2020,January,2020,Scott T.,81,Drew B.,2.79,,,,,,,,,,,,,,,3.25,,,,,,,,,,,,,,,,,,,3.50,,,,,,,,,4.00,,,,3.25,,,,,,2.00,,,,,,1.50,,,,,,,,,,,,,,,,,,3.25,,,,,,,,,,,,,,,,,3.50,,,,,,,,,,,,,,,,,2.50,,,,,1.50,,,,,2.50,,,,2.75,
Tank 7 Farmhouse Ale,Boulevard Brewing Co.,Farmhouse,,Missouri,7/3/2020,July,2020,Dave E.,85,Paul K.,2.79,,,2.00,,,,,,,,,,,,,,,,,,,,2.75,,,,,,,,,,,3.25,,,,,,,2.00,,,,3.25,,2.75,,,,,,2.50,,,3.00,,,2.50,,,,,,,,,,,,,,,,3.00,,,,,,,,,,,,,,,,,,,4.00,,,,,,,,,,,,,,,,,,,,,,,,,,,,,,,2.50,
Thresher Coffee Saison,Burial Beer Co.,Saison,Coffee Saison,North Carolina,10/2/2021,October,2021,Jim B.,100,Paul K.,2.79,,,,,,,,,,,,,,,,,,,,,,,2.75,,,,,,,,,,,2.00,,,,,,,,,,,,,,,,,3.75,,3.00,,,,,,1.75,,,,,,,,,,,,,,,,,,,,,,,,,,,,,,,,,,,3.50,,,,,,,,,,,,,,,,,,,,,,,,,,,,,,,,
First Blood Blood Orange Hefeweizen,Two Blokes Brewing,Wheat,Hefeweizen,South Carolina,5/22/2024,May,2024,Jake W. ,131,Drew B.,2.79,,,,,,,,,,,,,,,2.75,,2.25,,,,,,,,,,,,,,,,,,,,,,,,,,3.25,,,,2.00,,,,,,2.00,,,,,,2.75,,,,,,,,,,,,,,,,,,,,,,,,,3.00,,,,,,,,,,3.50,2.00,,,,,,,,,,,,,3.50,,,3.75,,,,,,,,,,,,,,,2.75
Walking Taco Mexican Lager With Lime,Wolf's Ridge Brewing,Lager,Mexican Lager,Ohio,5/22/2024,May,2024,Jake W. ,131,Sara P.,2.79,,,,,,,,,,,,,,,3.00,,2.75,,,,,,,,,,,,,,,,,,,,,,,,,,2.75,,,,1.50,,,,,,3.25,,,,,,2.25,,,,,,,,,,,,,,,,,,,,,,,,,3.50,,,,,,,,,,3.50,2.00,,,,,,,,,,,,,2.50,,,3.00,,,,,,,,,,,,,,,3.50
Five American Pale Ale,North High Brewing Co.,Pale Ale,American Pale Ale,Ohio,2/25/2025,February,2025,Silverton/Pleasant Ridge,140,Jake W.,2.79,,,,,,,,,,,,,,,2.75,4.50,2.75,,,,,,,,,,,,,,,,,2.25,,2.50,,,,,,,,,,,3.50,2.00,,,,,2.75,,,,,,,,,,,,,,,,,,,,,,,,,,,,,,,2.25,,,,,,,,,,3.25,,,,,,,,,,,,,,1.75,,,,,,,,,,,,,,,,,,3.25
Soleil Shandy,Erie Brewing Co.,Shandy,,Pennsylvania,7/6/2018,July,2018,Dave E.,63,Eric A.,2.79,2.50,,,,,,,,,,,,,,,,,,3.50,,,,,,,,,,,,,,,3.00,,,,,,,,,,,3.75,,1.50,,,,,,3.50,,,2.50,,,,,,,,,,,,,,,,,,,2.00,,,,,,,,3.00,,,,,,,,,,,2.50,,,,,,,,,,,,2.75,,,,,3.00,,2.75,,,,,,,,,,,,,
Dr. Dank Jack Frost Double IPA,Wicked Weed Brewing,IPA,Double IPA,North Carolina,11/21/2023,November,2023,Scott T.,125,Jake W.,2.79,,,,,,,,,,,,3.50,,,3.25,,3.00,3.50,,,,,2.75,,,,,,,,,,,2.00,,,,,,,,,,,,,,,,,,,3.50,,,,,,2.25,,,,,1.75,,,,,,,,,,,,,,,,,,,,3.00,,,,,,,,,,3.00,,,,,,,,,,,,,,1.75,,,3.00,,,,,,,,,,,,,,,
Doom Pedal White Ale,Fifty West Brewing Co.,Wheat,Witbier,Ohio,2/28/2026,February,2026,Ryan F.,152,John S.,2.79,,,,,,,,,,,,,,,,3.00,,,,,,,,,,,,,3.50,,,,,1.75,,2.50,,,,,,,,,,,2.50,,,,,,3.00,,,,,,,,,,,,,,3.00,,,,,,2.25,,,,,3.50,,,,,,3.00,,,,,,,,,,,,,,,,,,,,2.25,,,,2.75,,,3.25,,,,,,,,,,,,,,,
Saison,Rockmill Brewery,Saison,,Ohio,1/17/2014,January,2014,Phil H.,9,Dave E.,2.79,,,,,,,,,,,,,,,,,,,,,,,,2.50,,,,,,,,2.50,,2.50,,,,,,,,2.50,,,,,,,,,,,,,,,2.50,,,,,,,,,,,,,,,,,,,,,,,,,,,,,,,,,,,,,,,4.50,,,,,,,,,,,,,,,,,,2.50,,,,,,,,,,,,
Monarch White Beer,Two Brothers Brewing Co.,Wheat,Witbier,Illinois,3/26/2015,March,2015,Joel B.,23,Steve S.,2.79,,,,,,,,,,,,,,,,,,,,,3.50,,,,,,,,,,,,,2.50,,,,,,,,,,,,,3.50,,,,,,2.50,,,,,,,,,,,,,3.00,,,,,,,,,,,,,,,,,,,,,,,,,,,,,2.00,,,,,,,,,,,,,,,,,,,,,,2.50,,,,,,,,,
Knowledge Imperial IPA,Rhinegeist Brewing Co.,IPA,Imperial IPA,Ohio,3/22/2017,March,2017,Scott T.,47,Eric H.,2.79,,,,,,,,,,,,,,,,,,,,,,,,,,,,,,,,,,2.00,,,,,,,,,,,2.00,,4.25,,,,,,3.75,,,,,,,,,,,,,,,,,,,,,,2.50,,,,,,,,,,,,,,,,,,,,1.75,,,,,,,,,,,,,,,,3.25,,,,,,,,,,,,,,,
Backwoods Bastard,Founders Brewing Co.,Scotch,,Michigan,1/17/2019,January,2019,Paul K.,69,Josh R.,2.79,,,,,,,,,,,,,,,,,,,,,,,3.75,,,,,,,,,,,2.50,,,,,1.50,3.00,,,,,4.00,,2.00,,,,1.50,,3.50,,,2.00,,,,,,,,,,,,,,,3.25,,,,,,4.00,,,,,,,,,,,,,,,,,2.50,3.25,,,,,,,,,,,,,,,,,,,,,,,,,,,,,,,2.25
Festivus Christmas Ale,Full Pint Brewing Co.,Christmas,,Pennsylvania,12/13/2013,December,2013,Paul W.,8,Dave S.,2.78,,,,,,,,,,,,,,,,,,2.50,,,,,,,,,,,,,,,,3.00,3.00,,3.00,,2.00,,,,,,,,3.50,,,,,,3.50,,,,,,,,,,,,,2.50,,,,,,,,,,,,,,,,,,,,,,2.50,,,,,,,2.50,3.50,,,,,,,,,,3.50,,,,,3.50,,,1.50,,,,,,,2.00,,2.50,,,
Assistant Manager American Golden Ale,Seventh Son Brewing Co.,Golden,American Golden,Ohio,6/17/2021,June,2021,Jason M.,96,Zach M.,2.78,,,,,,,,,,,,,,,2.75,,,,,,,,2.25,,,,,,,,,,,2.50,,,,,,,,,,,,,,,,,2.50,,2.50,,,3.25,,,,,,,,,,,,,,,,,,,,,,,,,,,,,,,,,,,,,,3.25,,,,,,,,,,,,,,,,,,,,,,,,,,,,,,,,3.25
LaGrave Triple Golden Ale,Troegs Brewing Co.,Tripel,Belgian Tripel,Pennsylvania,12/12/2025,December,2026,Scott T.,150,Paul K.,2.78,,,,,,,,,,,,,,,2.75,,,,,,,,,,,,,,,,,,,2.50,,2.25,,,,,,,,,,,,,,,,,2.50,,,,,,,,,,,,,,,,,,,,,,,,,,,,,,,,,,,,,,,,,3.00,,,,,,,3.50,,,3.00,,,,,,,2.75,,,,,,,,,,,,,,,
Dahlia Brown Ale,Esoteric Brewing Co.,Brown,,Ohio,12/12/2025,December,2026,Scott T.,150,Dave E.,2.78,,,,,,,,,,,,,,,3.25,,,,,,,,,,,,,,,,,,,3.50,,2.50,,,,,,,,,,,,,,,,,2.75,,,,,,,,,,,,,,,,,,,,,,,,,,,,,,,,,,,,,,,,,2.75,,,,,,,2.50,,,2.00,,,,,,,3.00,,,,,,,,,,,,,,,
Old Man Winter Ale,Southern Tier Brewing Co.,Winter,,New York,11/14/2013,November,2013,Trent D.,7,Jake W.,2.78,,,,,,,,,,,,,,,,,,,,,,,,,,,,,,,,,,2.50,,,,,2.00,,,,,,,,3.50,,,,,,3.00,,,,,,,,,,,,,,,,,,,,,,,,,,,,,,2.50,,,,,2.50,,,,,,,,,,,,,,,,,,3.50,,,,,2.50,,,,,,,,,,,,3.00,,,
Hell or High Watermelon Wheat Beer,21st Amendment Brewery,Wheat,Fruited Wheat,California,7/1/2015,June,2015,Sam E.,26,Matt S.,2.78,,,,,,,,,,,,,,,,,,,,,,,,,,,,,,,,,,1.50,,,,,,,,,,,2.50,,2.00,,,,,,2.50,,,,,,,,,,,,,,,,,,,,,,,,,,,,,,4.00,,,,,,,,,,,,,2.50,,,,,,,,,,3.50,,,,,3.50,,,,,,,,,,,,3.00,,,
Kellerweis Bavarian-Style Wheat,Sierra Nevada Brewing Co.,Wheat,Hefeweizen,California,5/18/2016,May,2016,Scott T.,37,Matt S.,2.78,,,,,,,,,,,,,,,,,,4.00,,,,,,,,,,,,,,,,2.00,,,,,,,,,,,2.50,,2.50,,,,,,2.50,,,,,,,,,,,,,,,,,,,,,,,,,,,,,,4.00,,,,,,,,,,,,2.50,,,,,,,,,,,1.50,,,,,3.50,,,,,,,,,,,,,,,
Funkengruven Tart New England-Style IPA,DESTIHL Brewery,IPA,New England/Hazy IPA,Illinois,11/22/2019,November,2019,Lee M.,79,Greg A.,2.78,,,,,,,,,,,,,,,,,,,,,,,,,,,,,,,,,,3.00,,,,,,,,,,,2.00,,,,,,2.25,,2.75,,,,,,,,,,,,,,,,,,,,,,3.00,,2.75,,,,,,,,,,,,,,,,,,,,,,,,,,,,,,,,,,2.75,,,,,,,,,,,,,,3.75,2.75
IBUSive India Pale Ale,Fat Head's Brewery & Saloon,IPA,American IPA,Ohio,7/9/2021,July,2021,Dave E.,97,Jake W.,2.78,,,,,,,,,,,,,,,,3.00,,,,,,,3.00,,,,,,,,,,,1.50,,,,,,,,,2.25,,,,,,,,3.25,,4.00,,,3.00,,,,,,,,,,,,,,,,,,,,,,,,,,,,,,,,,,,,,,2.75,,,,,,,,,,,,,2.25,,,,,,,,,,,,,,,,,,,
IPA,Oskar Blues Brewery,IPA,American IPA,Colorado,12/8/2017,December,2018,Paul W.,56,David W.,2.78,,,,,,,,,,,,,,,,4.00,,2.25,,,,,,,,,,,,,,,,2.00,,,,4.00,,,,,,,2.25,,3.50,,,,,,2.75,,,,,,,,,,,,,,,,,,,,,,3.00,,2.25,,,,,,2.50,,,2.25,,,,,,,,2.75,1.50,3.25,,,,3.00,,,,,,,,,,,3.00,,,,,3.50,2.25,,,,2.75,,,,,
Larry's Latest Sour Ale,Bell's Brewery,Sour,Fruited Sour,Michigan,5/24/2018,May,2018,Jason F.,61,Aaron T.,2.78,3.00,,,,,,,,,,,,,,,,,,4.00,,,,,,,,,,,,,,,2.75,,,,,,,,,,,,,2.25,,,,,,3.00,,2.00,,,,2.50,,,,,,,,,,,,,,,,2.50,,3.00,,,,,,,,,,,,,,,,,,,,,,,,,,,,,,,,,,2.75,,,,,,,,,,,,,,,
Big Eye IPA,Ballast Point Brewing Co.,IPA,American IPA,California,7/23/2013,July,2013,Bobby T.,3,Eric H.,2.77,,2.50,,,,,,,,,,,,,,,,2.50,,,,,,,,,,,,2.00,,,,,,,,,2.00,,,,,,,,4.00,,,,,,3.00,,,,,,,,,,,,,,,,,,,,,,,,,,,,,,,3.50,,,,,,,,,,,1.50,,,,,,,,,,,,,,,,3.50,,,3.50,,,,,,,2.50,,,,,
Solid Gold Premium Lager,Founders Brewing Co.,Lager,American Adjunct Lager,Michigan,2/15/2019,February,2019,Jeremy S.,70,Jason M.,2.77,,,,,,,,,,,,,,,,3.50,,,,,,,,,,,,,,,,,,2.25,,,,,,,,,,,,,,,,,2.50,,2.75,,,3.75,,,2.00,,,,,,,,,,,,,,,,2.00,,,,,,,,,,,,,,,,,3.00,,3.25,,,,,,,,,,,,,,,,,2.25,,,,,,,,,,,,,,,3.25
Celebrator Doppelbock,Brauerei Aying,Bock,Doppelbock,Germany,9/27/2019,September,2019,Kevin W.,77,Zach M.,2.77,,,,,,,,,,,,,,,3.25,,,,,,,,,,,,,,,,,,,2.00,,,,,,,,,1.50,,,,2.00,,,,2.00,,3.00,,,,,,3.00,,,,,,,,,,,,3.75,,,,4.00,,,,,,,,,,,,,,,,,,,3.00,,,,,,,,,,,,,,,,,,,,,,,,,,,,,,,,3.00
Knotty Pine IIPA,Country Boy Brewing,IPA,Imperial IPA,Kentucky,3/22/2019,March,2019,Jason M.,71,Jake W.,2.77,2.50,,,,,,,,,2.50,,,,,,,,,,,,,,,,,,,,,,,,2.25,,,,,,,,,,,2.75,,,,,,,,3.50,,,2.75,,,3.25,,,,,,,,,,,,2.75,,,,3.00,,2.00,,,,,,,,,,,,,,,,,2.50,,,,,,,,,,,,,,,,,,,,,,,,,,,,,,,,3.50
Cherries Jubilee,Urban Artifact,Sour,Fruited Sour,Ohio,1/30/2020,January,2020,Scott T.,81,Paul K.,2.77,,,,,,,,,,,,,,,3.25,,,,,,,,,,,,,,,,,,,2.75,,,,,,,,,1.00,,,,2.50,,,,,,3.00,,,,,,2.00,,,,,,,,,,,,,,,,,,3.25,,,,,,,,,,,,,,,,,2.50,,,,,,,,,,,,,,,,,3.50,,,,,3.00,,,,,3.50,,,,3.00,
Elvis Juice Grapefruit Infused IPA,BrewDog,IPA,American IPA,UK,7/3/2020,July,2020,Dave E.,85,Charlie D.,2.77,,,2.75,,,,,,,,,,,,,,,,,,,,2.00,,,,,,,,,,,3.50,,,,,,,3.25,,,,1.50,,3.50,,,,,,2.25,,,3.25,,,1.25,,,,,,,,,,,,,,,,4.00,,,,,,,,,,,,,,,,,,,3.00,,,,,,,,,,,,,,,,,,,,,,,,,,,,,,,3.00,
Hazy & Juicy & Hoppy & Fresh: Mosaic & Citra,Hi-Wire Brewing,IPA,New England/Hazy IPA,North Carolina,5/17/2019,May,2019,Jake W.,73,Jake W.,2.77,3.50,,,,,,,,,3.25,,,,,,,,,,,,,,,,,,,,,,,,1.75,,,,,,,,,,,,,,,,,3.50,,3.50,,,,,,3.00,,,,,,,,,,,,,,,,2.00,,1.00,,,,,,,,,,,,,,,,,3.75,2.75,3.75,,,,,,,,,,,,,,,2.50,,,,,,3.00,,,,,,,,1.50,
Daisy Cutter Pale Ale,Half Acre Beer Co.,Pale Ale,American Pale Ale,Illinois,8/22/2025,August,2025,Jeremy S.,146,Jake W.,2.77,,,,,,,,,,,,,,,2.50,,3.50,,,,,,3.00,,,,,2.75,,,,,,3.00,,2.75,,,,,,,,,,,,,,,,,3.00,,,,,,2.00,,,,,,,,,,,,,,,,,,,,,,,,,3.00,,,,,,,,,,2.25,,,,,,,2.50,,,3.00,,,,2.50,,,,,,,,,,,,,,,,,,3.00
Pilsner,Fifty West Brewing Co.,Pilsner,,Ohio,8/22/2025,August,2025,Jeremy S.,146,Charlie D.,2.77,,,,,,,,,,,,,,,2.75,,3.25,,,,,,1.50,,,,,2.50,,,,,,2.00,,3.00,,,,,,,,,,,,,,,,,2.25,,,,,,3.00,,,,,,,,,,,,,,,,,,,,,,,,,2.75,,,,,,,,,,3.50,,,,,,,3.00,,,3.00,,,,2.00,,,,,,,,,,,,,,,,,,4.25
Holly Jolly Christmas Ale,Fat Head's Brewery & Saloon,Christmas,,Ohio,12/13/2013,December,2013,Paul W.,8,Trent D.,2.77,,,,,,,,,,,,,,,,,,2.50,,,,,,,,,,,,,,,,1.50,,,2.50,,2.00,,,,,,,,2.50,,,,,,3.00,,,,,,,,,,,,,4.00,,,,,,,,,,,,,,,,,,,,,,3.50,,,,,,,3.50,2.50,,,,,,,,,,3.50,,,,,3.00,,,2.00,,,,,,,1.50,,4.00,,,
Wild Turkey Bourbon Barrel Stout,Anderson Valley Brewing Co.,Stout,American Stout,California,12/2/2016,December,2017,Paul W.,44,Lee M.,2.77,,,,,,,,,,,,,,,,4.00,,2.50,,,,,,,,,,,,,,,,3.25,,,,,,,,,,,3.75,,2.00,,,,,,2.50,,,,,,,,,,,,,,,,,,,,,,4.00,,3.50,,,,,,2.00,2.50,,,,,,,,,,,2.50,3.50,,,,,,,,,,3.00,,,,,0.25,,,,,,2.50,,,,,,2.50,,,
Kentucky Home Mint Julep Style Beer,Braxton Brewing Co.,Strong,American Strong,Kentucky,12/7/2018,December,2019,Paul W.,68,Paul K.,2.77,,,,,,,,,,,,,,,,2.50,,3.75,,,,,3.75,,,,,,,,,,,2.00,,,,,,4.00,,,,,2.50,,1.50,,,,,,2.75,,,2.00,,,4.00,,,,,,,,,,,,,,,,1.50,,2.00,,,,,,,,,,,,,,,,,3.25,3.00,,,,,,,,,,,,,,,,3.00,,,,,,2.75,,,,,,,,,
Pimp My Sleigh Belgian-Style Christmas Ale,Fat Head's Brewery & Saloon,Christmas,Belgian Christmas,Ohio,12/7/2018,December,2019,Paul W.,68,Eric A.,2.77,,,,,,,,,,,,,,,,3.75,,3.00,,,,,3.00,,,,,,,,,,,2.25,,,,,,2.00,,,,,2.25,,1.75,,,,,,3.00,,,2.00,,,2.75,,,,,,,,,,,,,,,,3.50,,3.00,,,,,,,,,,,,,,,,,3.75,2.75,,,,,,,,,,,,,,,,2.75,,,,,,2.75,,,,,,,,,
Gonzo Imperial Porter,Flying Dog Brewery,Porter,Imperial Porter,Maryland,2/20/2014,February,2014,Dave E.,10,Scott T.,2.75,,,,,,,,,,,,,,,,,,3.00,,,,,,,,,,,,,,,,3.00,,,,,,,,2.50,,,2.50,,3.00,,,,,2.00,3.00,,,,,,,,,,,,,,,,,,,,,,,,,,,,3.50,,3.50,,,,,,,,,,,,,,,,,,,,,,,2.00,,,,,3.00,,,,,,,,,,,,2.00,,,
Imperial IPA,Mt. Carmel Brewing Co.,IPA,Imperial IPA,Ohio,9/16/2014,September,2014,Jake W.,17,Trent D.,2.75,,,,,,,,,,,,,,,,,,,,,,,,,,,,,,,,,,2.00,,,,,2.00,,,,,,,3.00,,,,,,,3.50,,,,,,,,,,,,,,,,,,,,,,,,,,,,,,,,,,,,,,,,,,1.00,,,,,,,,,,,3.50,,,,,3.50,,,,,,,,,,,,3.50,,,
Clawhammer,Highland Brewing Co.,Oktoberfest,Marzen,North Carolina,10/11/2014,October,2014,Phil H.,18,Dave E.,2.75,,,,,,,,,,,,,,,,,,3.50,,,,,,,,,,,,,,,,2.50,,,,,,,,,,,,,,,,,,,,,,,,,,,,,,,,,,,,,,,,,,,,,,,,,,,,,,2.00,,4.00,,,,,,4.00,,,,,,,,,,,,,,,2.00,,,,,2.00,,,,,,,2.00,,,
Amber Lager,Hudepohl-Schoenling Brewing Co.,Amber,,Ohio,11/21/2014,November,2014,Denis M.,19,Colin J.,2.75,,,,,,,,,,,,,,,,,,,,,,,,,,,,,,5.00,,,,3.00,,,,,2.00,,,,,,,,3.00,,,,,2.00,1.50,,,,,,,,,,,,,,,,,,,,,,,,,,3.00,,,,,,,,,,,,,,,,,2.50,,,,,,,,,,,,,,,2.50,,,,,,,,,,3.00,,,,,
Cabin Fever Brown Ale,New Holland Brewing Co.,Brown,,Michigan,12/11/2015,December,2016,Paul W.,32,Eric H.,2.75,,,,,,,,,,,,,,,,,,,,,,,,,,,,,,,,,,2.50,,,,,,,,,,,3.50,,3.00,,,,,,3.00,,,,,,,,,,,,,,,,,,,,,,,,2.50,,,,,,2.00,,,,,,,,,,,,3.00,,,,,,,,,,,2.50,,,,,3.00,,,,,,3.00,,,,,2.50,2.50,,,
Reudrich's Red Seal Ale,North Coast Brewing Co.,Red,,California,2/25/2016,February,2016,Dave E.,34,Paul W.,2.75,,,,,,,,,,,,,,,,2.00,,,,,,,,,,,,,,,,,,2.00,,,,,,,,,,,2.00,,2.50,,,,,,3.00,,,,,,,,,,,,,,,,,,,,,,,,,,,,,,,,,,,,,,,,,,3.00,4.00,,,,,,,,,,,,,,,3.50,,,,,,,,,,,,,,,
Hustle Rye Pale Ale,Rhinegeist Brewing Co.,Rye,,Ohio,5/18/2016,May,2016,Scott T.,37,Sam E.,2.75,,,,,,,,,,,,,,,,,,3.50,,,,,,,,,,,,,,,,2.00,,,,,,,,,,,2.00,,3.50,,,,,,3.00,,,,,,,,,,,,,,,,,,,,,,,,,,,,,,3.00,2.00,,,,,,,,,,,2.50,,,,,,,,,,,3.00,,,,,3.00,,,,,,,,,,,,,,,
Trotwood Lager,Warped Wing Brewing Co.,Lager,American Light Lager,Ohio,8/17/2016,August,2016,Scott T.,40,Eric H.,2.75,,,,,,,,,,,,,,,,,,,,,,,,,,,,,,,,,,,,,,,,,,,,,3.00,,2.00,,,,,,3.00,,,,,,,,,,,,,,,,,,,,,,,,,,,,,,,,,,,,,,,,,,,,,,,,,,,,,,,,,,3.00,,,,,,,,,,,,,,,
Nellie's Keylime Caribbean Ale,Taft's Brewing Co.,Wheat,Fruited Wheat,Ohio,9/21/2016,September,2016,Matt S.,41,Kevin V.,2.75,,,,,,,,,,,,,,,,,,,,,,,,,,,,,,,,,,2.00,,,,,,,,,,,2.00,,2.50,,,,,,3.00,,,,,,,,,,,,,,,,,,,,,3.50,,,2.00,,,,,,3.50,,,,,,,,,,,,,,,,,,,,,,,3.50,,,,,,,,,,,,,,,,,,,,
Enjoy By 10.31.16 Tangerine IPA,Stone Brewing Co.,IPA,Double IPA,California,10/13/2016,October,2016,Sam E.,42,Sam E.,2.75,,,,,,,,,,,,,,,,,,,,,,,,,,,,,,,,,,1.50,,,,,,,,,,,,,4.00,,,,,,,,,,,,,,,,,,,,,,,,,,,,3.00,,,,,,,,2.00,,,,,,,,,,,,,,,,,,,,,,,3.00,,,,,,,,,,,,,,,,,3.00,,,
Ripper San Diego Pale Ale,Stone Brewing Co.,Pale Ale,American Pale Ale,California,8/28/2017,August,2017,Bobby T.,52,Charlie D.,2.75,,,,,,,,,,,,,,2.50,,,,2.50,,,,,2.00,,,,,,,,,,,3.25,,,,,,,,,,,,,3.25,,,,,,3.75,,1.00,,,,,,,,,,,,,,,,,,,,,,,,,,,,,,,,,,,,,,,,,,,,,,,,,,,,,,,,3.75,,,,,,,,,,,,,,,
Oro De Tontos,Greenbush Brewing Co.,Lager,Vienna Lager,Michigan,11/22/2019,November,2019,Lee M.,79,Zach M.,2.75,,,,,,,,,,,,,,,,,,,,,,,,,,,,,,,,,,2.00,,,,,,,,,,,2.25,,,,,,3.50,,2.50,,,,,,,,,,,,,,,,,,,,,,3.00,,2.75,,,,,,,,,,,,,,,,,,,,,,,,,,,,,,,,,,2.25,,,,,,,,,,,,,,2.75,3.75
Clearly Everybody Wants Some Hazy Boi IPA,Against the Grain Brewery & Smokehouse,IPA,New England/Hazy IPA,Kentucky,1/30/2020,January,2020,Scott T.,81,Ben S.,2.75,,,,,,,,,,,,,,,2.75,,,,,,,,,,,,,,,,,,,1.50,,,,,,,,,3.50,,,,3.25,,,,,,3.00,,,,,,2.00,,,,,,,,,,,,,,,,,,3.00,,,,,,,,,,,,,,,,,3.00,,,,,,,,,,,,,,,,,3.75,,,,,2.75,,,,,2.00,,,,2.50,
Wrought Iron IPA,Abita Brewing Co.,IPA,American IPA,Louisiana,9/12/2020,September,2020,Jason M.,87,Greg A.,2.75,,,,,,,,,,,,,,,,,,,,,,,2.75,,,,,,,,,,,2.75,,,,,,,,,,,,,3.25,,,,2.50,,,,,2.50,,,,,,,,,,,,,,,,,,,,,,,,,,,,,,,,,,,,2.75,,,,,,,,,,,,,,,,,,,,,,,,,,,,,,,,,,
French Toast Devil Dog Oatmeal Stout,Roak Brewing Co.,Stout,Oatmeal Stout,Michigan,11/18/2021,November,2021,Greg A.,101,Dave E.,2.75,2.00,,,,,,,,,,,,,,,,,,,,,,,,,,,,,,,,,2.00,,,,,,,,,3.75,,,,,,,,3.50,,3.25,,,,,,1.00,,,,,,,,,,,,,,,,,,,,,,,,,,,,,,,,,,,3.50,,,,,,,,,,,,,,,,,3.00,,,,,,,,,,,,,,,2.75
Peppermint Porter,Alltech's Lexington Brewing Co.,Porter,Imperial Porter,Kentucky,12/10/2021,December,2022,Paul W.,102,Charlie D.,2.75,,,,,,,,,,,,,,,2.75,,,2.50,,,,,3.50,,,,,,,,,,,,,,,,,,,,3.50,,,,,,,,,,2.75,,,,,,2.00,,,,,,,,,,,,,,,,,,,,,,,,,,,,,,,,,,,2.75,2.75,,,,,,,,,,,,,,,,2.50,,,,,,2.50,,,,,,,,,
Odd Future Imperial India Pale Ale,Platform Beer Co.,IPA,Imperial IPA,Ohio,4/28/2022,April,2022,Pleasant Ridge,106,Jeremy S.,2.75,,,,,,,,,,,,,,,,,,,,,,,,,,,,,,,,,,2.00,,,,,,,,,,,,,,,,,,,3.00,,,2.75,,,3.00,,,,,,,,,,,,,,,,,,,,,,,,,,,,,,,,,,,,,,,,,,,,,,,,,,,,3.25,,,,,,,,,,,,,,,2.50
Alpenglow Weizenbock Ale,Fat Head's Brewery & Saloon,Bock,Weizenbock,Ohio,6/22/2022,June,2022,Jake W.,108,Jeremy S.,2.75,,,,,,,,,,,,,,,3.25,,,,,3.75,,,,,,,,,,,,,,1.00,,,,,,,,,3.50,,,,2.00,2.00,3.50,,,,2.75,,,,,,3.25,,,,,,,,,,,,,,,,,,,,,,,,,,,,,,,,,,,3.50,,,,,,,,,,,,,,,,,,,,,,,,,,,,,,,,1.75
Hop Marauder Imperial IPA,Fat Head's Brewery & Saloon,IPA,Imperial IPA,Ohio,9/30/2022,September,2022,Charlie D.,111,Scott T.,2.75,,,,,,,,,,,,,,,3.50,,,3.75,,,,,2.25,,,,,,,,,,,,,,,,,,,,,,,,,,,,,,3.25,,,2.50,,,,,,,,1.50,,,,,,,,,,,,,,,,,,,,3.50,,,,,,,,,,,,,,,,,,,,,,,,2.00,,,2.75,,,,,,,,,2.50,,,,,,
Vienna Lager,Ottakringer Brewery,Lager,Vienna Lager,Virginia,10/27/2022,October,2022,Juan B. / Zach M.,112,Juan B.,2.75,,,,,,,,,,,,,,,2.25,,,,,,,,,,,,,,,,,,,2.25,,,,,,,,,,,,,,,,,,,2.25,,,,,,,,,,,,,,,,,,,3.00,,,,,,,,,,,,,,,,,,,,,,4.00,,,,,,,,,,,,,,,,,,,,,,,,,,,,,,,,2.75
LE44 Great American IPA,Grainworks Brewing Co.,IPA,American IPA,Ohio,8/22/2025,August,2025,Jeremy S.,146,David A.,2.75,,,,,,,,,,,,,,,3.25,,3.50,,,,,,2.00,,,,,2.50,,,,,,2.25,,2.75,,,,,,,,,,,,,,,,,3.50,,,,,,2.75,,,,,,,,,,,,,,,,,,,,,,,,,3.00,,,,,,,,,,2.75,,,,,,,2.00,,,3.00,,,,2.50,,,,,,,,,,,,,,,,,,2.75
Juicy Ass IPA,Flying Monkeys Craft Brewery,IPA,New England/Hazy IPA,Canada,8/22/2025,August,2025,Jeremy S.,146,Ryan F.,2.75,,,,,,,,,,,,,,,2.25,,3.00,,,,,,2.00,,,,,2.75,,,,,,2.25,,3.00,,,,,,,,,,,,,,,,,4.00,,,,,,2.50,,,,,,,,,,,,,,,,,,,,,,,,,2.25,,,,,,,,,,3.00,,,,,,,3.25,,,3.25,,,,2.25,,,,,,,,,,,,,,,,,,2.75
Dad Hoppy Holiday Ale,Rhinegeist Brewing Co.,Red,,Ohio,1/9/2026,January,2026,Paul W.,151,Jake W.,2.75,,,,,,,,,,,,,,,3.25,,,3.00,,,,,2.50,,,,,,,,,,,2.25,,2.50,,,,,,,,,,,2.50,3.00,,,,,2.75,,,,,3.25,,,,,,,,,,,,,,,,,,,2.50,,,,,,,,,,,,,,,,,2.00,3.00,,,,,,2.75,,,1.75,,,,,,,2.75,,,,,,,,,,,,,,,4.25
Siren Amber Ale,North Peak Brewing Co.,Amber,,Michigan,7/30/2014,July,2014,Dave E. and Jake W.,15,Paul W.,2.74,,,,,2.00,,,,,,,,,,,,,,,,,,,2.50,,,,,,4.00,,2.50,,3.00,,,,,,,,,,,2.50,,2.50,,,,,,3.00,,,,,,,,,,,,,4.00,,,,,,,,,,,,,,,2.50,,2.50,,,,,,,,,,,,3.00,,,,,,,,,,,2.50,,,,,2.00,,,,,,,,,,2.50,,2.50,3.00,,
Chocodile Tears Chocolate Gose,MadTree Brewing Co.,Sour,Gose,Ohio,12/2/2016,December,2017,Paul W.,44,Matt T.,2.73,,,,,,,,,,,,,,,,2.00,,2.00,,,,,,,,,,,,,,,,3.25,,,,,,,,,,,1.75,,2.00,,,,,,2.75,,,,,,,,,,,,,,,,,,,,,,2.50,,2.25,,,,,,2.75,5.00,,,,,,,,,,,1.00,5.00,,,,,,,,,,2.50,,,,,4.00,,,,,,2.50,,,,,,2.50,,,
Samuel Adam's Irish Red,Boston Beer Co.,Red,Irish Red,Massachusetts,5/13/2014,May,2014,Colin J.,13,Paul H.,2.73,,,,,,,,,,,,,,,,,,2.50,,,,,,,,,,,,3.00,,,,2.00,,,,,,,,,,,,,2.00,,,,,,2.00,,,,,,,,,,,,,,,,,,,,,,,,,,2.50,,,,4.00,,,,,,,,,,3.00,,,,,,,,,,,,,2.50,,,,,3.00,,,2.50,,,,,,,3.50,,3.00,,,
Beck's Oktoberfest Lager,Beck & Co.,Oktoberfest,Marzen,Germany,9/16/2014,September,2014,Jake W.,17,Sam E. / Steve P.,2.73,,,,,,,,,,,,,,,,,,3.00,,,,,,,,,,,,,,,,3.00,,,,,3.50,,,,,,,2.00,,,,,,,3.00,,,,,,,,,,,,,,,,,,,,,,,,,,,,,,,,,,,1.00,,3.00,,,,,2.00,3.50,,,,,,,,,,3.00,,,,,3.50,,,,,2.50,,,,,,,2.50,,,
Huma Lupa Licious,Short's Brewing Co.,IPA,American IPA,Michigan,12/12/2014,December,2015,Paul W.,20,Steve S.,2.73,,,,,,,,,,,,,,,,,,2.00,,,,,,2.00,,,,,,,,2.00,,2.00,,,,,,,,,,,,4.00,4.00,,,,,,4.50,,,,,,,,,,,,,,,,,,,,,,,,,,,,,,,,,,,,,,,,,,2.00,3.00,,,,,,,,,,,,,,,2.50,,,,,2.50,4.00,,,,1.00,,,,,
Brut Extra Dry IPA,Sierra Nevada Brewing Co.,IPA,Brut IPA,California,3/22/2019,March,2019,Jason M.,71,Aaron T.,2.73,2.50,,,,,,,,,2.50,,,,,,,,,,,,,,,,,,,,,,,,3.00,,,,,,,,,,,2.00,,,,,,,,2.75,,,3.00,,,2.50,,,,,,,,,,,,2.25,,,,4.00,,2.50,,,,,,,,,,,,,,,,,2.00,,,,,,,,,,,,,,,,,,,,,,,,,,,,,,,,3.75
Fogcutter Double IPA,Lost Coast Brewery and Cafe,IPA,Double IPA,California,2/15/2019,February,2019,Jeremy S.,70,Jake W.,2.73,,,,,,,,,,,,,,,,3.00,,,,,,,,,,,,,,,,,,2.25,,,,,,,,,,,,,,,,,2.25,,2.75,,,3.25,,,3.25,,,,,,,,,,,,,,,,2.50,,,,,,,,,,,,,,,,,3.00,,2.75,,,,,,,,,,,,,,,,,2.25,,,,,,,,,,,,,,,2.75
Yammy Yammy Sweet Potato Ale,Platform Beer Co.,Fruit and Field,,Ohio,9/27/2019,September,2019,Kevin W.,77,Greg A.,2.73,,,,,,,,,,,,,,,3.75,,,,,,,,,,,,,,,,,,,3.25,,,,,,,,,3.25,,,,1.75,,,,2.75,,2.25,,,,,,1.00,,,,,,,,,,,,2.75,,,,3.50,,,,,,,,,,,,,,,,,,,3.00,,,,,,,,,,,,,,,,,,,,,,,,,,,,,,,,2.75
Campfire & Rain Smoked Amber Lager,Little Miami Brewing Co. / Fretboard Brewing Co.,Amber,,Ohio,11/23/2022,November,2022,Matt T.,113,Joe J.,2.73,,,,,,,,,,,,,,,,3.00,,1.75,,,,,,,,,,,,,,,,2.00,,,,,,,,,2.50,,,,,,,,,,1.75,,,,,,,,,,,3.50,,,,,,,,,,,,,,,,,,,,3.50,,,,,,,,,,,,,3.00,,,,,,,,,,,2.75,,,2.25,,,,,,,,,,,,,,,4.00
Drummer Boy Winter Warmer,Fretboard Brewing Co.,Winter,,Ohio,12/10/2021,December,2022,Paul W.,102,Drew B.,2.73,,,,,,,,,,,,,,,3.25,,,2.50,,,,,2.50,,,,,,,,,,,,,,,,,,,,3.25,,,,,,,,,,2.50,,,,,,2.75,,,,,,,,,,,,,,,,,,,,,,,,,,,,,,,,,,,3.25,2.25,,,,,,,,,,,,,,,,2.75,,,,,,2.25,,,,,,,,,
Trainer Dab Collab Slushy XXL Smoothie Style Sour Ale,450 North Brewing Co.,Sour,Fruited Sour,Indiana,7/21/2023,July,2023,Dave E.,121,Matt T.,2.73,,,,,,,,,,,,,,,2.75,,,,,,,,,,,,,,,,,,,3.75,,,,,,,3.00,,,,,,,,,,,,1.75,,,3.00,,,,,,,,4.00,,,,,,,,,,,,,2.50,,,,,,,4.00,,,,,,,,,,,,,,,,,,,,,,,,,,,,0.00,,,,,,,,,,,,,,2.50
Return of the Mac Coffee Blonde,Streetside Brewery,Blonde,Coffee Blonde,Ohio,12/6/2019,December,2020,Paul W.,80,Wes B.,2.72,1.50,,,,,,,,,,,,,,,1.50,,3.00,,,,,3.00,,,3.50,,,,,,,,2.75,,,,,,,,,,,1.75,,2.25,,,,4.00,,3.25,,,2.00,,,1.75,,,,,,,,,,,,2.75,,,,,,3.50,,,,,,,,,,,,,,,,,3.25,2.50,,,,,,,,,,,,,,,,3.25,,,,,,2.75,,,,,,,,3.50,
Summer Love,Victory Brewing Co.,Blonde,,Pennsylvania,7/30/2014,July,2014,Dave E. and Jake W.,15,Scott T. / Eric A.,2.72,,,,3.00,5.00,,,,,,,,,,,,,,,,,,,2.50,,,,,,3.50,,3.00,,2.50,,,,,,,,,,,2.00,,3.00,,,,,,1.50,,,,,,,,,,,,,,,,,,,,,,,,,,,,2.50,,3.00,,,,,,,,,,,,1.50,3.00,,,,,,,,,,2.50,,,,,3.00,,,,,,,,,,2.00,,3.00,2.50,,
"Lovely, Dark and Deep Oatmeal Stout",Brewery Ommegang,Stout,Oatmeal Stout,New York,11/19/2015,November,2015,Matt S.,31,Eric A.,2.72,,,,,,,,,,,,,,,,,,,,,,,,,,,,,,3.50,,,,2.50,,,,,,,,,,,3.00,,2.50,,,,,,3.00,,,,,,,,,,,,,,,,,,,,,,,,,,,,,,2.50,,,,,,,,,,,,,,,,,,,,,,,3.00,,,,,2.00,,,,,,,,,,,,2.50,,,
Starburst Wheat,Saugatuck Brewing Co.,Wheat,American Pale Wheat,Michigan,11/19/2015,November,2015,Matt S.,31,Scott T.,2.72,,,,,,,,,,,,,,,,,,,,,,,,,,,,,,3.00,,,,2.00,,,,,,,,,,,2.50,,3.00,,,,,,2.00,,,,,,,,,,,,,,,,,,,,,,,,,,,,,,3.00,,,,,,,,,,,,,,,,,,,,,,,2.50,,,,,3.00,,,,,,,,,,,,3.50,,,
Purple Haze Raspberry Lager,Abita Brewing Co.,Fruit and Field,,Louisiana,1/19/2017,January,2017,Jake W.,45,Jim C.,2.72,,,,,,,,,,,,,,,,,,,,,,,,,,,,,,,,,,2.00,,,,,,,,,,,3.00,,2.00,,,,,,2.75,,,,,,,,,3.00,,,,,,,,2.25,,,,,4.00,,,,3.50,,,,,,,,,,,,,,2.00,,,,,,,,,,,,,,,,,,,,,,,,,,,,,,,,,
Selassie Coffee & Vanilla Beans,Omnipollo,Stout,Coffee Stout,Sweden,1/19/2017,January,2017,Jake W.,45,Dave E.,2.72,,,,,,,,,,,,,,,,,,,,,,,,,,,,,,,,,,3.75,,,,,,,,,,,2.50,,2.25,,,,,,3.50,,,,,,,,,2.75,,,,,,,,3.00,,,,,2.00,,,,3.00,,,,,,,,,,,,,,1.75,,,,,,,,,,,,,,,,,,,,,,,,,,,,,,,,,
Single Hop Southern Passion IPA,West Side Brewing,IPA,American IPA,Ohio,5/26/2022,May,2022,Paul K.,107,Jake W.,2.72,,,,,,,,,,,,,,,3.00,,,,,,,,,,,,,,,,,,,2.25,,,,,,,,,2.25,,,,,,,,,,3.00,,,,,,2.50,,,,,,,,,,,,,,,,,,,,,,,,,,,,,,,,,,,3.25,,,,,,,,,,,2.25,,,,,,3.00,,,,,,,,,,,,,,,3.00
Nuts For You Peanut Butter Stout,Zaftig Brewing Co.,Stout,American Imperial Stout,Ohio,7/24/2025,July,2025,Dave E.,145,Charlie D.,2.72,,,,,,,,,,,,,,,3.75,,,,,,,,2.75,,,,,,,,,,,3.75,,2.50,,,,,,,3.00,,,,1.75,,,,,,3.00,,,,,,,,,,,,,,,,,,,,,,,,,,,,,,,,,,,,,,,,,,,,,,,,,,,2.00,,,,,2.00,,,,,,,,,,,,,,,,,
Blackberry Prairie Wheat ,Moeller Brew Barn,Wheat,American Pale Wheat,Ohio,4/29/2023,April,2023,Ben W.,118,Merritt W.,2.72,,,,,,,,3.50,,,,,,,,3.50,,,,,,,,,,,,,,,,,,3.25,,,,,,,,,2.50,,,,,,,,,,2.75,,,,,,,,,,,,,,,,,,,,,,,,,,,,,,,,,2.75,,,,,,,1.50,,,,,,,,,,,,,,,,,,,,,,,,,,,,2.00,,,,,
Revved Up Coffee Brown Ale,Revolution Brewing / Upland Brewing Co.,Brown,Coffee Brown,Illinois,6/6/2016,June,2016,Eric A.,38,Dave E.,2.71,,,,,,,,,,,,,,,,,,,,,,,,,,,,,,,,,,3.50,,,,,,,,,,,3.00,,2.50,,,,,,3.00,,,,,,,,,,,,,,,,,,,,,,3.00,,,,,,,,1.50,,,,,,,,,,,,,,,,,,,,,,,,,,,,2.50,,,,,,,,,,,,,,,
Hop Head Nubula,Darkness Brewing,IPA,Black IPA,Kentucky,11/17/2016,November,2016,Trent D.,43,Eric H.,2.71,,,,,,,,,,,,,,,,,,,,,,,,,,,,,,,,,,,,,,,,,,,,,1.50,,3.00,,,,,,3.50,,,,,,,,,,,,,,,,,,,,,,,,2.00,,,,,,,,,,,,,,,,,,,,,,,,,,,,,3.00,,,,,3.00,,,,,,,,,,,,3.00,,,
On Fleek Imperial Stout,Stillwater Artisanal Ales / Casita Cerveceria,Stout,American Imperial Stout,Maryland,5/24/2017,May,2017,Phil H.,49,Jake W.,2.71,,,,,,,,,,,,,,,,,,,,,,,,,,,,,,,,,,3.00,,,,,,,,,,,3.00,,2.50,,,,,,2.50,,,,,,,,,,,,,,,,,,,,,,,,,,,,,,1.50,,,,,,,,,,,,2.25,4.25,,,,,,,,,,,,,,,,,,,,,,,,,,,,,,
Wolf Pup Session IPA,Golden Road Brewing,IPA,Session IPA,California,5/24/2017,May,2017,Phil H.,49,Phil H.,2.71,,,,,,,,,,,,,,,,,,,,,,,,,,,,,,,,,,2.25,,,,,,,,,,,2.00,,3.50,,,,,,3.25,,,,,,,,,,,,,,,,,,,,,,,,,,,,,,1.50,,,,,,,,,,,,2.50,4.00,,,,,,,,,,,,,,,,,,,,,,,,,,,,,,
Cocomungo Barrel-Aged Coconut Stout,3 Floyds Brewing Co.,Stout,American Imperial Stout,Indiana,6/19/2024,June,2024,Sara P. ,132,Cory P.,2.71,,,,,,,,,,,,,,,,,,,,,,,,,,,,,,,1.75,,,3.50,,,,,,,,,,,,,,,,,,,,,,,,,,,,,,2.75,,,,,1.00,,,,,,,,,,,,,,,4.00,,,,,,,,,,,,,,,,,,,,,,,,2.50,,,3.50,,,,,,,,,,,,,,,
Wisconsin Stout,Listermann Brewing Co. / Untitled Art,Stout,American Imperial Stout,Ohio,12/6/2019,December,2020,Paul W.,80,Lee M.,2.71,1.00,,,,,,,,,,,,,,,2.00,,3.50,,,,,2.75,,,3.25,,,,,,,,3.00,,,,,,,,,,,1.75,,3.25,,,,3.00,,3.50,,,3.00,,,2.50,,,,,,,,,,,,2.00,,,,,,3.25,,,,,,,,,,,,,,,,,3.00,2.25,,,,,,,,,,,,,,,,3.75,,,,,,2.25,,,,,,,,2.50,
DieselPunk Porter,World Brews,Porter,American Porter,California,2/20/2014,February,2014,Dave E.,10,Bobby T. / Eric H.,2.71,,,,,,,,,,,,,,,,,,3.50,,,,,,,,,,,,,,,,2.50,,,,,,,,2.00,,,2.00,,3.00,,,,,3.00,2.50,,,,,,,,,,,,,,,,,,,,,,,,,,,,3.00,,3.00,,,,,,,,,,,,,,,,,,,,,,,3.50,,,,,2.00,,,,,,,,,,,,2.50,,,
Porter,Founders Brewing Co.,Porter,Robust Porter,Michigan,2/26/2015,February,2015,Dave E.,22,Donny H.,2.71,,,,,,,,,,,,,,,,,,,,,,,,,,,,,,,,,,3.00,,,,,2.00,,,3.50,,,,,3.50,,,1.00,,,4.00,,,,,,,,,,,,,,,,,,,,,,,,,,1.50,,,,2.00,4.00,,,,,,,,,,,,,,,,,,,,,,2.50,,,,3.00,,,,,,,,,,,,,2.50,,,
Kato Blonde Ale Brewed With Script Coffee,Sonder Brewing,Blonde,Coffee Blonde,Ohio,10/27/2022,October,2022,Juan B. / Zach M.,112,Ben S.,2.71,,,,,,,,,,,,,,,3.50,,,,,,,,,,,,,,,,,,,2.75,,,,,,,,,,,,,,,,,,,3.00,,,,,,,,,,,,,,,,,,,0.50,,,,,,,,,,,,,,,,,,,,,,3.75,,,,,,,,,,,,,,,,,,,,,,,,,,,,,,,,2.75
Oktoberfest Bier,Paulaner Brauerei München,Oktoberfest,Marzen,Germany,9/28/2018,September,2018,Aaron T. and Jeremy S.,65,Josh R.,2.70,3.50,,,,,,,,,,,,,,,,,,,,,,,,,,,,,,,,,2.50,,,,,,,,,,,1.75,,,,,,,,3.00,,3.00,2.50,,,3.00,,,,,,,,,,,,3.50,,,,2.00,,1.50,,,,,,,,,,,,,,,,,,,,,,,,,,,,,,,,,,,,3.50,,,,,,,,,,,,,
Boring Beer,Streetside Brewery,Lager,American Lager,Ohio,8/29/2023,August,2023,Jeremy S.,122,Paul K.,2.70,,,,,,,,,,,,,,,2.75,,,,,,,,2.00,,,,,,,,,,,3.00,,,,,,,,,2.25,,,,,,,,,,2.75,,,,,,3.00,,,,,,,,,,,,2.50,,,,,,,,,,,,,3.00,,,,,,,,,,3.00,,,,,,,,,,,,,,2.50,,,,,,,,,,,,,,,,,,3.00
Dragon Fandango Beer,Toppling Goliath Brewing Co.,Sour,Fruited Sour,Iowa,7/31/2024,July,2024,Dave E.,133,Lee M.,2.70,,,,,,,,,,,,,,,1.75,,1.00,,,,,,3.00,,,,,,,,,,,2.75,,,,,,,,,,,,,2.25,,,,,,2.00,,,3.00,,,,,,,,3.25,,,,,,,,2.00,,,,,3.00,,,,,,,3.75,,,,,,,,,,,,,,4.00,,,,,,,,,,3.25,3.00,,3.00,,,,,,,,,,,,,,,2.25
Paraíso Mexican Lager,Esoteric Brewing Co.,Lager,Mexican Lager,Ohio,7/31/2024,July,2024,Dave E.,133,Rachel H.,2.70,,,,,,,,,,,,,,,2.75,,2.25,,,,,,3.00,,,,,,,,,,,3.25,,,,,,,,,,,,,1.75,,,,,,2.00,,,2.75,,,,,,,,3.00,,,,,,,,3.25,,,,,2.50,,,,,,,3.50,,,,,,,,,,,,,,2.50,,,,,,,,,,2.00,4.00,,1.75,,,,,,,,,,,,,,,3.00
Weissbier,Konig Ludwig ,Wheat,Hefeweizen,Germany,8/12/2013,August,2013,Scott T.,4,Bobby T.,2.70,,3.50,,,,,,,,,,,,,,,,3.50,,,,,,,,,,,,,,,,1.50,,,,,2.00,,,,,,,,,,,,,,3.00,,,,,,,,,,,3.00,,,,,,,,,,,,,,,,,,,,2.50,,,,,,,,,,,2.50,3.00,,,,,,,,,,,,,,,2.50,,,,,,,,,,,,,,,
IPA,Mt. Carmel Brewing Co.,IPA,American IPA,Ohio,7/27/2016,July,2016,Kevin W.,39,Eric H.,2.70,,,,,,,,,,,,,,,,,,3.00,,,,,,,,,,,,,,,,1.50,,,,,,,,,,,2.50,,3.50,,,,,,2.50,,,,,,,,,,,,,,,,,,,,,,2.50,,,,,,,,,,,,,,2.50,,,,,,3.00,3.50,,,,,,,,,,,,,,,,,,,,,,,,,,,2.50,,,
Trees of Tahoe Pale Ale,Fifty West Brewing Co.,Pale Ale,American Pale Ale,Ohio,7/27/2016,July,2016,Kevin W.,39,Phil H.,2.70,,,,,,,,,,,,,,,,,,3.50,,,,,,,,,,,,,,,,2.00,,,,,,,,,,,1.50,,3.50,,,,,,3.00,,,,,,,,,,,,,,,,,,,,,,3.00,,,,,,,,,,,,,,2.50,,,,,,2.50,3.50,,,,,,,,,,,,,,,,,,,,,,,,,,,2.00,,,
Legendary Lager,MadTree Brewing Co.,Lager,American Lager,Ohio,4/30/2021,April,2021,Paul W. and Jake W.,94,Eric H.,2.70,,,,,,,,,,,,,,,3.00,,,,,,,,2.25,,,,,,,,,,,,,,,,,,,,2.50,,2.50,,2.75,,,,2.75,,2.50,,,,,,,,,,,,,,,,,,,,,,,,,,,,,,,,,,,,,,,,,3.00,3.25,,,,,,,,,,,,,,,,2.50,,,,,,,,,,,,,,,
Fuggly Sweater,Ithaca Beer Co.,Lager,Dark Lager,New York,12/10/2021,December,2022,Paul W.,102,Bobby T.,2.70,,,,,,,,,,,,,,,3.25,,,3.00,,,,,2.00,,,,,,,,,,,,,,,,,,,,3.25,,,,,,,,,,2.50,,,,,,2.75,,,,,,,,,,,,,,,,,,,,,,,,,,,,,,,,,,,2.75,2.25,,,,,,,,,,,,,,,,2.50,,,,,,2.75,,,,,,,,,
Lagoon Scotch Style Ale,Bircus Brewing Co.,Scotch,,Kentucky,12/10/2021,December,2022,Paul W.,102,Dave E.,2.70,,,,,,,,,,,,,,,2.75,,,3.00,,,,,2.00,,,,,,,,,,,,,,,,,,,,2.75,,,,,,,,,,2.50,,,,,,3.00,,,,,,,,,,,,,,,,,,,,,,,,,,,,,,,,,,,3.00,3.00,,,,,,,,,,,,,,,,1.75,,,,,,3.25,,,,,,,,,
99 Problems But a Beer Ain't One NE IPA,Listermann Brewing Co.,IPA,New England/Hazy IPA,Ohio,12/9/2022,December,2023,Paul W.,114,Jeremy S.,2.70,,,,,,,,,,,,,,,,,,3.00,,,,,1.50,,,,,,,,,,,2.00,,,,,,,,,3.75,,,,,,,,,,3.00,,,3.00,,,3.75,,,,,2.75,,,,,,,,,,,,,,,,,,,,3.75,,,,,,,,,,3.25,2.00,,,,,,,,,,,,,2.25,,,1.25,,,,2.50,,,,,,,,,,,2.75
Dolce Far Niente Italian-Style Pilsner,Tripping Animals Brewing Co.,Pilsner,,Florida,5/9/2023,May,2023,Jake W.,119,Paul K.,2.70,,,,,,,,,,,,,,,2.75,,,,,,,,,,,,,,,,,,,3.00,,,,,,,,,2.25,,,,,2.00,,,,,2.50,,,,,,2.50,,,,,,,,,,,,,,,,,,,,,,,,,3.50,,,,,,,,,,3.00,3.00,,,,,,,,,,,,,2.50,,,,,,,,,,,,,,,,,,
Powdered Tracks Imperial Stout,Timber Ales Brewery,Stout,American Imperial Stout,Connecticut,5/9/2023,May,2023,Jake W.,119,Matt T.,2.70,,,,,,,,,,,,,,,2.25,,,,,,,,,,,,,,,,,,,3.50,,,,,,,,,2.50,,,,,2.00,,,,,3.25,,,,,,2.00,,,,,,,,,,,,,,,,,,,,,,,,,4.00,,,,,,,,,,3.00,2.50,,,,,,,,,,,,,2.00,,,,,,,,,,,,,,,,,,
Famosa Lager Beer,Cervecería Centro Americana,Lager,Pale Lager,Guatemala,9/26/2025,September,2025,Charlie D.,147,Jeremy S.,2.70,,,,,,,,,,,,,,,,,,3.25,,,,,2.75,,,,,,,,,,,1.75,,2.75,,,,,,,,,,,2.00,,,,,,2.50,,,,,,3.00,,,,,2.25,,,,,,,,,,,,2.25,,,,,,,,3.50,,,,,,,,,,3.20,,,,,4.50,,2.00,,,,,,,2.50,,,2.25,,,,,,,,,,,,,,,
Summer Wheat Ale,Mt. Carmel Brewing Co.,Wheat,American Pale Wheat,Ohio,7/6/2018,July,2018,Dave E.,63,Steve B.,2.70,3.00,,,,,,,,,,,,,,,,,,3.00,,,,,,,,,,,,,,,3.00,,,,,,,,,,,2.50,,2.75,,,,,,2.50,,3.00,2.50,,,,,,,,,,,,,,,,,,,3.00,,,,,,,,2.50,,,,,,,,,,,2.50,,,,,,,,,,,,3.00,,,,,2.50,,2.00,,,,,,,,,,,,,
Trouble in Paradise Milkshake Blonde,Streetside Brewery,Blonde,Milkshake Blonde,Ohio,1/17/2019,January,2019,Paul K.,69,Dick K.,2.70,,,,,,,,,,,,,,,,,,,,,,,3.00,,,,,,,,,,,2.25,,,,,4.00,2.50,,,,,2.75,,2.00,,,,2.75,,3.25,,,2.00,,,,,,,,,,,,,,,2.00,,,,,,2.75,,,,,,,,,,,,,,,,,2.50,2.25,,,,,,,,,,,,,,,,,,,,,,,,,,,,,,,3.75
Fool's Gold Dry-Hopped Golden Ale,Columbus Brewing Co.,Golden,,Ohio,5/17/2019,May,2019,Jake W.,73,Steve S.,2.70,2.00,,,,,,,,,3.25,,,,,,,,,,,,,,,,,,,,,,,,2.25,,,,,,,,,,,,,,,,,3.00,,2.75,,,,,,2.75,,,,,,,,,,,,,,,,2.00,,2.50,,,,,,,,,,,,,,,,,2.75,3.25,3.75,,,,,,,,,,,,,,,2.00,,,,,,2.75,,,,,,,,2.75,
Go Ask Your Mother India Pale Ale,Casita Brewing Co. / Wilmington Brewing Co.,IPA,New England/Hazy IPA,North Carolina,6/13/2023,June,2023,Sara P.,120,Scott T.,2.70,,,,,,,,,4.00,,,,2.75,,3.50,,,,,,,,,,1.25,,,,,,,,,2.25,,,,,,,,,,,,,,,,,,,3.25,,,,,,,,,,,1.75,,,,,,,,,,,,,,,,,,,,3.00,,,,,,,,,,3.00,,4.00,,,,,,,,,,,,2.00,,,1.50,,,,,2.75,,,,,,,,,,2.75
18 Mile Red Plum Barrel Aged Sour Red Ale Flavored With Plums,Carolina Bauernhaus,Sour,Flanders Red Ale,South Carolina,9/26/2025,September,2025,Charlie D.,147,Rick S.,2.70,,,,,,,,,,,,,,,,,,1.50,,,,,3.50,,,,,,,,,,,4.00,,3.00,,,,,,,,,,,2.50,,,,,,2.00,,,,,,1.00,,,,,3.25,,,,,,,,,,,,,,,,,,,,3.00,,,,,,,,,,2.25,,,,,1.25,,4.00,,,,,,,3.00,,,3.50,,,,,,,,,,,,,,,
Radio Swan Rye India Pale Ale,Forbidden Root Brewery,IPA,Rye IPA,Ohio,7/24/2025,July,2025,Dave E.,145,Jake W.,2.69,,,,,,,,,,,,,,,3.25,,,,,,,,2.00,,,,,,,,,,,3.25,,3.50,,,,,,,3.00,,,,2.50,,,,,,2.75,,,,,,,,,,,,,,,,,,,,,,,,,,,,,,,,,,,,,,,,,,,,,,,,,,,2.00,,,,,2.00,,,,,,,,,,,,,,,,,
Sapporo Premium Beer,Sapporo Brewing Co.,Lager,American Lager,Japan,6/24/2014,June,2014,Scott T.,14,Denis M.,2.69,,,,,,,,,,,,,,,,,,2.50,,,,,,,,,,,,3.00,,,,2.50,,,,,4.00,,,,,,,,2.00,,,,,,1.50,,,,,,,,,,3.00,2.50,2.50,,,,,,,,,,,,,,,,,,,,,,,,,,,,,,,3.00,,,,,,,,,,3.50,,,,,2.50,,,,,,,,,,,,2.50,,,
Carl Sour Belgian Ale ,HighGrain Brewing Co.,Sour,Belgian Sour,Ohio,11/21/2023,November,2023,Scott T.,125,Dave E.,2.69,,,,,,,,,,,,2.50,,,2.50,,1.00,3.75,,,,,3.25,,,,,,,,,,,4.00,,,,,,,,,,,,,,,,,,,2.50,,,,,,2.75,,,,,3.00,,,,,,,,,,,,,,,,,,,,2.00,,,,,,,,,,2.25,,,,,,,,,,,,,,3.00,,,2.50,,,,,,,,,,,,,,,
Yanjing,Beijing Yanjing Brewery,Lager,European Pale Lager,China,3/14/2014,March,2014,Denis M.,11,Dave E.,2.69,,,,,,,,,,,,,,,,,,,,,,,,,,,,,,,,,,2.50,,,3.50,,3.00,,,3.00,,,2.50,,,,,,,,,,,,,,,,,,,,,,,,,,,,,,,,,,,,1.50,,3.00,,,,,,,,,,,,,,,,,,,,,,,,,,,,2.50,,,,,,,,,,,,,,,
Budweiser,Anheuser-Busch,Lager,American Lager,Missouri,8/23/2014,August,2014,Trent D.,16,Sam E.,2.69,,,,3.00,,,,,,,,,,,,,,,,,,,,,,,,,,,,,,,,,,,,,,,,,,,2.50,,,,,,,4.50,,,,,,,,,,,,,,,,,,,,3.50,,,,,,,,,2.50,,,,,1.00,,,,,,,,,,,,,,,,,,2.50,,,,,,,,,,,,,,,,,2.00,,,
Coors Banquet,Coors Brewing Co.,Lager,American Lager,Colorado,8/23/2014,August,2014,Trent D.,16,Mike M.,2.69,,,,3.00,,,,,,,,,,,,,,,,,,,,,,,,,,,,,,,,,,,,,,,,,,,2.50,,,,,,,4.50,,,,,,,,,,,,,,,,,,,,2.50,,,,,,,,,2.50,,,,,1.00,,,,,,,,,,,,,,,,,,3.50,,,,,,,,,,,,,,,,,2.00,,,
Mosaic,Rhinegeist Brewing Co.,Pale Ale,American Pale Ale,Ohio,2/25/2016,February,2016,Dave E.,34,Scott M.,2.69,,,,,,,,,,,,,,,,2.50,,,,,,,,,,,,,,,,,,1.00,,,,,,,,,,,1.50,,3.00,,,,,,3.50,,,,,,,,,,,,,,,,,,,,,,,,,,,,,,,,,,,,,,,,,,2.50,4.00,,,,,,,,,,,,,,,3.50,,,,,,,,,,,,,,,
Chocolate Cherry Stout,Woodburn Brewing,Stout,Sweet/Milk Stout,Ohio,9/21/2016,September,2016,Matt S.,41,Eric A.,2.69,,,,,,,,,,,,,,,,,,,,,,,,,,,,,,,,,,3.00,,,,,,,,,,,4.00,,2.00,,,,,,2.50,,,,,,,,,,,,,,,,,,,,,3.00,,,3.00,,,,,,1.50,,,,,,,,,,,,,,,,,,,,,,,2.50,,,,,,,,,,,,,,,,,,,,
Blue,SweetWater Brewing Co.,Wheat,Fruited Wheat,Georgia,12/2/2016,December,2017,Paul W.,44,Bobby T.,2.69,,,,,,,,,,,,,,,,2.25,,3.50,,,,,,,,,,,,,,,,2.00,,,,,,,,,,,2.50,,1.75,,,,,,2.75,,,,,,,,,,,,,,,,,,,,,,2.00,,2.00,,,,,,2.00,3.00,,,,,,,,,,,2.50,3.75,,,,,,,,,,3.00,,,,,4.00,,,,,,2.75,,,,,,3.25,,,
Barrel-Aged Old Rasputin Russian Imperial Stout,North Coast Brewing Co.,Stout,Russian Imperial Stout,California,6/17/2021,June,2021,Jason M.,96,Ben S.,2.69,,,,,,,,,,,,,,,3.25,,,,,,,,3.00,,,,,,,,,,,3.00,,,,,,,,,,,,,,,,,2.25,,3.00,,,1.50,,,,,,,,,,,,,,,,,,,,,,,,,,,,,,,,,,,,,,2.75,,,,,,,,,,,,,,,,,,,,,,,,,,,,,,,,2.75
Blossom Spring Ale,Rhinegeist Brewing Co.,Wheat,American Pale Wheat,Ohio,2/25/2025,February,2025,Silverton/Pleasant Ridge,140,Sara P.,2.69,,,,,,,,,,,,,,,3.00,3.50,3.00,,,,,,,,,,,,,,,,,2.75,,3.00,,,,,,,,,,,2.50,2.75,,,,,2.75,,,,,,,,,,,,,,,,,,,,,,,,,,,,,,,2.25,,,,,,,,,,3.00,,,,,,,,,,,,,,2.00,,,,,,,,,,,,,,,,,,1.75
Rainbow Rodeo Sour Ale with Rainbow Candies,Streetside Brewery,Sour,Berliner Weisse,Ohio,6/27/2025,June,2025,Sara P.,144,Dave E.,2.69,,,,,,,,,,,,,,,2.50,,,3.00,,,,,2.75,,,,,,,,,,,3.75,,,,,,,,,,,,,,,,,,,3.00,,,,,,,,,,,,,,,,,,,,,,,3.00,,,,,,,,4.00,,,,,,,,,,2.50,,,,,,,2.75,,,,,,,3.50,0.00,,,,,,,,,,,,,,,,,1.50
Monostatic #14 Riwaka Hazy India Pale Ale with Riwaka Hops,Branch & Bone Artisan Ales,IPA,New England/Hazy IPA,Ohio,1/9/2026,January,2026,Paul W.,151,Rick S.,2.69,,,,,,,,,,,,,,,3.00,,,3.00,,,,,2.00,,,,,,,,,,,2.75,,2.25,,,,,,,,,,,2.50,2.00,,,,,3.00,,,,,2.75,,,,,,,,,,,,,,,,,,,2.25,,,,,,,,,,,,,,,,,2.75,2.50,,,,,,3.00,,,3.50,,,,,,,3.25,,,,,,,,,,,,,,,2.50
30th Anniversary Ale Barrel-Aged Blend,Boulevard Brewing Co.,Strong,,Missouri,9/26/2025,September,2025,Charlie D.,147,Dave E.,2.68,,,,,,,,,,,,,,,,,,2.00,,,,,3.25,,,,,,,,,,,2.75,,2.00,,,,,,,,,,,2.00,,,,,,3.00,,,,,,2.50,,,,,2.75,,,,,,,,,,,,3.50,,,,,,,,4.00,,,,,,,,,,2.50,,,,,0.50,,3.00,,,,,,,2.50,,,4.00,,,,,,,,,,,,,,,
The Brown Note,Against the Grain Brewery & Smokehouse,Brown,,Kentucky,10/26/2015,October,2015,Scott T.,30,Dave E.,2.68,,,,,,,,,,,,,,,,,,2.50,,,,,,,,,,,,3.50,,,,4.00,,,,,,,,,,,,,2.50,,,,,,3.00,,,,,,,,,2.50,,,,,,,,,,,,,2.50,,,,1.50,,,,,,,,,,,,,,,,2.00,,,,,,,,,,,,,,,,3.00,,,2.50,,,,,,,,,,,,
Strawberry Pig Cream Ale,Christian Moerlein Brewing Co.,Cream Ale,,Ohio,6/27/2018,June,2018,Scott T.,62,Jason M.,2.68,2.00,,,,,,,,,,,,,,,3.00,,,,,,,,,,,,,,,,,,2.25,,,,,,,,,,,1.50,,1.75,,,,,,2.50,,,4.00,,,3.25,,,,,3.00,,,,,,,,,,,3.50,,,,,,,,,,,,,,,,,,,,,,,,,,,,,,,,,,,,2.75,,,,,,,,,,,,,,,
NewPorter English Brown Ale,Wooden Cask Brewing Co.,Brown,,Kentucky,9/24/2021,September,2021,Charlie D.,99,Dave E.,2.68,,,,,,,,,,,,,,,2.75,,,,,,,,1.50,,,,,,,,,,,3.25,,,,,,,,,,3.00,2.00,,3.00,,,,2.75,,2.00,,,3.00,,,3.00,,,,,,,,,,,,,,,,,,,,,,,,,,,,,,,,,,,,,,,,,,,,,,,,,,,,,,,,,,,,,3.25,,,,,,
Little Man Salted Oreo Stout,WeldWerks Brewing Co.,Stout,Sweet/Milk Stout,Colorado,12/15/2023,December,2024,Paul W.,126,Sara P.,2.68,,,,,,,,,,,,,,,2.75,,2.00,,,,,,2.00,,,,,,,,,,,,,,,,,,,,,,,,,,,,,,2.75,,,,,,2.50,,,,,3.00,,,,,,,,,,,,2.50,,,,,,,,4.00,,,,,,,,,,,2.50,,,,,,,,,,,,,3.25,,,,,,,,,,,,,,,,,,2.25
Nutcase Peanut Butter Porter,Listermann Brewing Co.,Porter,American Porter,Ohio,12/8/2017,December,2018,Paul W.,56,Jake W.,2.68,,,,,,,,,,,,,,,,0.25,,2.25,,,,,,,,,,,,,,,,2.75,,,,3.50,,,,,,,2.50,,3.25,,,,,,3.25,,,,,,,,,,,,,,,,,,,,,,4.00,,2.75,,,,,,1.50,,,2.00,,,,,,,,3.25,3.75,4.50,,,,2.75,,,,,,,,,,,2.00,,,,,1.00,3.00,,,,,,,,,
Doggie Style Pale Ale,Flying Dog Brewery,Pale Ale,American Pale Ale,Maryland,1/17/2019,January,2019,Paul K.,69,Jason M.,2.68,,,,,,,,,,,,,,,,,,,,,,,2.25,,,,,,,,,,,2.50,,,,,3.00,3.00,,,,,1.75,,3.50,,,,2.50,,2.25,,,3.00,,,,,,,,,,,,,,,2.75,,,,,,2.25,,,,,,,,,,,,,,,,,2.75,2.75,,,,,,,,,,,,,,,,,,,,,,,,,,,,,,,3.25
Nacho Bait Habanero Blonde Ale,Country Boy Brewing,Blonde,,Kentucky,3/25/2021,March,2021,Paul K.,93,Zach M.,2.68,,,,,,,,,,,,,,,2.50,,,,,,,,,,,,,,,,,,,2.50,,,,,,,,,,,,,2.00,,,,2.75,,2.75,,,,,,,,,,,,,,,,,,,,,,,,,,,,,,,,,,,,,,,,,2.75,,,,,,,,,,,,,,,,,,,,,,,,,,,,,,,,3.50
Graveyard Shift Pastry Vanilla Stout,Nine Giant Brewing,Stout,Pastry Stout,Ohio,4/28/2022,April,2022,Pleasant Ridge,106,Dave E.,2.68,,,,,,,,,,,,,,,,,,,,,,,,,,,,,,,,,,4.25,,,,,,,,,,,,,,,,,,,3.00,,,2.50,,,2.25,,,,,,,,,,,,,,,,,,,,,,,,,,,,,,,,,,,,,,,,,,,,,,,,,,,,3.75,,,,,,,,0.50,,,,,,,2.50
Turbodog,Abita Brewing Co.,Brown,English,Louisiana,12/11/2015,December,2016,Paul W.,32,Tony W. / Retrial,2.68,1.00,,,,,3.25,,,,,,,,,3.50,1.00,,,,,,,,,,,,,,,,,,3.00,,,,,,,,,3.25,,3.00,,3.50,,,,,,3.00,,,1.50,,,2.00,,,,,,,,,,,,,,,,,,4.00,,,,,,2.50,,,2.00,,,,,,3.00,,2.25,3.50,,,,,,,,,,,3.00,,,,,3.00,,,,,,4.00,,,,2.00,2.50,2.50,,,2.00
Roller Blabe Double IPA,Hoof Hearted Brewing,IPA,Double IPA,Ohio,7/21/2023,July,2023,Dave E.,121,Jake W.,2.68,,,,,,,,,,,,,,,3.00,,,,,,,,,,,,,,,,,,,2.00,,,,,,,2.25,,,,,,,,,,,,2.75,,,3.00,,,,,,,,2.00,,,,,,,,,,,,,1.75,,,,,,,3.50,,,,,,,,,,,,,,,,,,,,,,,,,,,,4.00,,,,,,,,,,,,,,2.50
Cinnamon Toast Crunch Imperial Brown Ale,DVD Brew,Brown,,Ohio,3/27/2026,March,2026,Zach M.,153,Eric H.,2.68,,,,,,,2.50,,,,,,,,2.50,,,,,,,,,,,,,,,,,,,,,,,,,,,,,,,,3.00,,,,,,2.00,,,,,,,,,,,,,,,,,,,,,,,,,,,,,,,3.00,,,3.25,,,,,,,3.00,,,,,,,2.00,,,2.00,,,,,,,,,,,,,,,,,,,,,,3.50
It Ain't It Nu Wave Lager,Hoof Hearted Brewing / Mast Landing Brewing Co.,Lager,American Lager,Ohio,11/21/2023,November,2023,Scott T.,125,Charlie D.,2.67,,,,,,,,,,,,4.00,,,2.50,,2.75,2.25,,,,,2.75,,,,,,,,,,,2.25,,,,,,,,,,,,,,,,,,,2.75,,,,,,2.75,,,,,2.50,,,,,,,,,,,,,,,,,,,,3.00,,,,,,,,,,2.50,,,,,,,,,,,,,,2.75,,,2.00,,,,,,,,,,,,,,,
Blue Moon Mountain Abby Ale,Blue Moon Brewing Co.,Pale Ale,Belgian Pale Ale,Colorado,11/14/2013,November,2013,Trent D.,7,Denis M.,2.67,,,,,,,,,,,,,,,,,,,,,,,,,,,,,,,,,,2.00,,,,,4.00,,,,,,,,2.00,,,,,,2.50,,,,,,,,,,,,,,,,,,,,,,,,,,,,,,2.00,,,,,1.50,,,,,,,,,,,,,,,,,,3.50,,,,,3.00,,,,,,,,,,,,3.50,,,
Identity Crisis,MadTree Brewing Co.,IPA,Black IPA,Ohio,2/20/2014,February,2014,Dave E.,10,Jake W.,2.67,,,,,,,,,,,,,,,,,,2.50,,,,,,,,,,,,,,,,3.50,,,,,,,,2.50,,,1.50,,3.50,,,,,1.50,3.00,,,,,,,,,,,,,,,,,,,,,,,,,,,,4.50,,3.50,,,,,,,,,,,,,,,,,,,,,,,1.50,,,,,1.50,,,,,,,,,,,,3.00,,,
Rubus Cacao,MadTree Brewing Co.,Stout,American Stout,Ohio,2/26/2015,February,2015,Dave E.,22,Matt T.,2.67,,,,,,,,,,,,,,,,,,,,,,,,,,,,,,,,,,2.00,,,,,2.00,,,2.50,,,,,3.50,,,2.00,,,2.00,,,,,,,,,,,,,,,,,,,,,,,,,,2.00,,,,3.00,4.00,,,,,,,,,,,,,,,,,,,,,,3.50,,,,3.00,,,,,,,,,,,,,2.50,,,
Cherry Stout,Bell's Brewery,Stout,American Stout,Michigan,5/13/2015,May,2015,Scott T.,25,Scott T.,2.67,,,,,,,,,,,,,,,,,,3.00,,,,,,,,,,,,,,,,2.50,,,,,,,,,,,2.50,,2.50,,,,,,2.50,,,,,,,,,,,,,,,,,,,,,,,,,,,,,,,,,,,,,,,,,,2.50,3.50,,,,,,,,,,,,,,,4.50,,,,,,,,,,0.50,,,,,
Hop Head Red Double IPA,Green Flash Brewing Co.,IPA,Double IPA,Virginia,5/13/2015,May,2015,Scott T.,25,Jake W.,2.67,,,,,,,,,,,,,,,,,,3.00,,,,,,,,,,,,,,,,1.50,,,,,,,,,,,2.00,,4.00,,,,,,3.50,,,,,,,,,,,,,,,,,,,,,,,,,,,,,,,,,,,,,,,,,,2.00,4.50,,,,,,,,,,,,,,,3.00,,,,,,,,,,0.50,,,,,
Soul Drifter Blonde Ale,MadTree Brewing Co.,Blonde,,Ohio,7/22/2015,July,2015,Trent D.,27,Paul W.,2.67,,,,,,,,,,,,,,,,,,,,,,,,,,,,,,,,,,2.50,,,,,,,,,,,3.00,,,,,,,,2.00,,,,,,,,,,,,,,,,,,,,,,,,,,,,,,,3.00,,,,2.50,,,,,,,2.00,,,,,,,,,,,3.00,,,,,3.50,,,,,,,,,,,,2.50,,,
Pilialoha Belgian Red Ale,Maui Brewing Co.,Red,Belgian Red,Hawaii,12/8/2017,December,2018,Paul W.,56,Matt S.,2.67,,,,,,,,,,,,,,,,2.50,,3.50,,,,,,,,,,,,,,,,2.00,,,,2.75,,,,,,,2.50,,2.00,,,,,,3.00,,,,,,,,,,,,,,,,,,,,,,1.50,,0.75,,,,,,4.00,,,3.00,,,,,,,,3.25,2.50,4.00,,,,,,,,,,,,,,,2.00,,,,,3.50,2.50,,,,2.75,,,,,
Da Shootz American Pilsner,Deschutes Brewery,Pilsner,American Pilsner,Oregon,3/22/2019,March,2019,Jason M.,71,Zach M.,2.67,3.00,,,,,,,,,3.25,,,,,,,,,,,,,,,,,,,,,,,,2.50,,,,,,,,,,,1.75,,,,,,,,2.75,,,3.00,,,1.00,,,,,,,,,,,,2.75,,,,3.00,,2.00,,,,,,,,,,,,,,,,,2.75,,,,,,,,,,,,,,,,,,,,,,,,,,,,,,,,4.25
Blaze Ponies Mile-High-PA,Taft's Brewing Co.,IPA,American IPA,Ohio,11/22/2019,November,2019,Lee M.,79,Dave E.,2.67,,,,,,,,,,,,,,,,,,,,,,,,,,,,,,,,,,1.75,,,,,,,,,,,2.50,,,,,,3.00,,3.50,,,,,,,,,,,,,,,,,,,,,,2.00,,2.00,,,,,,,,,,,,,,,,,,,,,,,,,,,,,,,,,,2.75,,,,,,,,,,,,,,3.00,3.50
Oktoberfest,Masthead Brewing Co.,Oktoberfest,Marzen,Ohio,7/28/2022,July,2022,Dave E.,109,Juan B.,2.67,,,,,,,,,,,,,,,,2.50,,,,,,,,,,,,,,,,,,3.75,,,,,,,,,2.25,,2.75,,2.50,,,,,,2.50,,,,,,,,,,,2.75,,,,,,,,1.00,,,,,,,,,,,,3.50,,,,,,,,,,2.75,,,,,,,,,,,,,,,,,3.00,,,,,,,,,,,,,,,2.75
Darwin's Forehead Salted Brown Porter ,Fonta Flora Brewery,Porter,American Porter,North Carolina,7/24/2025,July,2025,Dave E.,145,Dave E.,2.67,,,,,,,,,,,,,,,3.25,,,,,,,,2.00,,,,,,,,,,,3.75,,2.00,,,,,,,2.75,,,,1.75,,,,,,3.50,,,,,,,,,,,,,,,,,,,,,,,,,,,,,,,,,,,,,,,,,,,,,,,,,,,2.00,,,,,3.00,,,,,,,,,,,,,,,,,
Schofferhofer Hefeweizen,Binding-Brauerei AG,Wheat,Hefeweizen,Germany,7/6/2018,July,2018,Dave E.,63,Brant C.,2.66,2.50,,,,,,,,,,,,,,,,,,3.00,,,,,,,,,,,,,,,2.00,,,,,,,,,,,3.75,,1.50,,,,,,3.25,,2.00,1.50,,,,,,,,,,,,,,,,,,,4.50,,,,,,,,1.50,,,,,,,,,,,2.50,,,,,,,,,,,,2.75,,,,,2.00,,4.50,,,,,,,,,,,,,
Emergency Drinking Beer,Wild Heaven Beer,Pilsner,Session,Georgia,1/17/2019,January,2019,Paul K.,69,Paul K.,2.66,,,,,,,,,,,,,,,,,,,,,,,1.75,,,,,,,,,,,2.50,,,,,2.50,2.50,,,,,2.50,,2.50,,,,3.25,,3.00,,,3.00,,,,,,,,,,,,,,,2.75,,,,,,2.50,,,,,,,,,,,,,,,,,3.00,2.75,,,,,,,,,,,,,,,,,,,,,,,,,,,,,,,2.75
Lucky Buddha Enlightened Beer,The Lucky Drink Co.,Lager,Japanese Rice Lager,Australia,5/17/2019,May,2019,Jake W.,73,Kevin W.,2.66,5.00,,,,,,,,,2.00,,,,,,,,,,,,,,,,,,,,,,,,2.25,,,,,,,,,,,,,,,,,2.50,,2.00,,,,,,2.00,,,,,,,,,,,,,,,,2.50,,1.50,,,,,,,,,,,,,,,,,4.50,2.25,2.75,,,,,,,,,,,,,,,2.00,,,,,,2.50,,,,,,,,3.50,
Christmas Ale,Breckenridge Brewery,Christmas,,Colorado,12/13/2013,December,2013,Paul W.,8,Bobby T.,2.66,,,,,,,,,,,,,,,,,,2.50,,,,,,,,,,,,,,,,2.00,3.00,,2.00,,2.50,,,,,,,,2.50,,,,,,3.00,,,,,,,,,,,,,3.50,,,,,,,,,,,,,,,,,,,,,,2.50,,,,,,,3.00,3.00,,,,,,,,,,3.00,,,,,3.50,,,2.00,,,,,,,2.00,,2.50,,,
Belgian Orange,Narrow Path Brewing Co.,Blonde,Belgian Blonde,Ohio,8/28/2017,August,2017,Bobby T.,52,Bobby T.,2.66,,,,,,,,,,,,,,3.25,,,,4.00,,,,,2.75,,,,,,,,,,,2.00,,,,,,,,,,,,,2.75,,,,,,2.00,,2.00,,,,,,,,,,,,,,,,,,,,,,,,,,,,,,,,,,,,,,,,,,,,,,,,,,,,,,,,2.50,,,,,,,,,,,,,,,
French Toast Bastard Bourbon Barrel-Aged Scotch Ale,Founders Brewing Co.,Scotch,,Michigan,1/30/2023,January,2023,Scott T.,115,Jake W.,2.66,,,,,,,,,,,,,,,,,,,,,,,,,,,,,,,1.75,,,2.00,,,,,,,,,1.50,,,,,,,,,,2.75,,,,,,,,,,,3.00,,,,,,,,,,,,,,,,,,,,4.50,,,,,,,,,,,,,,,,,,,,,,,,3.75,,,2.00,,,,,,,,,,,,,,,
German Chocolate Cake Stout,Fifty West Brewing Co.,Stout,American Imperial Stout,Ohio,1/30/2023,January,2023,Scott T.,115,Matt T.,2.66,,,,,,,,,,,,,,,,,,,,,,,,,,,,,,,1.50,,,3.25,,,,,,,,,1.25,,,,,,,,,,2.50,,,,,,,,,,,2.25,,,,,,,,,,,,,,,,,,,,4.00,,,,,,,,,,,,,,,,,,,,,,,,2.25,,,4.25,,,,,,,,,,,,,,,
120 Minute IPA,Dogfish Head Craft Brewery,IPA,Imperial IPA,Delaware,5/16/2025,May,2025,Jake W.,143,Scott T.,2.66,,,,,,,,,,,,,,,,,,2.50,,,,,,,,,,,,,,,,,,2.50,,,,,,,,,,,3.50,,,,,,3.50,,,,,,,,,,,,,,,,,,,,,,,,,,,,,,,2.00,,,,,,,,,,,2.25,,,,,,,,,,,,,1.50,,,3.50,,,,,,,,,,,,,,,
The Poet American Oatmeal Stout,New Holland Brewing Co.,Stout,Oatmeal Stout,Michigan,1/9/2026,January,2026,Paul W.,151,Dave E.,2.66,,,,,,,,,,,,,,,2.50,,,3.75,,,,,2.00,,,,,,,,,,,3.00,,2.00,,,,,,,,,,,2.50,3.00,,,,,2.75,,,,,2.50,,,,,,,,,,,,,,,,,,,3.00,,,,,,,,,,,,,,,,,2.50,3.00,,,,,,2.75,,,2.25,,,,,,,2.75,,,,,,,,,,,,,,,2.25
Grandes Lagos Lager,Great Lakes Brewing Co.,Lager,American Lager,Ohio,7/3/2017,July,2017,Dave E.,51,Kevin W.,2.65,2.00,,,,,,,,,,,,,,,1.50,,,,,,,,,,,,,,,,,,2.25,,,,,,,,,,,,,1.50,,,,,,3.00,,,,,,2.50,,,,,,,,,,,,,,,,2.50,,,,,,,,3.50,,,2.75,,,,,,,,4.00,,3.00,,,,,,,,,,,,,,,3.00,,,,,,,,,,,,3.00,,,
Schneider Weisse,G. Schneider & Sohn,Wheat,Hefeweizen,Germany,8/12/2013,August,2013,Scott T.,4,Matt T.,2.65,,4.00,,,,,,,,,,,,,,,,2.50,,,,,,,,,,,,,,,,1.00,,,,,1.00,,,,,,,,,,,,,,3.00,,,,,,,,,,,2.00,,,,,,,,,,,,,,,,,,,,4.00,,,,,,,,,,,2.00,4.00,,,,,,,,,,,,,,,3.00,,,,,,,,,,,,,,,
American Pale Ale,Stoudts Brewing Co.,Pale Ale,American Pale Ale,Pennsylvania,7/30/2014,July,2014,Dave E. and Jake W.,15,Dave E.,2.65,,,,2.00,4.00,,,,,,,,,,,,,,,,,,,2.50,,,,,,2.50,,3.00,,3.00,,,,,,,,,,,1.50,,3.00,,,,,,2.50,,,,,,,,,,,,,,,,,,,,,,,,,,,,2.00,,2.50,,,,,,,,,,,,2.00,,,,,,,,,,,2.50,,,,,2.50,,,,,,,,,,2.50,,2.00,5.00,,
Maximator,Augustiner-Bräu Wagner KG,Bock,Doppelbock,Germany,1/30/2020,January,2020,Scott T.,81,Jeremy S.,2.65,,,,,,,,,,,,,,,3.50,,,,,,,,,,,,,,,,,,,2.25,,,,,,,,,1.25,,,,2.75,,,,,,2.75,,,,,,4.00,,,,,,,,,,,,,,,,,,2.50,,,,,,,,,,,,,,,,,3.00,,,,,,,,,,,,,,,,,3.25,,,,,2.00,,,,,2.00,,,,2.50,
Pils,Karrikin Spirits Co.,Pilsner,,Ohio,7/3/2020,July,2020,Dave E.,85,Kevin W.,2.65,,,1.75,,,,,,,,,,,,,,,,,,,,2.75,,,,,,,,,,,2.50,,,,,,,3.50,,,,3.00,,2.75,,,,,,2.25,,,3.50,,,1.25,,,,,,,,,,,,,,,,3.00,,,,,,,,,,,,,,,,,,,3.00,,,,,,,,,,,,,,,,,,,,,,,,,,,,,,,2.50,
Walnut Brown Ale,Goodwood Brewing Co.,Brown,,Kentucky,9/26/2015,September,2015,Dave E. and Jake W.,29,Dave E.,2.64,,,,,,,,,,,,,,,,,,3.00,,,,,,,,,,,,,,,,3.50,,,,,,,,,,,,,2.50,,,,,,2.50,,,,,,,,,,,,,,,,,,,,,,,,,,,,,,2.50,,,,,,,,,,,,,,,,,,,,,,,2.00,,,,,,,,,,,,,,,,,2.50,,,
Night of the Living Stout,Full Pint Brewing Co.,Stout,American Stout,Pennsylvania,6/6/2016,June,2016,Eric A.,38,Scott T.,2.64,,,,,,,,,,,,,,,,,,,,,,,,,,,,,,,,,,3.00,,,,,,,,,,,2.50,,3.00,,,,,,2.50,,,,,,,,,,,,,,,,,,,,,,2.50,,,,,,,,2.00,,,,,,,,,,,,,,,,,,,,,,,,,,,,3.00,,,,,,,,,,,,,,,
Bourbon Barrel Quad,Boulevard Brewing Co.,Quad,Belgian Quad,Missouri,3/22/2017,March,2017,Scott T.,47,Eric A.,2.64,,,,,,,,,,,,,,,,,,,,,,,,,,,,,,,,,,2.50,,,,,,,,,,,4.25,,1.75,,,,,,2.50,,,,,,,,,,,,,,,,,,,,,,3.50,,,,,,,,,,,,,,,,,,,,2.75,,,,,,,,,,,,,,,,1.25,,,,,,,,,,,,,,,
Imperial Coolcumber Golden Ale,Wicked Weed Brewing,Golden,,North Carolina,8/10/2018,August,2018,Jason M.,64,Paul K.,2.64,3.00,,,,,,,,,,,,,,,,,,,,,,,,,,,,,,,,,2.00,,,,,,,,,,,,,,,,,,,2.00,,,2.50,,,2.50,,,,,,,,,,,,,,,,3.00,,,,,,,,,,,,,,,,,,,3.50,,,,,,,,,,,,,,,,,,,,,,,,,,,,,,,,
Oil of Aphrodite Imperial Stout Brewed With Walnuts,Jackie O's Brewery,Stout,American Imperial Stout,Ohio,9/26/2025,September,2025,Charlie D.,147,Scott T.,2.64,,,,,,,,,,,,,,,,,,1.50,,,,,3.50,,,,,,,,,,,2.00,,2.50,,,,,,,,,,,2.00,,,,,,3.00,,,,,,3.00,,,,,3.75,,,,,,,,,,,,,,,,,,,,2.50,,,,,,,,,,1.75,,,,,2.50,,1.50,,,,,,,3.75,,,3.75,,,,,,,,,,,,,,,
Samuel Adams Breakaway Blonde Ale,Boston Beer Co.,Blonde,,Massachusetts,1/9/2026,January,2026,Paul W.,151,Jayson L.,2.64,,,,,,,,,,,,,,,3.00,,,2.75,,,,,2.50,,,,,,,,,,,1.75,,2.50,,,,,,,,,,,2.25,3.00,,,,,2.75,,,,,2.75,,,,,,,,,,,,,,,,,,,2.50,,,,,,,,,,,,,,,,,2.75,2.75,,,,,,3.00,,,1.75,,,,,,,3.00,,,,,,,,,,,,,,,3.25
Yuengling Traditional Lager,D. G. Yuengling & Son,Amber,,Pennsylvania,7/9/2021,July,2021,Dave E.,97,Jason M.,2.64,,,,,,,,,,,,,,,,2.00,,,,,,,2.50,,,,,,,,,,,2.00,,,,,,,,,3.25,,,,,,,,3.50,,2.00,,,2.00,,,,,,,,,,,,,,,,,,,,,,,,,,,,,,,,,,,,,,3.25,,,,,,,,,,,,,3.25,,,,,,,,,,,,,,,,,,,
Beer For Hell Helles Bock Style Beer,Off Color Brewing,Bock,Maibock,Illinois,5/26/2022,May,2022,Paul K.,107,Zach M.,2.64,,,,,,,,,,,,,,,2.75,,,,,,,,,,,,,,,,,,,2.50,,,,,,,,,1.75,,,,,,,,,,3.25,,,,,,2.75,,,,,,,,,,,,,,,,,,,,,,,,,,,,,,,,,,,3.50,,,,,,,,,,,1.75,,,,,,2.00,,,,,,,,,,,,,,,3.50
RuinTen Triple IPA,Stone Brewing Co.,IPA,Triple IPA,California,5/26/2022,May,2022,Paul K.,107,Scott T.,2.64,,,,,,,,,,,,,,,3.00,,,,,,,,,,,,,,,,,,,2.25,,,,,,,,,2.25,,,,,,,,,,2.75,,,,,,2.75,,,,,,,,,,,,,,,,,,,,,,,,,,,,,,,,,,,2.75,,,,,,,,,,,2.75,,,,,,3.00,,,,,,,,,,,,,,,2.25
Big Wave Golden Ale,Kona Brewing Co.,Golden,,Hawaii,7/23/2013,July,2013,Bobby T.,3,Tony H.,2.64,,3.00,,,,,,,,,,,,,,,,3.00,,,,,,,,,,,,3.50,,,,,,,,,3.00,,,,,,,,2.00,,,,,,2.00,,,,,,,,,,,,,,,,,,,,,,,,,,,,,,,2.50,,,,,,,,,,,2.00,,,,,,,,,,,,,,,,2.50,,,2.50,,,,,,,3.00,,,,,
Juicy Improv India Pale Ale,Fretboard Brewing Co.,IPA,American IPA,Ohio,6/13/2023,June,2023,Sara P.,120,Steve P.,2.63,,,,,,,,,3.00,,,,3.75,,2.75,,,,,,,,,,1.25,,,,,,,,,2.75,,,,,,,,,,,,,,,,,,,2.75,,,,,,,,,,,1.50,,,,,,,,,,,,,,,,,,,,3.25,,,,,,,,,,3.00,,,,,,,,,,,,,,2.25,,,2.75,,,,,2.75,,,,,,,,,,2.50
Hop Notch IPA,Uinta Brewing Co.,IPA,American IPA,Utah,6/4/2013,June,2013,Jake W.,1,Tony H.,2.63,,,,,,,,,,,,,,,,,,2.00,,,,,,,,,,,,3.00,,,,,,,,,3.00,,,,,,,,,,,,,,4.00,,,,,,,,,,,,,,,,,,,,,,,,,,,,,,,,,,,,,,,,,,1.00,4.00,,,,,,,,,,,,,,,3.00,,,,,,,,,,1.00,,,,,
Old Golden Hen,Moorland Brewing,Golden,English,UK,3/14/2014,March,2014,Denis M.,11,Matt S.,2.63,,,,,,,,,,,,,,,,,,,,,,,,,,,,,,,,,,2.00,,,3.00,,3.50,,,2.50,,,2.50,,,,,,,,,,,,,,,,,,,,,,,,,,,,,,,,,,,,2.50,,3.50,,,,,,,,,,,,,,,,,,,,,,,,,,,,1.50,,,,,,,,,,,,,,,
Oktoberfest,Jacob Leinenkugel Brewing Co.,Oktoberfest,Marzen,Wisconsin,10/11/2014,October,2014,Phil H.,18,Bobby T.,2.63,,,,,,,,,,,,,,,,,,3.00,,,,,,,,,,,,,,,,3.00,,,,,,,,,,,,,,,,,,,,,,,,,,,,,,,,,,,,,,,,,,,,,,,,,,,,,,1.50,,3.00,,,,,,3.00,,,,,,,,,,,,,,,2.50,,,,,2.50,,,,,,,2.50,,,
Lift,MadTree Brewing Co.,Kolsch,,Ohio,2/26/2015,February,2015,Dave E.,22,Matt S.,2.63,,,,,,,,,,,,,,,,,,,,,,,,,,,,,,,,,,2.00,,,,,2.50,,,2.50,,,,,2.50,,,2.00,,,2.00,,,,,,,,,,,,,,,,,,,,,,,,,,2.00,,,,4.00,2.00,,,,,,,,,,,,,,,,,,,,,,4.00,,,,3.00,,,,,,,,,,,,,3.00,,,
Pale Ale,North High Brewing Co.,Pale Ale,American Pale Ale,Ohio,8/10/2015,August,2015,Phil H.,28,Dave E.,2.63,,,,,,,,,,,,,,,,,,3.50,,,,,,,,,,,,,,,,1.50,,,,,,,,,,,2.00,,3.00,,,,,,3.00,,,,,,,,,,,,,,,,,,,,,,,,,,,,,,,,,,,,,,,,,,,3.00,,,,,,,,,,,,,,,2.50,,,,,,,,,,,,2.50,,,
CrossBones Session IPA,Heavy Seas Beer,IPA,Session IPA,Maryland,10/26/2015,October,2015,Scott T.,30,Colin J.,2.63,,,,,,,,,,,,,,,,,,2.50,,,,,,,,,,,,3.50,,,,2.00,,,,,,,,,,,,,3.50,,,,,,3.00,,,,,,,,,1.50,,,,,,,,,,,,,4.00,,,,2.00,,,,,3.00,,,,,,,,,,,2.50,,,,,,,,,,,,,,,,2.00,,,2.00,,,,,,,,,,,,
Ben & Jerry's Salted Caramel Brownie Brown Ale,New Belgium Brewing Co.,Brown,,Colorado,12/11/2015,December,2016,Paul W.,32,Scott T.,2.63,,,,,,,,,,,,,,,,,,,,,,,,,,,,,,,,,,2.00,,,,,,,,,,,3.00,,2.50,,,,,,3.00,,,,,,,,,,,,,,,,,,,,,,,,4.00,,,,,,2.50,,,,,,,,,,,,3.00,,,,,,,,,,,2.50,,,,,3.00,,,,,,3.00,,,,,2.00,1.00,,,
Crank Shaft IPA,Braxton Brewing Co.,IPA,American IPA,Kentucky,2/25/2016,February,2016,Dave E.,34,Scott T.,2.63,,,,,,,,,,,,,,,,1.50,,,,,,,,,,,,,,,,,,1.00,,,,,,,,,,,1.50,,4.50,,,,,,2.50,,,,,,,,,,,,,,,,,,,,,,,,,,,,,,,,,,,,,,,,,,2.00,5.00,,,,,,,,,,,,,,,3.00,,,,,,,,,,,,,,,
Das Uber Lager,Christian Moerlein Brewing Co.,Oktoberfest,Festbier,Ohio,8/17/2016,August,2016,Scott T.,40,Scott T.,2.63,,,,,,,,,,,,,,,,,,,,,,,,,,,,,,,,,,,,,,,,,,,,,2.50,,2.00,,,,,,3.00,,,,,,,,,,,,,,,,,,,,,,,,,,,,,,,,,,,,,,,,,,,,,,,,,,,,,,,,,,3.00,,,,,,,,,,,,,,,
Lieutenant Dank IPA,Wicked Weed Brewing,IPA,American IPA,North Carolina,10/12/2017,October,2017,Matt S.,54,Jeremy S.,2.63,,,,,,,,,,,,,,,,,,,,,,,,,,,,,,,,,,2.25,,,,,,,,2.75,,,1.50,,,,,,,,4.00,,,,,,3.00,,,,,,,,,,,,,,,,2.00,,,,,,,,2.50,,,,,,,,,,,3.00,,,,,,,,,,,,,,,,,,,,,,,,,,,,,,,,
Skronk Juice India Session Ale,Taft's Brewing Co.,IPA,Session IPA,Ohio,7/6/2018,July,2018,Dave E.,63,Jason M.,2.63,4.00,,,,,,,,,,,,,,,,,,3.00,,,,,,,,,,,,,,,2.25,,,,,,,,,,,2.00,,3.50,,,,,,2.75,,1.00,3.00,,,,,,,,,,,,,,,,,,,3.00,,,,,,,,2.00,,,,,,,,,,,2.75,,,,,,,,,,,,2.75,,,,,2.75,,2.00,,,,,,,,,,,,,
Blue Moon Mango Wheat,Blue Moon Brewing Co.,Wheat,Fruited Wheat,Colorado,1/17/2019,January,2019,Paul K.,69,Denis M.,2.63,,,,,,,,,,,,,,,,,,,,,,,3.75,,,,,,,,,,,1.75,,,,,4.00,2.50,,,,,2.00,,2.50,,,,3.00,,3.00,,,1.00,,,,,,,,,,,,,,,2.25,,,,,,2.25,,,,,,,,,,,,,,,,,2.50,2.75,,,,,,,,,,,,,,,,,,,,,,,,,,,,,,,3.50
Tenpenny Amber Ale,Homestead Beer Co.,Amber,,Ohio,2/29/2020,February,2020,Tony H.,82,Carl R.,2.63,,,2.75,,,,,,,,,,,,3.00,2.00,,,,,,2.75,,,,,,,,,,,,,,,,,,,,,,,,,2.25,,,,3.00,,2.00,,,3.25,,,2.50,,,,,,,,,,,,,,,,,,,,,,,,,,,,,,,,,,,3.00,,,,,,,,,,,,,,,,,,,,,,,,,,,2.00,,,,3.00,
Slam Dunk Double India Pale Ale,Forbidden Root Brewery,IPA,Double IPA,Ohio,3/30/2025,March,2025,Zach M.,141,Ben S.,2.63,,,,,,,,,,,,,,,2.50,,,,,,,,,,,,,,,,,,,2.25,,,,,,,,,,,,,2.75,,,,,,3.00,,,,,,,,,,,,,,,,,,,,,,,,,,,,,,,,,,,,,,,,,2.75,,,,,,,,,,,,,,,,,,,,,,,,,,,,,,,,2.50
Stone IPA,Stone Brewing Co.,IPA,American IPA,California,8/22/2025,August,2025,Jeremy S.,146,Zach M.,2.63,,,,,,,,,,,,,,,2.50,,3.00,,,,,,1.50,,,,,2.75,,,,,,2.00,,3.00,,,,,,,,,,,,,,,,,2.75,,,,,,3.00,,,,,,,,,,,,,,,,,,,,,,,,,3.00,,,,,,,,,,2.25,,,,,,,2.25,,,3.00,,,,2.50,,,,,,,,,,,,,,,,,,3.25
Social Hour Hazy Wit-Style Brew with Tropical Fruit,Santa Fe Brewing Co.,Wheat,Witbier,New Mexico,2/28/2026,February,2026,Ryan F.,152,Chris M.,2.63,,,,,,,,,,,,,,,,2.00,,,,,,,,,,,,,3.00,,,,,2.50,,2.75,,,,,,,,,,,3.25,,,,,,3.00,,,,,,,,,,,,,,,,,,,,,,,,,3.50,,,,,,3.00,,,,,,,,,,,,,,,,,,,,2.00,,,,3.25,1.00,,2.25,,,,,,,,,,,,,,,
Double D IPA,Old Dominion Brewing Co.,IPA,Double IPA,Delaware,12/12/2014,December,2015,Paul W.,20,Eric H.,2.62,,,,,,,,,,,,,,,,,,2.00,,,,,,2.00,,,,,,,,2.50,,1.50,,,,,,,,,,,,3.50,4.00,,,,,,4.00,,,,,,,,,,,,,,,,,,,,,,,,,,,,,,,,,,,,,,,,,,2.00,4.50,,,,,,,,,,,,,,,3.00,,,,,0.50,2.50,,,,2.00,,,,,
Danky McDankerson Wet Hopped Double New England IPA,Streetside Brewery,IPA,New England/Hazy IPA,Ohio,11/21/2023,November,2023,Scott T.,125,Matt T.,2.62,,,,,,,,,,,,4.00,,,2.25,,2.50,3.00,,,,,2.25,,,,,,,,,,,2.00,,,,,,,,,,,,,,,,,,,3.25,,,,,,2.25,,,,,2.00,,,,,,,,,,,,,,,,,,,,3.50,,,,,,,,,,2.75,,,,,,,,,,,,,,2.00,,,2.25,,,,,,,,,,,,,,,
Keypunch Key Lime Gose,Urban Artifact,Sour,Gose,Ohio,5/24/2018,May,2018,Jason F.,61,Scott T.,2.61,2.00,,,,,,,,,,,,,,,,,,3.00,,,,,,,,,,,,,,,2.25,,,,,,,,,,,,,2.00,,,,,,2.25,,3.00,3.00,,,2.00,,,,,,,,,,,,,,,,3.00,,2.75,,,,,,,,,,,,,,,,,,,,,,,,,,,,,,,,,,3.50,,,,,,,,,,,,,,,
Chomolunga Honey Nut Brown Ale,Jackie O's Brewery,Brown,,Ohio,2/15/2019,February,2019,Jeremy S.,70,Greg A.,2.61,,,,,,,,,,,,,,,,2.50,,,,,,,,,,,,,,,,,,2.75,,,,,,,,,,,,,,,,,3.50,,3.00,,,3.00,,,2.00,,,,,,,,,,,,,,,,2.50,,,,,,,,,,,,,,,,,2.50,,2.25,,,,,,,,,,,,,,,,,2.00,,,,,,,,,,,,,,,2.75
Levitation Ale,Stone Brewing Co.,Amber,,California,9/16/2014,September,2014,Jake W.,17,Jake W.,2.61,,,,,,,,,,,,,,,,,,,,,,,,,,,,,,,,,,2.00,,,,,2.50,,,,,,,3.50,,,,,,,3.00,,,,,,,,,,,,,,,,,,,,,,,,,,,,,,,,,,,,,,,,,,3.00,,,,,,,,,,,2.50,,,,,2.50,,,,,,,,,,1.00,,3.50,,,
Green Chile Lager,Tommyknocker Brewery,Chili,,Colorado,1/19/2017,January,2017,Jake W.,45,Mark A.,2.61,,,,,,,,,,,,,,,,,,,,,,,,,,,,,,,,,,2.75,,,,,,,,,,,2.50,,1.00,,,,,,3.00,,,,,,,,,3.25,,,,,,,,1.75,,,,,3.50,,,,3.00,,,,,,,,,,,,,,2.75,,,,,,,,,,,,,,,,,,,,,,,,,,,,,,,,,
Santa's Bribe Winter Ale,Taft's Brewing Co.,Winter,,Ohio,12/8/2017,December,2018,Paul W.,56,Paul K.,2.61,,,,,,,,,,,,,,,,2.50,,2.25,,,,,,,,,,,,,,,,2.50,,,,2.75,,,,,,,3.00,,2.25,,,,,,2.75,,,,,,,,,,,,,,,,,,,,,,2.00,,2.00,,,,,,,,,3.25,,,,,,,,3.25,2.75,2.25,,,,2.75,,,,,,,,,,,2.25,,,,,2.50,3.00,,,,3.00,,,,,
Backyard Crusher American Lager,Royal Docks Brewing Co.,Lager,American Lager,Ohio,7/9/2021,July,2021,Dave E.,97,Dave E.,2.61,,,,,,,,,,,,,,,,2.00,,,,,,,1.50,,,,,,,,,,,2.50,,,,,,,,,2.25,,,,,,,,3.00,,3.00,,,2.75,,,,,,,,,,,,,,,,,,,,,,,,,,,,,,,,,,,,,,2.75,,,,,,,,,,,,,3.75,,,,,,,,,,,,,,,,,,,
Kool On Shandy,Fretboard Brewing Co.,Shandy,,Ohio,7/9/2021,July,2021,Dave E.,97,Sam S.,2.61,,,,,,,,,,,,,,,,1.50,,,,,,,2.75,,,,,,,,,,,2.50,,,,,,,,,2.75,,,,,,,,2.00,,2.50,,,2.00,,,,,,,,,,,,,,,,,,,,,,,,,,,,,,,,,,,,,,3.50,,,,,,,,,,,,,4.00,,,,,,,,,,,,,,,,,,,
Master of Pumpkins,Troegs Brewing Co.,Pumpkin,,Pennsylvania,1/31/2025,January,2025,Scott T.,139,Mark N.,2.61,,,,,,,,,,,,,,,,,,2.50,,,,,,,,,,,,,,,,2.25,,1.75,,,,,,,2.25,,,,,,,,,,2.75,,,,,,,,,,,,,,,,,,,,,,,,,,,3.00,,,,3.50,,,,,,,,,,,,,,,,,,,,,,,,2.50,,,3.00,,,,,,,,,,,,,,,
DieselPunk IPA,World Brews,IPA,American IPA,California,5/13/2014,May,2014,Colin J.,13,Tony H.,2.61,,,,,,,,,,,,,,,,,,3.00,,,,,,,,,,,,4.00,,,,2.00,,,,,,,,2.00,,,,,2.00,,,,,,3.00,,,,,,,,,,,,,,,,,,,,,,,,,,2.00,,,,2.50,,,,,,,,,,2.50,,,,,,,,,,,,,2.00,,,,,3.00,,,3.50,,,,,,,3.00,,2.00,,,
Stranger American Pale Ale,Left Hand Brewing Co.,Pale Ale,American Pale Ale,Colorado,5/13/2014,May,2014,Colin J.,13,Matt S.,2.61,,,,,,,,,,,,,,,,,,2.00,,,,,,,,,,,,4.00,,,,2.00,,,,,,,,2.00,,,,,2.00,,,,,,2.50,,,,,,,,,,,,,,,,,,,,,,,,,,2.00,,,,4.00,,,,,,,,,,2.50,,,,,,,,,,,,,2.00,,,,,2.50,,,3.50,,,,,,,2.50,,3.00,,,
Bed of Nails Brown Ale,Hi-Wire Brewing,Brown,,North Carolina,3/22/2017,March,2017,Scott T.,47,Paul W.,2.61,,,,,,,,,,,,,,,,,,,,,,,,,,,,,,,,,,3.00,,,,,,,,,,,2.50,,2.50,,,,,,2.75,,,,,,,,,,,,,,,,,,,,,,2.00,,,,,,,,,,,,,,,,,,,,2.00,,,,,,,,,,,,,,,,3.50,,,,,,,,,,,,,,,
Hollow Point Hibiscus Ale,Cartridge Brewing,Fruit and Field,,Ohio,4/28/2022,April,2022,Pleasant Ridge,106,Jake W.,2.61,,,,,,,,,,,,,,,,,,,,,,,,,,,,,,,,,,3.00,,,,,,,,,,,,,,,,,,,2.75,,,2.50,,,2.00,,,,,,,,,,,,,,,,,,,,,,,,,,,,,,,,,,,,,,,,,,,,,,,,,,,,2.75,,,,,,,,3.50,,,,,,,1.75
Neon Beer Hug IPA,Goose Island Beer Co.,IPA,American IPA,Illinois,4/25/2025,April,2025,Paul K.,142,Eric H.,2.61,,,,,,,,,,,,,,,3.50,,2.00,,,,,,,,,,,,,,,,,2.00,,2.50,,,,,,,,,,,3.00,,,,,,,,,,,,,,,,,,,,,,,,,,,,,,,,,,,,,,,,,,,,,,,2.75,,,,,,,,2.50,,,,,,,,,,,,,,,,,,,,,,,,
Dismembers Only Imperial Milk Stout,3 Floyds Brewing Co.,Stout,Sweet/Milk Stout,Indiana,7/28/2022,July,2022,Dave E.,109,Eric A.,2.60,,,,,,,,,,,,,,,,3.00,,,,,,,,,,,,,,,,,,2.50,,,,,,,,,0.75,,3.75,,2.00,,,,,,1.00,,,,,,,,,,,1.00,,,,,,,,4.50,,,,,,,,,,,,3.75,,,,,,,,,,3.25,,,,,,,,,,,,,,,,,4.00,,,,,,,,,,,,,,,1.75
Amber Style Ale,Avalanche Brewing Co.,Amber,,Colorado,5/18/2016,May,2016,Scott T.,37,Scott T.,2.60,,,,,,,,,,,,,,,,,,2.00,,,,,,,,,,,,,,,,2.50,,,,,,,,,,,2.50,,2.50,,,,,,3.00,,,,,,,,,,,,,,,,,,,,,,,,,,,,,,3.00,3.00,,,,,,,,,,,2.00,,,,,,,,,,,2.50,,,,,3.00,,,,,,,,,,,,,,,
Dark Helmet Imperial Schwartz Style Bier,The Brew Kettle Taproom & Smokehouse,Schwarzbier,,Ohio,5/18/2016,May,2016,Scott T.,37,Paul W.,2.60,,,,,,,,,,,,,,,,,,3.00,,,,,,,,,,,,,,,,2.50,,,,,,,,,,,2.50,,2.50,,,,,,3.00,,,,,,,,,,,,,,,,,,,,,,,,,,,,,,2.00,2.50,,,,,,,,,,,2.50,,,,,,,,,,,3.00,,,,,2.50,,,,,,,,,,,,,,,
Neapolitan Milk Stout,Saugatuck Brewing Co.,Stout,Sweet/Milk Stout,Michigan,5/18/2016,May,2016,Scott T.,37,Dave E.,2.60,,,,,,,,,,,,,,,,,,3.50,,,,,,,,,,,,,,,,3.50,,,,,,,,,,,3.00,,2.50,,,,,,1.50,,,,,,,,,,,,,,,,,,,,,,,,,,,,,,2.00,3.50,,,,,,,,,,,1.50,,,,,,,,,,,3.00,,,,,2.00,,,,,,,,,,,,,,,
Brooklyn Lager,Brooklyn Brewery,Lager,Vienna Lager,New York,12/20/2024,December,2025,Paul W.,138,Scott T.,2.60,,,,,,,,,,,,,,,,,2.25,2.50,,,,,2.25,,,,,,,,,,,2.50,,4.00,,,,,,,,,2.00,,,,,,,,2.75,,,,,,,,,,,,,,,,,,,,,,,,,,,,,,,,2.75,,,,,,,,,,2.00,,,,,,,,,,,,,,,,3.00,,,,,,,,,,,,,,,
Lodo Low Cal Tart Peach Ale,Rhinegeist Brewing Co.,Fruit and Field,,Ohio,5/29/2020,May,2020,Wes B.,83,Wes B.,2.59,,,,,,,,,,,,,,,,,,,,,,,3.00,,,,,,,,,,,3.25,,,,,,,,,,,,,2.25,,,,,,2.00,,,2.75,,,1.50,,,,,,,,,,,,,,,,3.00,,,,,,,,,,,,,,,,,,,,,,,,,,,,,,,,,,,,,,,,,,,,,,,,,,3.00,
The Gadget Midwest Fruit Tart,Urban Artifact,Sour,Fruited Sour,Ohio,9/27/2019,September,2019,Kevin W.,77,Kevin W.,2.59,,,,,,,,,,,,,,,3.50,,,,,,,,,,,,,,,,,,,3.75,,,,,,,,,2.00,,,,2.00,,,,2.25,,2.75,,,,,,2.00,,,,,,,,,,,,2.00,,,,4.00,,,,,,,,,,,,,,,,,,,1.75,,,,,,,,,,,,,,,,,,,,,,,,,,,,,,,,2.50
Old Speckled Hen English Pale Ale,Greene King / Morland Brewery,Pale Ale,English Pale Ale,UK,10/24/2023,October,2023,Higher Gravity,124,Bill K.,2.59,,,,,,,,,,,,,,,3.00,,2.50,,,,,,,,,,,,,,,,,1.75,,,,,,,,,3.50,,,,,,,,,,2.50,,,,,,2.75,,,,,,,,,,,,,,,,,,,,,,,,,3.00,,,,,,,,,,3.50,,,,,,,,,,,,,,2.50,1.00,,,,,,,2.50,,,,,,,,,,
Shade Gose Style Ale,MadTree Brewing Co.,Sour,Gose,Ohio,7/6/2018,July,2018,Dave E.,63,Scott M.,2.59,3.50,,,,,,,,,,,,,,,,,,2.50,,,,,,,,,,,,,,,2.25,,,,,,,,,,,3.00,,2.00,,,,,,2.75,,5.00,2.00,,,,,,,,,,,,,,,,,,,2.00,,,,,,,,1.00,,,,,,,,,,,2.25,,,,,,,,,,,,2.25,,,,,3.25,,2.50,,,,,,,,,,,,,
Man Juice,Knee Deep Brewing Co.,IPA,American IPA,California,1/17/2019,January,2019,Paul K.,69,Charlie D.,2.59,,,,,,,,,,,,,,,,,,,,,,,2.75,,,,,,,,,,,2.00,,,,,3.00,2.75,,,,,1.50,,3.75,,,,3.25,,2.00,,,3.00,,,,,,,,,,,,,,,2.50,,,,,,1.75,,,,,,,,,,,,,,,,,2.25,2.75,,,,,,,,,,,,,,,,,,,,,,,,,,,,,,,3.00
420 Strain G13 IPA,SweetWater Brewing Co.,IPA,American IPA,Georgia,5/17/2019,May,2019,Jake W.,73,Wes B.,2.59,4.00,,,,,,,,,3.25,,,,,,,,,,,,,,,,,,,,,,,,2.00,,,,,,,,,,,,,,,,,2.75,,2.50,,,,,,3.00,,,,,,,,,,,,,,,,2.50,,1.50,,,,,,,,,,,,,,,,,1.75,1.00,5.00,,,,,,,,,,,,,,,1.25,,,,,,2.00,,,,,,,,3.75,
Braxton Labs Strawberry Gose,Braxton Brewing Co.,Sour,Gose,Kentucky,5/17/2019,May,2019,Jake W.,73,Andrew P.,2.59,3.50,,,,,,,,,3.00,,,,,,,,,,,,,,,,,,,,,,,,3.00,,,,,,,,,,,,,,,,,0.50,,3.00,,,,,,3.00,,,,,,,,,,,,,,,,3.00,,2.00,,,,,,,,,,,,,,,,,2.00,1.50,4.25,,,,,,,,,,,,,,,3.25,,,,,,1.25,,,,,,,,3.00,
Double Milk Stout 2X,Southern Tier Brewing Co.,Stout,Sweet/Milk Stout,New York,2/20/2014,February,2014,Dave E.,10,Eric A.,2.58,,,,,,,,,,,,,,,,,,3.50,,,,,,,,,,,,,,,,2.50,,,,,,,,2.50,,,2.50,,3.00,,,,,2.00,2.50,,,,,,,,,,,,,,,,,,,,,,,,,,,,3.00,,2.50,,,,,,,,,,,,,,,,,,,,,,,2.50,,,,,2.50,,,,,,,,,,,,2.00,,,
Sculpin IPA,Ballast Point Brewing Co.,IPA,American IPA,California,2/26/2015,February,2015,Dave E.,22,Frank B.,2.58,,,,,,,,,,,,,,,,,,,,,,,,,,,,,,,,,,1.50,,,,,2.00,,,2.00,,,,,4.00,,,3.00,,,3.50,,,,,,,,,,,,,,,,,,,,,,,,,,1.00,,,,2.50,2.00,,,,,,,,,,,,,,,,,,,,,,3.00,,,,3.00,,,,,,,,,,,,,3.50,,,
Harvest Ale,Mt. Carmel Brewing Co.,ESB,,Ohio,10/26/2015,October,2015,Scott T.,30,Mark A.,2.58,,,,,,,,,,,,,,,,,,3.00,,,,,,,,,,,,1.50,,,,2.00,,,,,,,,,,,,,3.00,,,,,,3.00,,,,,,,,,1.50,,,,,,,,,,,,,2.50,,,,2.50,,,,,3.50,,,,,,,,,,,2.00,,,,,,,,,,,,,,,,3.50,,,3.00,,,,,,,,,,,,
Pinedrops IPA,Deschutes Brewery,IPA,American IPA,Oregon,10/26/2015,October,2015,Scott T.,30,Eric H.,2.58,,,,,,,,,,,,,,,,,,2.50,,,,,,,,,,,,2.00,,,,2.50,,,,,,,,,,,,,4.00,,,,,,3.50,,,,,,,,,1.50,,,,,,,,,,,,,3.00,,,,1.00,,,,,4.00,,,,,,,,,,,2.00,,,,,,,,,,,,,,,,3.00,,,2.00,,,,,,,,,,,,
Smithwick's Imported Premium Irish Ale,Guinness Ltd.,Red,Irish Red,Ireland,12/11/2015,December,2016,Paul W.,32,Trent D.,2.58,,,,,,,,,,,,,,,,,,,,,,,,,,,,,,,,,,2.50,,,,,,,,,,,2.50,,2.50,,,,,,2.50,,,,,,,,,,,,,,,,,,,,,,,,3.00,,,,,,2.00,,,,,,,,,,,,2.00,,,,,,,,,,,3.00,,,,,2.50,,,,,,2.00,,,,,3.00,3.50,,,
A-crop Black Light Stout,Zaftig Brewing Co.,Stout,American Imperial Stout,Ohio,8/21/2019,August,2019,Jeremy S.,76,Paul K.,2.58,4.00,,,,,,,,,,,,,,2.75,,,,,,,,,,,,,,,,,,,2.00,,,,,,,,,,,,,,,,,0.25,,3.50,,,,,,2.00,,,,,,,,,,,,3.00,,,,2.00,,3.25,,,,,,,,,,,,,,,,,3.00,,,,,,,,,,,,,,,,,3.00,,,,,,,,,,,,,,,2.25
Old Milwaukee Beer,Pabst Brewing Co.,Lager,American Lager,California,7/3/2020,July,2020,Dave E.,85,Eric H.,2.58,,,2.00,,,,,,,,,,,,,,,,,,,,2.75,,,,,,,,,,,2.75,,,,,,,3.00,,,,2.25,,3.25,,,,,,1.75,,,3.00,,,2.00,,,,,,,,,,,,,,,,3.00,,,,,,,,,,,,,,,,,,,3.25,,,,,,,,,,,,,,,,,,,,,,,,,,,,,,,2.00,
Orange Agave Blonde,Municipal Brew Works,Blonde,,Ohio,7/9/2021,July,2021,Dave E.,97,Paul K.,2.58,,,,,,,,,,,,,,,,1.50,,,,,,,2.50,,,,,,,,,,,2.50,,,,,,,,,2.25,,,,,,,,3.00,,2.50,,,3.00,,,,,,,,,,,,,,,,,,,,,,,,,,,,,,,,,,,,,,2.75,,,,,,,,,,,,,3.25,,,,,,,,,,,,,,,,,,,
Nightcap Holiday Ale,Brink Brewing Co.,Porter,American Porter,Ohio,11/18/2021,November,2021,Greg A.,101,Aaron T.,2.58,2.00,,,,,,,,,,,,,,,,,,,,,,,,,,,,,,,,,2.50,,,,,,,,,3.50,,,,,,,,3.00,,3.50,,,,,,2.00,,,,,,,,,,,,,,,,,,,,,,,,,,,,,,,,,,,3.25,,,,,,,,,,,,,,,,,1.75,,,,,,,,,,,,,,,1.75
Three Hos Christmas Ale,Saucy Brew Works,Christmas,,Ohio,12/9/2022,December,2023,Paul W.,114,Charlie D.,2.58,,,,,,,,,,,,,,,,,,2.00,,,,,1.50,,,,,,,,,,,2.00,,,,,,,,,3.00,,,,,,,,,,3.00,,,2.00,,,2.00,,,,,3.25,,,,,,,,,,,,,,,,,,,,3.75,,,,,,,,,,3.00,2.50,,,,,,,,,,,,,4.00,,,1.25,,,,2.50,,,,,,,,,,,3.00
Black Butte XXX 30th Birthday Reserve,Deschutes Brewery,Porter,Imperial Porter,Oregon,9/26/2025,September,2025,Charlie D.,147,Matt T.,2.58,,,,,,,,,,,,,,,,,,1.75,,,,,4.00,,,,,,,,,,,2.00,,1.00,,,,,,,,,,,2.00,,,,,,2.50,,,,,,2.75,,,,,2.50,,,,,,,,,,,,2.00,,,,,,,,4.00,,,,,,,,,,3.00,,,,,1.50,,1.50,,,,,,,4.00,,,4.25,,,,,,,,,,,,,,,
Amarillo Fog Small Batch IPA,Platform Beer Co.,IPA,Imperial IPA,Ohio,12/8/2017,December,2018,Paul W.,56,Steve P.,2.58,,,,,,,,,,,,,,,,2.00,,1.75,,,,,,,,,,,,,,,,2.00,,,,4.75,,,,,,,1.50,,4.25,,,,,,3.00,,,,,,,,,,,,,,,,,,,,,,2.50,,1.00,,,,,,3.25,,,2.00,,,,,,,,2.25,2.50,2.00,,,,3.00,,,,,,,,,,,2.75,,,,,3.75,2.75,,,,2.00,,,,,
Mamma Hen's IPA,DVD Brew,IPA,American IPA,Ohio,1/9/2026,January,2026,Paul W.,151,Eric H.,2.58,,,,,,,,,,,,,,,1.25,,,3.00,,,,,2.75,,,,,,,,,,,2.75,,2.75,,,,,,,,,,,4.00,2.50,,,,,3.00,,,,,2.75,,,,,,,,,,,,,,,,,,,2.50,,,,,,,,,,,,,,,,,2.75,2.00,,,,,,3.00,,,3.75,,,,,,,1.50,,,,,,,,,,,,,,,1.00
Estrella Damm Daura,Damm S. A.,Lager,European Pale Lager,Spain,12/12/2014,December,2015,Paul W.,20,Matt T.,2.58,,,,,,,,,,,,,,,,,,3.00,,,,,,3.50,,,,,,,,2.50,,1.50,,,,,,,,,,,,3.00,2.00,,,,,,2.50,,,,,,,,,,,,,,,,,,,,,,,,,,,,,,,,,,,,,,,,,,2.00,3.50,,,,,,,,,,,,,,,2.50,,,,,3.00,2.50,,,,2.00,,,,,
Natural Light Naturdays,Anheuser-Busch,Lager,American Light Lager,Missouri,10/11/2019,October,2019,Charlie D.,78,Bobby T.,2.58,,,,,,,,,,,,,,,,,,4.00,,,,,1.50,,,2.75,,,,1.00,,,,2.25,,,,,,,,,,,3.00,,1.75,,,,,,3.25,,,,,,,,,,,,,,,,,,,,,,,,2.50,,,,,3.75,,,,,,,,,,,,,,,,,,,,,,,,,,,,,,,,,,,,,,,,,,,,
A Little Crazy Belgian-Style Pale Ale,Revolution Brewing,Pale Ale,Belgian Pale Ale,Illinois,3/22/2017,March,2017,Scott T.,47,Scott T.,2.57,,,,,,,,,,,,,,,,,,,,,,,,,,,,,,,,,,2.25,,,,,,,,,,,1.50,,2.25,,,,,,3.00,,,,,,,,,,,,,,,,,,,,,,3.00,,,,,,,,,,,,,,,,,,,,3.00,,,,,,,,,,,,,,,,3.00,,,,,,,,,,,,,,,
Slushy Courage Cup Fruited Berliner Weisse,450 North Brewing Co.,Sour,Berliner Weisse,Indiana,3/23/2023,March,2023,Zach M.,117,Dave E.,2.57,,,,,,,,,,,,,,,,,,,,,,,,,,,,,,,,,,3.25,,,,,,,,,3.75,,,,,,,,,,0.25,,,,,,,,,,,,,,,,,,,2.00,,,,,,,,,,,,4.50,,,,,,,,,,2.00,,,,,,,,,,,,,,,,,,,,,,,,,,,,,,,,2.25
Chai Milk Stout Nitro,Left Hand Brewing Co.,Stout,Sweet/Milk Stout,Colorado,10/18/2018,October,2018,Phil H.,66,Dave E.,2.57,,,,,,,,,,,,,,,,3.50,,1.50,,,,,0.75,,,,,,,,,,,3.25,,,,,,,,,,,,,,,,,,,2.75,,,,,,,,,,,,,,2.25,,,,,,,,,,3.00,,,,,,,,,,,,,,,,,3.50,3.50,1.50,,,,,,,,,,,,,,,,,,,,,2.75,,,,,,,,,
Cherry Canis Invertus,3 Floyds Brewing Co.,Sour,Flanders Red Ale,Indiana,9/24/2021,September,2021,Charlie D.,99,Jeremy S.,2.57,,,,,,,,,,,,,,,2.50,,,,,,,,2.50,,,,,,,,,,,3.75,,,,,,,,,,1.75,2.00,,3.00,,,,4.25,,1.25,,,2.00,,,3.00,,,,,,,,,,,,,,,,,,,,,,,,,,,,,,,,,,,,,,,,,,,,,,,,,,,,,,,,,,,,,2.25,,,,,,
Northern Liberties IPA,Christian Moerlein Brewing Co.,IPA,American IPA,Ohio,6/25/2013,June,2013,Colin J.,2,Eric H. / Steve D.,2.57,,,,,,,,,,,,,,,,,,3.00,,,,,,,,,,,,3.50,,,,3.00,,,,,,,,,,,,,4.00,,,,,,3.00,,,,,,,,,,,,,,,,,,,,,,,,,,1.50,,,,3.00,3.00,,,,,,,,,0.50,,1.50,,,,,,,,,,,2.00,,,,,2.50,,,4.00,,,,,,,1.50,,2.50,,,
Christmas Ale,Great Lakes Brewing Co.,Christmas,,Ohio,12/13/2013,December,2013,Paul W.,8,Rusty O.,2.57,,,,,,,,,,,,,,,,,,3.50,,,,,,,,,,,,,,,,2.00,,,0.50,,2.50,,,,,,,,2.50,,,,,,2.50,,,,,,,,,,,,,1.50,,,,,,,,,,,,,,,,,,,,,,3.00,,,,,,,3.50,2.50,,,,,,,,,,3.00,,,,,3.50,,,3.50,,,,,,,1.00,,3.50,,,
Flight of Simcoe,MadTree Brewing Co.,IPA,American IPA,Ohio,6/4/2013,June,2013,Jake W.,1,Jake W.,2.56,,,,,,,,,,,,,,,,,,2.50,,,,,,,,,,,,3.50,,,,,,,,,2.50,,,,,,,,,,,,,,3.00,,,,,,,,,,,,,,,,,,,,,,,,,,,,,,,,,,,,,,,,,,0.00,5.00,,,,,,,,,,,,,,,3.00,,,,,,,,,,1.00,,,,,
Oktoberfestbier,Weihenstephaner,Oktoberfest,Festbier,Germany,9/9/2013,September,2013,Dave E.,5,Dave E.,2.56,,,,,,,,,,,,,,,,,,2.50,,,,,,,,,,,,,,,,3.00,,,,,2.50,,,3.00,,,,,,,,,,,2.00,,,,,,,,,,,,,,,,,,,,,,,,,,,,,,1.50,,,,,,,,,,,,,3.00,,,,,,,,,,,,,,,3.00,,,,,,,,,,,,,,,
American Amber Ale,Rogue Ales,Amber,American Amber,Oregon,7/30/2014,July,2014,Dave E. and Jake W.,15,Jake W.,2.56,,,,2.00,,,,,,,,,,,,,,,,,,,,2.50,,,,,,2.00,,2.50,,2.50,,,,,,,,,,,2.50,,2.50,,,,,,2.50,,,,,,,,,,,,,,,,,,,,,,,,,,,,2.00,,3.00,,,,,,,,,,,,2.00,,,,,,,,,,,3.00,,,,,2.00,,,,,,,,,,3.00,,3.00,4.00,,
Penguin Blonde Stout,Rhinegeist Brewing Co. / Three Weavers Brewing Co.,Stout,Blonde Stout,Ohio,11/21/2018,November,2018,Lee M.,67,Lee M.,2.56,,,,,,,,,,,,,,,,1.00,,,,,,,,,,,,,,,,,,2.75,,,,,,,,,,,2.50,,2.00,,,,,,3.75,,3.00,2.00,,,2.50,,,,,,,,,,,,,,,,3.50,,2.25,,,,,2.75,,,,,,,,,,,,2.75,,,,,,,,,,,,,,,,,,,,,,,,,,,,,,,,
I Drink Your Milkshake! Blueberry Milkshake IPA,Streetside Brewery,IPA,Milkshake IPA,Ohio,1/30/2023,January,2023,Scott T.,115,Sara P.,2.56,,,,,,,,,,,,,,,,,,,,,,,,,,,,,,,1.75,,,3.00,,,,,,,,,3.25,,,,,,,,,,3.00,,,,,,,,,,,1.75,,,,,,,,,,,,,,,,,,,,2.75,,,,,,,,,,,,,,,,,,,,,,,,2.50,,,2.50,,,,,,,,,,,,,,,
Ayinger Bavarian Pils,Brauerei Aying,Pilsner,,Germany,7/31/2024,July,2024,Dave E.,133,Bill K.,2.56,,,,,,,,,,,,,,,3.00,,4.00,,,,,,1.75,,,,,,,,,,,2.25,,,,,,,,,,,,,1.75,,,,,,1.50,,,3.50,,,,,,,,2.50,,,,,,,,3.50,,,,,3.00,,,,,,,3.00,,,,,,,,,,,,,,1.00,,,,,,,,,,3.00,1.00,,3.00,,,,,,,,,,,,,,,3.25
Pastrami on Rye,Pipeworks Brewing Co.,Rye,,Illinois,11/27/2024,November,2024,Lee M.,137,Dave E.,2.56,,,,,,,,,,,,,,,,,,,,,,,,,,,,,,,,,,2.00,,,,,,,,,,,,,2.25,,,,,,2.75,,,,,,,,,,,,,,,,,,,,,,,,3.25,,,,,,,,,,,,,,,,,,,,,,,,,,,,,,,,,,,,,,,,,,,,,,,,,
Rare Vos Amber Ale,Brewery Ommegang,Amber,,New York,5/13/2015,May,2015,Scott T.,25,Eric A.,2.56,,,,,,,,,,,,,,,,,,3.50,,,,,,,,,,,,,,,,2.00,,,,,,,,,,,2.50,,2.50,,,,,,2.00,,,,,,,,,,,,,,,,,,,,,,,,,,,,,,,,,,,,,,,,,,2.00,3.00,,,,,,,,,,,,,,,3.00,,,,,,,,,,2.50,,,,,
Push Reel Pilsner,Christian Moerlein Brewing Co.,Pilsner,,Ohio,7/22/2015,July,2015,Trent D.,27,Sam E.,2.56,,,,,,,,,,,,,,,,,,,,,,,,,,,,,,,,,,1.50,,,,,,,,,,,2.50,,,,,,,,2.50,,,,,,,,,,,,,,,,,,,,,,,,,,,,,,,3.00,,,,3.50,,,,,,,2.00,,,,,,,,,,,3.00,,,,,2.00,,,,,,,,,,,,3.00,,,
Bon Bonerie Opera Cream Stout,Platform Beer Co.,Stout,Pastry Stout,Ohio,10/11/2019,October,2019,Charlie D.,78,Dave E.,2.56,,,,,,,,,,,,,,,,,,,,,,,3.00,,,3.25,,,,3.50,,,,2.00,,,,,,,,,,,2.00,,1.50,,,,,,3.00,,,,,,,,,,,,,,,,,,,,,,,,2.00,,,,,2.75,,,,,,,,,,,,,,,,,,,,,,,,,,,,,,,,,,,,,,,,,,,,
DayTime Session IPA,Lagunitas Brewing Co.,IPA,Session IPA,California,7/24/2025,July,2025,Dave E.,145,Sarah G.,2.56,,,,,,,,,,,,,,,3.50,,,,,,,,2.00,,,,,,,,,,,3.00,,3.00,,,,,,,2.50,,,,2.25,,,,,,3.25,,,,,,,,,,,,,,,,,,,,,,,,,,,,,,,,,,,,,,,,,,,,,,,,,,,2.50,,,,,1.00,,,,,,,,,,,,,,,,,
Orchid's Repose Cranberry Stout,Blank Slate Brewing Co.,Stout,American Stout,Ohio,7/27/2016,July,2016,Kevin W.,39,Dave E.,2.55,,,,,,,,,,,,,,,,,,4.00,,,,,,,,,,,,,,,,3.00,,,,,,,,,,,2.50,,1.50,,,,,,3.00,,,,,,,,,,,,,,,,,,,,,,2.00,,,,,,,,,,,,,,2.50,,,,,,2.50,2.00,,,,,,,,,,,,,,,,,,,,,,,,,,,2.50,,,
Thousand Weiss Imperial Hefeweizen,Christian Moerlein Brewing Co.,Wheat,Hefeweizen,Ohio,7/27/2016,July,2016,Kevin W.,39,Bobby T.,2.55,,,,,,,,,,,,,,,,,,3.50,,,,,,,,,,,,,,,,1.50,,,,,,,,,,,2.50,,2.00,,,,,,2.50,,,,,,,,,,,,,,,,,,,,,,2.50,,,,,,,,,,,,,,4.50,,,,,,2.50,1.00,,,,,,,,,,,,,,,,,,,,,,,,,,,3.00,,,
Twisted Bit Dortmunder Lager,Braxton Brewing Co.,Lager,Export Lager,Kentucky,7/27/2016,July,2016,Kevin W.,39,Paul W.,2.55,,,,,,,,,,,,,,,,,,4.00,,,,,,,,,,,,,,,,2.00,,,,,,,,,,,2.00,,2.00,,,,,,2.50,,,,,,,,,,,,,,,,,,,,,,3.00,,,,,,,,,,,,,,2.50,,,,,,2.50,2.50,,,,,,,,,,,,,,,,,,,,,,,,,,,2.50,,,
Floyds Deluxe Brand Lager,3 Floyds Brewing Co.,Lager,American Adjunct Lager,Indiana,1/9/2026,January,2026,Paul W.,151,Charlie D,2.55,,,,,,,,,,,,,,,2.25,,,2.25,,,,,3.75,,,,,,,,,,,2.25,,2.50,,,,,,,,,,,2.00,2.00,,,,,2.50,,,,,2.25,,,,,,,,,,,,,,,,,,,2.50,,,,,,,,,,,,,,,,,2.50,3.50,,,,,,2.50,,,1.50,,,,,,,2.75,,,,,,,,,,,,,,,3.75
Desde Imperial,Cerveceria Costa Rica,Lager,American Light Lager,Costa Rica,1/9/2026,January,2026,Paul W.,151,Zach M.,2.55,,,,,,,,,,,,,,,2.75,,,2.25,,,,,3.75,,,,,,,,,,,2.00,,2.50,,,,,,,,,,,2.50,3.00,,,,,2.75,,,,,2.50,,,,,,,,,,,,,,,,,,,2.50,,,,,,,,,,,,,,,,,3.00,1.75,,,,,,3.00,,,1.75,,,,,,,2.50,,,,,,,,,,,,,,,2.25
Brekle's Brown,Anchor Brewing Co.,Brown,,California,7/23/2013,July,2013,Bobby T.,3,Jake W.,2.55,,1.50,,,,,,,,,,,,,,,,3.00,,,,,,,,,,,,4.00,,,,,,,,,1.00,,,,,,,,2.50,,,,,,3.00,,,,,,,,,,,,,,,,,,,,,,,,,,,,,,,3.00,,,,,,,,,,,2.50,,,,,,,,,,,,,,,,2.00,,,1.50,,,,,,,4.00,,,,,
Press Tart Berliner Style Weisse Fruit Beer,Rhinegeist Brewing Co.,Sour,Berliner Weisse,Ohio,6/27/2018,June,2018,Scott T.,62,Joe J.,2.55,2.00,,,,,,,,,,,,,,,3.00,,,,,,,,,,,,,,,,,,2.00,,,,,,,,,,,2.00,,2.00,,,,,,2.75,,,2.75,,,1.50,,,,,4.00,,,,,,,,,,,3.00,,,,,,,,,,,,,,,,,,,,,,,,,,,,,,,,,,,,3.00,,,,,,,,,,,,,,,
Super Scoop'd Chocolate Peanut Butter Cup Imperial Milk Stout,Beer Tree Brew,Stout,Sweet/Milk Stout,New York,12/15/2023,December,2024,Paul W.,126,Matt T.,2.55,,,,,,,,,,,,,,,2.50,,1.75,,,,,,2.00,,,,,,,,,,,,,,,,,,,,,,,,,,,,,,3.00,,,,,,1.50,,,,,2.75,,,,,,,,,,,,2.50,,,,,,,,4.00,,,,,,,,,,,2.50,,,,,,,,,,,,,3.75,,,,,,,,,,,,,,,,,,1.75
Bourbon Barrel Stout,Bluegrass Brewing Co.,Stout,American Stout,Kentucky,2/20/2014,February,2014,Dave E.,10,Ian S.,2.54,,,,,,,,,,,,,,,,,,3.50,,,,,,,,,,,,,,,,2.50,,,,,,,,2.50,,,3.50,,3.00,,,,,2.00,1.50,,,,,,,,,,,,,,,,,,,,,,,,,,,,2.00,,2.00,,,,,,,,,,,,,,,,,,,,,,,3.50,,,,,1.00,,,,,,,,,,,,3.50,,,
Smooth Sail Summer Ale,Heavy Seas Beer,Wheat,American Pale Wheat,Maryland,10/26/2015,October,2015,Scott T.,30,Bobby T.,2.54,,,,,,,,,,,,,,,,,,3.50,,,,,,,,,,,,3.00,,,,1.50,,,,,,,,,,,,,3.00,,,,,,3.00,,,,,,,,,2.00,,,,,,,,,,,,,2.00,,,,1.50,,,,,3.50,,,,,,,,,,,2.00,,,,,,,,,,,,,,,,3.50,,,2.00,,,,,,,,,,,,
Arrogant Bastard Ale,Arrogant Bastard Brewing Co.,Strong,American Strong,California,12/11/2015,December,2016,Paul W.,32,Dave E.,2.54,,,,,,,,,,,,,,,,,,,,,,,,,,,,,,,,,,1.00,,,,,,,,,,,1.50,,3.00,,,,,,3.00,,,,,,,,,,,,,,,,,,,,,,,,3.00,,,,,,2.00,,,,,,,,,,,,2.50,,,,,,,,,,,3.50,,,,,3.00,,,,,,3.50,,,,,2.00,2.50,,,
Summertrip Passion Fruit Berliner Weisse,Braxton Brewing Co.,Sour,Berliner Weisse,Kentucky,5/24/2017,May,2017,Phil H.,49,Matt S.,2.54,,,,,,,,,,,,,,,,,,,,,,,,,,,,,,,,,,2.50,,,,,,,,,,,2.00,,2.00,,,,,,2.75,,,,,,,,,,,,,,,,,,,,,,,,,,,,,,2.00,,,,,,,,,,,,2.00,4.50,,,,,,,,,,,,,,,,,,,,,,,,,,,,,,
Caco-phony Mosaic Pale Ale,Campanology Brewing,Pale Ale,American Pale Ale,Wisconsin,7/6/2018,July,2018,Dave E.,63,Dave E.,2.54,1.00,,,,,,,,,,,,,,,,,,3.25,,,,,,,,,,,,,,,2.00,,,,,,,,,,,1.50,,2.75,,,,,,3.00,,3.00,2.50,,,,,,,,,,,,,,,,,,,2.50,,,,,,,,1.50,,,,,,,,,,,3.25,,,,,,,,,,,,3.00,,,,,2.50,,3.75,,,,,,,,,,,,,
Lemon Pound Cake American Blonde Ale,Listermann Brewing Co.,Blonde,American Blonde,Ohio,5/17/2019,May,2019,Jake W.,73,Paul K.,2.54,1.50,,,,,,,,,3.50,,,,,,,,,,,,,,,,,,,,,,,,2.50,,,,,,,,,,,,,,,,,3.50,,2.75,,,,,,3.25,,,,,,,,,,,,,,,,2.00,,2.00,,,,,,,,,,,,,,,,,3.50,2.00,3.00,,,,,,,,,,,,,,,2.00,,,,,,2.00,,,,,,,,2.00,
Blanc Belgian-Style Wheat Ale,Sonder Brewing,Wheat,Belgian Wheat,Ohio,6/17/2021,June,2021,Jason M.,96,Greg A.,2.53,,,,,,,,,,,,,,,3.00,,,,,,,,1.50,,,,,,,,,,,2.25,,,,,,,,,,,,,,,,,2.25,,2.75,,,2.00,,,,,,,,,,,,,,,,,,,,,,,,,,,,,,,,,,,,,,3.25,,,,,,,,,,,,,,,,,,,,,,,,,,,,,,,,3.25
Electric Lettuce West Coast India Pale Ale,Saucy Brew Works,IPA,American IPA,Ohio,4/29/2023,April,2023,Ben W.,118,Dave E.,2.53,,,,,,,,2.75,,,,,,,,2.50,,,,,,,,,,,,,,,,,,3.00,,,,,,,,,3.25,,,,,,,,,,3.00,,,,,,,,,,,,,,,,,,,,,,,,,,,,,,,,,2.75,,,,,,,2.00,,,,,,,,,,,,,,,,,,,,,,,,,,,,1.00,,,,,
Esther's Li'l Secret,Warped Wing Brewing Co.,Winter,,Ohio,12/8/2017,December,2018,Paul W.,56,Lee M.,2.53,,,,,,,,,,,,,,,,2.00,,3.50,,,,,,,,,,,,,,,,2.00,,,,3.00,,,,,,,3.00,,1.75,,,,,,2.00,,,,,,,,,,,,,,,,,,,,,,2.00,,2.75,,,,,,,,,2.75,,,,,,,,2.25,2.00,2.25,,,,2.75,,,,,,,,,,,3.00,,,,,2.75,2.25,,,,3.50,,,,,
Very Emergency Berliner Weisse,Nine Giant Brewing,Sour,Berliner Weisse,Ohio,6/21/2019,June,2019,Ben W.,74,Dave E.,2.53,,,,,,,,,,,,,,,,2.50,,,,,,,2.25,,,,,,,,,,,3.50,,,,,,3.50,,,2.00,,,,,,,,,,,,,,,,1.50,,,,,,,,,,,,1.00,,,,,,,,,,,,,,,,,,,,,,,2.75,,,,,,,,,,,,,,,,,,,,,,,,,,,3.75,,,,,
Tart 'n Juicy Sour IPA,Epic Brewing Co.,IPA,Sour IPA,Utah,5/24/2018,May,2018,Jason F.,61,Eric H.,2.53,3.25,,,,,,,,,,,,,,,,,,,,,,,,,,,,,,,,,2.50,,,,,,,,,,,,,3.00,,,,,,2.50,,3.00,2.00,,,2.50,,,,,,,,,,,,,,,,2.00,,2.75,,,,,,,,,,,,,,,,,,,,,,,,,,,,,,,,,,1.75,,,,,,,,,,,,,,,
Summer Camp Haze Hazy IPA,MadTree Brewing Co.,IPA,New England/Hazy IPA,Ohio,12/20/2024,December,2025,Paul W.,138,David A.,2.53,,,,,,,,,,,,,,,,,2.75,2.75,,,,,3.00,,,,,,,,,,,2.00,,1.50,,,,,,,,,1.50,,,,,,,,3.00,,,,,,,,,,,,,,,,,,,,,,,,,,,,,,,,2.00,,,,,,,,,,3.25,,,,,,,,,,,,,,,,3.50,,,,,,,,,,,,,,,
Lager of the Lakes Bohemian Pilsner,Bell's Brewery,Pilsner,,Michigan,2/29/2020,February,2020,Tony H.,82,Jake W.,2.52,,,2.25,,,,,,,,,,,,2.75,2.50,,,,,,3.50,,,,,,,,,,,,,,,,,,,,,,,,,2.25,,,,2.00,,1.00,,,2.75,,,2.75,,,,,,,,,,,,,,,,,,,,,,,,,,,,,,,,,,,4.00,,,,,,,,,,,,,,,,,,,,,,,,,,,2.50,,,,2.00,
Foggy Geezer Hazy India Pale Ale,WarPigs Brewing USA,IPA,New England/Hazy IPA,Indiana,5/22/2024,May,2024,Jake W. ,131,Jake W.,2.52,,,,,,,,,,,,,,,2.00,,2.50,,,,,,,,,,,,,,,,,,,,,,,,,,3.00,,,,3.00,,,,,,3.00,,,,,,2.75,,,,,,,,,,,,,,,,,,,,,,,,,2.50,,,,,,,,,,3.25,2.25,,,,,,,,,,,,,2.00,,,1.25,,,,,,,,,,,,,,,2.75
Oktoberfest,Listermann Brewing Co.,Oktoberfest,Marzen,Ohio,10/11/2014,October,2014,Phil H.,18,Sam E.,2.50,,,,,,,,,,,,,,,,,,2.50,,,,,,,,,,,,,,,,2.50,,,,,,,,,,,,,,,,,,,,,,,,,,,,,,,,,,,,,,,,,,,,,,,,,,,,,,0.50,,4.00,,,,,,3.50,,,,,,,,,,,,,,,2.50,,,,,2.50,,,,,,,2.00,,,
Rye of the Tiger IPA,Great Lakes Brewing Co.,IPA,Rye IPA,Ohio,5/13/2015,May,2015,Scott T.,25,Tony H.,2.50,,,,,,,,,,,,,,,,,,3.00,,,,,,,,,,,,,,,,1.50,,,,,,,,,,,1.50,,4.00,,,,,,3.50,,,,,,,,,,,,,,,,,,,,,,,,,,,,,,,,,,,,,,,,,,1.50,2.50,,,,,,,,,,,,,,,4.00,,,,,,,,,,1.00,,,,,
Golden Ale,Terrapin Beer Co.,Golden,,Georgia,11/19/2015,November,2015,Matt S.,31,Matt S.,2.50,,,,,,,,,,,,,,,,,,,,,,,,,,,,,,3.00,,,,1.50,,,,,,,,,,,2.50,,2.50,,,,,,2.00,,,,,,,,,,,,,,,,,,,,,,,,,,,,,,3.00,,,,,,,,,,,,,,,,,,,,,,,3.00,,,,,2.00,,,,,,,,,,,,3.00,,,
The Truth Imperial IPA,Flying Dog Brewery,IPA,Imperial IPA,Maryland,5/18/2016,May,2016,Scott T.,37,Jake W.,2.50,,,,,,,,,,,,,,,,,,2.00,,,,,,,,,,,,,,,,1.50,,,,,,,,,,,1.50,,4.50,,,,,,3.50,,,,,,,,,,,,,,,,,,,,,,,,,,,,,,2.50,3.00,,,,,,,,,,,1.50,,,,,,,,,,,2.00,,,,,3.00,,,,,,,,,,,,,,,
Bavarian Dunkel,Jacob Leinenkugel Brewing Co.,Dunkel,,Wisconsin,11/17/2016,November,2016,Trent D.,43,Sam E.,2.50,,,,,,,,,,,,,,,,,,,,,,,,,,,,,,,,,,,,,,,,,,,,,2.50,,1.50,,,,,,3.00,,,,,,,,,,,,,,,,,,,,,,,,2.50,,,,,,,,,,,,,,,,,,,,,,,,,,,,,3.50,,,,,2.00,,,,,,,,,,,,2.50,,,
Pure Hoppiness Imperial IPA,Alpine Beer Company,IPA,Imperial IPA,California,12/2/2016,December,2017,Paul W.,44,Eric H.,2.50,,,,,,,,,,,,,,,,2.00,,1.75,,,,,,,,,,,,,,,,1.75,,,,,,,,,,,1.50,,4.25,,,,,,3.50,,,,,,,,,,,,,,,,,,,,,,3.00,,1.50,,,,,,2.00,2.00,,,,,,,,,,,1.00,5.00,,,,,,,,,,2.25,,,,,3.75,,,,,,2.50,,,,,,2.25,,,
Haze Jude Hazy India Pale Ale,Platform Beer Co.,IPA,New England/Hazy IPA,Ohio,7/9/2021,July,2021,Dave E.,97,Drew B.,2.50,,,,,,,,,,,,,,,,1.50,,,,,,,1.75,,,,,,,,,,,1.50,,,,,,,,,3.00,,,,,,,,3.75,,2.75,,,2.50,,,,,,,,,,,,,,,,,,,,,,,,,,,,,,,,,,,,,,3.00,,,,,,,,,,,,,2.75,,,,,,,,,,,,,,,,,,,
JJJuiceee Project American Double IPA,Tree House Brewing Co.,IPA,Double IPA,Massachusetts,7/28/2022,July,2022,Dave E.,109,Paul K.,2.50,,,,,,,,,,,,,,,,1.00,,,,,,,,,,,,,,,,,,2.75,,,,,,,,,3.00,,1.75,,3.50,,,,,,3.00,,,,,,,,,,,0.50,,,,,,,,3.50,,,,,,,,,,,,2.50,,,,,,,,,,2.25,,,,,,,,,,,,,,,,,3.00,,,,,,,,,,,,,,,3.25
"Thanks, It Has Pockets Volume 5: Mixed Berry Pie Stout",Branch & Bone Artisan Ales,Stout,Pastry Stout,Ohio,8/29/2023,August,2023,Jeremy S.,122,Dave E.,2.50,,,,,,,,,,,,,,,2.50,,,,,,,,2.50,,,,,,,,,,,3.50,,,,,,,,,2.75,,,,,,,,,,1.50,,,,,,2.75,,,,,,,,,,,,2.75,,,,,,,,,,,,,4.00,,,,,,,,,,1.50,,,,,,,,,,,,,,2.25,,,,,,,,,,,,,,,,,,1.50
Afoot & Light Hearted Wild Farmhouse Ale,Fifty West Brewing Co.,Farmhouse,,Ohio,9/26/2025,September,2025,Charlie D.,147,Lauren D.,2.48,,,,,,,,,,,,,,,,,,2.25,,,,,4.25,,,,,,,,,,,2.50,,2.00,,,,,,,,,,,1.50,,,,,,2.00,,,,,,2.75,,,,,2.75,,,,,,,,,,,,4.50,,,,,,,,2.00,,,,,,,,,,2.75,,,,,0.50,,3.25,,,,,,,2.75,,,1.50,,,,,,,,,,,,,,,
La Moneuse,Brasserie de Blaugies,Saison,,Belgium,11/21/2018,November,2018,Lee M.,67,Jason M. / Kevin W.,2.48,,,,,,,,,,,,,,,,2.50,,,,,,,,,,,,,,,,,,2.25,,,,,,,,,,,2.00,,2.00,,,,,,1.00,,2.75,2.50,,,2.50,,,,,,,,,,,,,,,,4.00,,3.25,,,,,2.75,,,,,,,,,,,,2.25,,,,,,,,,,,,,,,,,,,,,,,,,,,,,,,,
Cheetah Lager,Rhinegeist Brewing Co.,Lager,American Adjunct Lager,Ohio,1/30/2020,January,2020,Scott T.,81,Tony H.,2.48,,,,,,,,,,,,,,,2.25,,,,,,,,,,,,,,,,,,,2.00,,,,,,,,,2.25,,,,2.25,,,,,,2.50,,,,,,3.00,,,,,,,,,,,,,,,,,,2.75,,,,,,,,,,,,,,,,,2.75,,,,,,,,,,,,,,,,,2.25,,,,,2.50,,,,,2.50,,,,2.75,
¡Sí Cerveza! Mexican Style Lager,Masthead Brewing Co.,Lager,Mexican Lager,Ohio,6/22/2022,June,2022,Jake W.,108,Forrest T.,2.48,,,,,,,,,,,,,,,2.50,,,,,2.00,,,,,,,,,,,,,,2.00,,,,,,,,,3.25,,,,2.00,2.00,2.50,,,,2.75,,,,,,2.75,,,,,,,,,,,,,,,,,,,,,,,,,,,,,,,,,,,3.00,,,,,,,,,,,,,,,,,,,,,,,,,,,,,,,,2.50
Bohemian Special Brew Golden Pilsner,Wiedemann Brewing Co.,Pilsner,,Ohio,4/30/2021,April,2021,Paul W. and Jake W.,94,Paul W.,2.48,,,,,,,,,,,,,,,2.75,,,,,,,,2.25,,,,,,,,,,,,,,,,,,,,3.00,,2.00,,2.00,,,,3.00,,2.00,,,,,,,,,,,,,,,,,,,,,,,,,,,,,,,,,,,,,,,,,2.75,3.00,,,,,,,,,,,,,,,,2.00,,,,,,,,,,,,,,,
Queen City IPA,West Side Brewing,IPA,American IPA,Ohio,5/26/2022,May,2022,Paul K.,107,Ben S.,2.47,,,,,,,,,,,,,,,3.00,,,,,,,,,,,,,,,,,,,2.00,,,,,,,,,2.50,,,,,,,,,,2.50,,,,,,2.00,,,,,,,,,,,,,,,,,,,,,,,,,,,,,,,,,,,2.75,,,,,,,,,,,2.50,,,,,,2.75,,,,,,,,,,,,,,,2.25
Pigeon Hill Salted Caramel Porter,Pigeon Hill Brewing Co.,Porter,American Porter,Michigan,9/26/2025,September,2025,Charlie D.,147,Sara P.,2.47,,,,,,,,,,,,,,,,,,1.75,,,,,2.25,,,,,,,,,,,2.00,,2.00,,,,,,,,,,,2.00,,,,,,1.75,,,,,,2.50,,,,,3.50,,,,,,,,,,,,2.00,,,,,,,,2.75,,,,,,,,,,2.00,,,,,3.00,,2.50,,,,,,,3.00,,,4.00,,,,,,,,,,,,,,,
400-Pound Monkey IPA,Left Hand Brewing Co.,IPA,English IPA,Colorado,5/13/2014,May,2014,Colin J.,13,Jake W.,2.46,,,,,,,,,,,,,,,,,,2.50,,,,,,,,,,,,2.00,,,,2.50,,,,,,,,2.00,,,,,2.50,,,,,,2.50,,,,,,,,,,,,,,,,,,,,,,,,,,2.50,,,,3.50,,,,,,,,,,2.50,,,,,,,,,,,,,3.00,,,,,2.50,,,2.00,,,,,,,2.00,,2.50,,,
Belhaven Scottish Ale,Belhaven Brewery Co.,Scottish,,UK,11/21/2023,November,2023,Scott T.,125,Bill K.,2.46,,,,,,,,,,,,2.75,,,3.00,,3.50,1.50,,,,,1.00,,,,,,,,,,,3.25,,,,,,,,,,,,,,,,,,,2.00,,,,,,2.50,,,,,2.50,,,,,,,,,,,,,,,,,,,,3.00,,,,,,,,,,3.25,,,,,,,,,,,,,,2.50,,,1.25,,,,,,,,,,,,,,,
Samuel Adams Winter Lager,Boston Beer Co.,Bock,Bock,Massachusetts,12/11/2015,December,2016,Paul W.,32,Paul W.,2.46,,,,,,,,,,,,,,,,,,,,,,,,,,,,,,,,,,2.00,,,,,,,,,,,2.50,,3.00,,,,,,2.50,,,,,,,,,,,,,,,,,,,,,,,,2.50,,,,,,2.00,,,,,,,,,,,,2.50,,,,,,,,,,,2.00,,,,,2.00,,,,,,2.50,,,,,2.50,3.50,,,
DreamWeaver Wheat,Troegs Brewing Co.,Wheat,Hefeweizen,Pennsylvania,2/29/2020,February,2020,Tony H.,82,Adam W.,2.46,,,3.00,,,,,,,,,,,,2.75,2.00,,,,,,0.50,,,,,,,,,,,,,,,,,,,,,,,,,2.25,,,,2.50,,3.00,,,2.00,,,2.00,,,,,,,,,,,,,,,,,,,,,,,,,,,,,,,,,,,4.00,,,,,,,,,,,,,,,,,,,,,,,,,,,2.50,,,,3.00,
Ricky American Golden Ale,Jackie O's Brewery,Golden,American Golden,Ohio,7/3/2020,July,2020,Dave E.,85,DJ W.,2.46,,,2.00,,,,,,,,,,,,,,,,,,,,2.25,,,,,,,,,,,2.75,,,,,,,2.75,,,,2.00,,2.50,,,,,,2.50,,,3.00,,,2.00,,,,,,,,,,,,,,,,2.50,,,,,,,,,,,,,,,,,,,2.75,,,,,,,,,,,,,,,,,,,,,,,,,,,,,,,2.50,
Capy Snacks Fruit Punch ,Urban Artifact,Fruit and Field,,Ohio,2/25/2025,February,2025,Silverton/Pleasant Ridge,140,Ben W.,2.46,,,,,,,,,,,,,,,1.00,4.00,0.25,,,,,,,,,,,,,,,,,3.00,,3.00,,,,,,,,,,,2.00,2.00,,,,,3.00,,,,,,,,,,,,,,,,,,,,,,,,,,,,,,,3.75,,,,,,,,,,2.50,,,,,,,,,,,,,,3.50,,,,,,,,,,,,,,,,,,1.50
Fuel Up Coffee Blonde,Fifty West Brewing Co.,Blonde,Coffee Blonde,Ohio,6/22/2022,June,2022,Jake W.,108,Drew B.,2.45,,,,,,,,,,,,,,,2.50,,,,,3.50,,,,,,,,,,,,,,1.50,,,,,,,,,3.00,,,,2.50,2.00,2.00,,,,3.75,,,,,,2.25,,,,,,,,,,,,,,,,,,,,,,,,,,,,,,,,,,,3.00,,,,,,,,,,,,,,,,,,,,,,,,,,,,,,,,1.00
Lean West Double IPA,Masthead Brewing Co.,IPA,Double IPA,Ohio,1/9/2026,January,2026,Paul W.,151,Paul W.,2.45,,,,,,,,,,,,,,,3.00,,,2.75,,,,,2.00,,,,,,,,,,,2.00,,2.25,,,,,,,,,,,2.75,2.50,,,,,3.00,,,,,2.50,,,,,,,,,,,,,,,,,,,2.25,,,,,,,,,,,,,,,,,2.25,2.25,,,,,,2.75,,,2.75,,,,,,,2.00,,,,,,,,,,,,,,,2.25
Witbier,Rockmill Brewery,Wheat,Witbier,Ohio,8/12/2013,August,2013,Scott T.,4,Phil H.,2.45,,4.00,,,,,,,,,,,,,,,,2.50,,,,,,,,,,,,,,,,1.00,,,,,2.50,,,,,,,,,,,,,,2.00,,,,,,,,,,,2.00,,,,,,,,,,,,,,,,,,,,2.00,,,,,,,,,,,1.00,4.00,,,,,,,,,,,,,,,3.50,,,,,,,,,,,,,,,
Oak Aged Beer,Innis & Gunn,Scottish,,UK,5/18/2016,May,2016,Scott T.,37,Eric A.,2.45,,,,,,,,,,,,,,,,,,2.50,,,,,,,,,,,,,,,,2.50,,,,,,,,,,,3.50,,1.50,,,,,,2.50,,,,,,,,,,,,,,,,,,,,,,,,,,,,,,1.50,3.50,,,,,,,,,,,2.50,,,,,,,,,,,2.50,,,,,2.00,,,,,,,,,,,,,,,
Baguette Biere de Garde,Rhinegeist Brewing Co.,Biere de Garde,,Ohio,7/27/2016,July,2016,Kevin W.,39,Mike V.,2.45,,,,,,,,,,,,,,,,,,3.00,,,,,,,,,,,,,,,,1.50,,,,,,,,,,,2.00,,3.00,,,,,,3.00,,,,,,,,,,,,,,,,,,,,,,2.50,,,,,,,,,,,,,,3.50,,,,,,2.00,2.00,,,,,,,,,,,,,,,,,,,,,,,,,,,2.00,,,
2018 Bourbon County Brand Stout,Goose Island Beer Co.,Stout,American Imperial Stout,Illinois,9/26/2025,September,2025,Charlie D.,147,Eric H.,2.45,,,,,,,,,,,,,,,,,,2.00,,,,,2.75,,,,,,,,,,,1.50,,1.00,,,,,,,,,,,3.00,,,,,,2.75,,,,,,3.00,,,,,3.00,,,,,,,,,,,,2.50,,,,,,,,3.75,,,,,,,,,,2.75,,,,,0.75,,3.50,,,,,,,2.00,,,2.50,,,,,,,,,,,,,,,
Session IPA Home Brew,Thirsty Dog Brewing Co.,IPA,Session IPA,Ohio,4/17/2015,April,2015,Phil H.,24,Jake W.,2.44,,,,,,,,,,,,,,,,,,2.50,,,,,,,,,,,,,,,,2.50,,,,,2.00,,,,,,,,3.50,,,,,,2.50,,,,,,,,,,,,,,,,,,,,,,,,,,,,,,,2.00,,,,,,,,,,,2.00,2.50,,,,,,,,,,,,,,,2.50,,,,,,,,,,,,,,,
Iron Maiden Trooper,Robinsons Family Brewers,ESB,,UK,11/19/2015,November,2015,Matt S.,31,Eric H.,2.44,,,,,,,,,,,,,,,,,,,,,,,,,,,,,,2.50,,,,1.50,,,,,,,,,,,2.00,,2.50,,,,,,2.00,,,,,,,,,,,,,,,,,,,,,,,,,,,,,,3.50,,,,,,,,,,,,,,,,,,,,,,,3.00,,,,,2.50,,,,,,,,,,,,2.50,,,
Allagash White Belgian-Style Wheat Beer,Allagash Brewing Co.,Wheat,Witbier,Maine,7/24/2025,July,2025,Dave E.,145,Drew B.,2.44,,,,,,,,,,,,,,,3.50,,,,,,,,2.25,,,,,,,,,,,3.00,,2.75,,,,,,,3.00,,,,2.00,,,,,,2.50,,,,,,,,,,,,,,,,,,,,,,,,,,,,,,,,,,,,,,,,,,,,,,,,,,,2.00,,,,,1.00,,,,,,,,,,,,,,,,,
Galleon Tropical Stout ,HighGrain Brewing Co.,Stout,Export Stout,Ohio,11/21/2023,November,2023,Scott T.,125,Ben S.,2.44,,,,,,,,,,,,2.00,,,3.50,,3.25,2.75,,,,,1.00,,,,,,,,,,,3.00,,,,,,,,,,,,,,,,,,,1.50,,,,,,2.00,,,,,1.75,,,,,,,,,,,,,,,,,,,,3.50,,,,,,,,,,2.50,,,,,,,,,,,,,,3.25,,,1.75,,,,,,,,,,,,,,,
Insanity,Weyerbacher Brewing Co.,Barleywine,English,Pennsylvania,2/25/2016,February,2016,Dave E.,34,Eric A.,2.44,,,,,,,,,,,,,,,,2.00,,,,,,,,,,,,,,,,,,3.50,,,,,,,,,,,4.00,,1.00,,,,,,1.50,,,,,,,,,,,,,,,,,,,,,,,,,,,,,,,,,,,,,,,,,,1.50,3.50,,,,,,,,,,,,,,,2.50,,,,,,,,,,,,,,,
Team Fiona New England IPA,Listermann Brewing Co.,IPA,New England/Hazy IPA,Ohio,9/26/2025,September,2025,Charlie D.,147,Jake W.,2.43,,,,,,,,,,,,,,,,,,2.75,,,,,2.25,,,,,,,,,,,1.25,,3.00,,,,,,,,,,,3.00,,,,,,3.25,,,,,,3.00,,,,,2.25,,,,,,,,,,,,2.25,,,,,,,,1.75,,,,,,,,,,2.50,,,,,3.25,,1.50,,,,,,,2.50,,,2.00,,,,,,,,,,,,,,,
GT Gose,Anderson Valley Brewing Co.,Sour,Gose,California,5/24/2018,May,2018,Jason F.,61,Jake W.,2.43,2.75,,,,,,,,,,,,,,,,,,3.50,,,,,,,,,,,,,,,2.00,,,,,,,,,,,,,2.50,,,,,,1.50,,2.50,1.50,,,2.75,,,,,,,,,,,,,,,,2.50,,2.25,,,,,,,,,,,,,,,,,,,,,,,,,,,,,,,,,,3.00,,,,,,,,,,,,,,,
Wedge Lime Lager,Listermann Brewing Co.,Lager,American Light Lager,Ohio,7/5/2019,July,2019,Dave E.,75,Dave E.,2.43,2.00,,,,,,,,,,,,,,,3.00,,,,,,,1.00,,,,,,,,,,,2.50,,,,,,,,,1.00,,,,,,,,,,1.75,,,3.25,,,3.00,,,,,,,,,,,,,,,,,,,,,,,,,,,,,,,,,,,3.50,,,,,,,,,,,,,,,,,,,,3.00,,,,,,,,,,,,2.75
Wobble IPA,Two Brothers Brewing Co.,IPA,American IPA,Illinois,3/26/2015,March,2015,Joel B.,23,Dave E.,2.43,,,,,,,,,,,,,,,,,,,,,3.00,,,,,,,,,,,,,1.00,,,,,,,,,,,,,4.00,,,,,,3.00,,,,,,,,,,,,,1.50,,,,,,,,,,,,,,,,,,,,,,,,,,,,,1.50,,,,,,,,,,,,,,,,,,,,,,3.00,,,,,,,,,
Chocolate Cherry Bomb,Ellicottville Brewing Co.,Stout,American Imperial Stout,New York,12/20/2024,December,2025,Paul W.,138,Charlie D.,2.43,,,,,,,,,,,,,,,,,1.00,3.50,,,,,2.00,,,,,,,,,,,3.00,,0.25,,,,,,,,,3.50,,,,,,,,2.75,,,,,,,,,,,,,,,,,,,,,,,,,,,,,,,,2.00,,,,,,,,,,2.25,,,,,,,,,,,,,,,,4.00,,,,,,,,,,,,,,,
Black Label,Pabst Brewing Co.,Lager,American Light Lager,California,12/2/2016,December,2017,Paul W.,44,Paul W.,2.42,,,,,,,,,,,,,,,,3.50,,2.00,,,,,,,,,,,,,,,,2.25,,,,,,,,,,,2.25,,2.00,,,,,,2.25,,,,,,,,,,,,,,,,,,,,,,1.50,,2.00,,1.75,,,,2.75,,,,,,,,,,,,3.00,4.25,,,,,,,,,,2.75,,,,,2.00,,,,,,2.75,,,,,,1.75,,,
Bodhi Double India Pale Ale,Columbus Brewing Co.,IPA,Double IPA,Ohio,1/9/2026,January,2026,Paul W.,151,Erik W.,2.42,,,,,,,,,,,,,,,3.00,,,2.50,,,,,2.00,,,,,,,,,,,2.00,,2.00,,,,,,,,,,,2.25,2.50,,,,,3.00,,,,,2.25,,,,,,,,,,,,,,,,,,,2.00,,,,,,,,,,,,,,,,,2.00,3.25,,,,,,2.75,,,2.50,,,,,,,2.75,,,,,,,,,,,,,,,2.00
Dank Demon Imperial Dank IPA,Great Lakes Brewing Co.,IPA,Imperial IPA,Ohio,12/9/2022,December,2023,Paul W.,114,Scott T.,2.42,,,,,,,,,,,,,,,,,,2.25,,,,,2.00,,,,,,,,,,,2.50,,,,,,,,,2.50,,,,,,,,,,3.25,,,2.75,,,3.50,,,,,2.25,,,,,,,,,,,,,,,,,,,,1.75,,,,,,,,,,2.00,2.00,,,,,,,,,,,,,2.25,,,3.00,,,,2.00,,,,,,,,,,,2.25
Sour Monkey Sour Tripel,Victory Brewing Co.,Tripel,Belgian Tripel,Pennsylvania,4/19/2024,April,2024,Joe J.,130,Dave E.,2.42,,,,,,,,,,,,,,,2.75,,1.00,,,,,,,,,,,,,,2.25,,,3.00,,,,,,,,,,,,,,,,,,,,,,,,,,,,,,3.25,,,,,,,,,,,,,,,,,,,,,,,,,,,,,,2.25,,,,,,,,,,,,,,,,,,,,,,,,,,,,,,,,
Krombacher Dark,Krombacher Brauerei,Schwarzbier,,Germany,9/28/2018,September,2018,Aaron T. and Jeremy S.,65,Jason F.,2.41,2.00,,,,,,,,,,,,,,,,,,,,,,,,,,,,,,,,,2.00,,,,,,,,,,,1.50,,,,,,,,2.25,,4.00,2.50,,,3.00,,,,,,,,,,,,3.00,,,,2.00,,1.25,,,,,,,,,,,,,,,,,,,,,,,,,,,,,,,,,,,,3.00,,,,,,,,,,,,,
Peel Out Banana Cream Pie Hefeweizen,Fifty West Brewing Co.,Wheat,Hefeweizen,Ohio,6/17/2021,June,2021,Jason M.,96,Paul K.,2.41,,,,,,,,,,,,,,,3.00,,,,,,,,1.50,,,,,,,,,,,2.00,,,,,,,,,,,,,,,,,2.25,,2.50,,,2.00,,,,,,,,,,,,,,,,,,,,,,,,,,,,,,,,,,,,,,3.25,,,,,,,,,,,,,,,,,,,,,,,,,,,,,,,,2.75
Hofbrau Original,Hofbrauhaus Munchen,Lager,Helles Lager,Germany,1/9/2026,January,2026,Paul W.,151,Scott T.,2.41,,,,,,,,,,,,,,,3.50,,,2.00,,,,,2.00,,,,,,,,,,,2.00,,2.50,,,,,,,,,,,2.00,2.00,,,,,2.00,,,,,2.25,,,,,,,,,,,,,,,,,,,2.50,,,,,,,,,,,,,,,,,3.00,2.75,,,,,,2.00,,,2.00,,,,,,,2.75,,,,,,,,,,,,,,,3.25
Narragansett Lager,Narragansett Brewing Co.,Lager,American Adjunct Lager,Rhode Island,12/20/2024,December,2025,Paul W.,138,Jake W.,2.40,,,,,,,,,,,,,,,,,3.00,2.00,,,,,2.00,,,,,,,,,,,2.00,,3.00,,,,,,,,,2.00,,,,,,,,2.50,,,,,,,,,,,,,,,,,,,,,,,,,,,,,,,,2.50,,,,,,,,,,2.75,,,,,,,,,,,,,,,,2.25,,,,,,,,,,,,,,,
Double Knotted Imperial German Pretzel Ale,Third Eye Brewing Co.,Rye,,Ohio,6/27/2025,June,2025,Sara P.,144,Paul K.,2.40,,,,,,,,,,,,,,,3.25,,,1.75,,,,,1.50,,,,,,,,,,,2.25,,,,,,,,,,,,,,,,,,,2.00,,,,,,,,,,,,,,,,,,,,,,,3.00,,,,,,,,4.00,,,,,,,,,,2.75,,,,,,,0.50,,,,,,,2.25,3.00,,,,,,,,,,,,,,,,,2.50
Robe Red Velvet Donut Stout,Streetside Brewery,Stout,American Imperial Stout,Ohio,12/6/2019,December,2020,Paul W.,80,Jeremy S.,2.39,1.00,,,,,,,,,,,,,,,0.50,,3.50,,,,,2.75,,,3.00,,,,,,,,2.50,,,,,,,,,,,3.25,,2.25,,,,1.50,,2.50,,,2.00,,,3.50,,,,,,,,,,,,2.75,,,,,,3.25,,,,,,,,,,,,,,,,,3.00,2.00,,,,,,,,,,,,,,,,2.75,,,,,,2.00,,,,,,,,1.50,
Winter Warmer Ale,Elevator Brewing Co.,Winter,,Ohio,12/13/2013,December,2013,Paul W.,8,David J.,2.39,,,,,,,,,,,,,,,,,,2.00,,,,,,,,,,,,,,,,1.50,,,5.00,,1.00,,,,,,,,,,,,,,3.00,,,,,,,,,,,,,1.50,,,,,,,,,,,,,,,,,,,,,,2.50,,,,,,,3.50,2.50,,,,,,,,,,2.50,,,,,2.50,,,2.50,,,,,,,0.00,,3.50,,,
Double Fractal Circular Invasion Double India Pale Ale,Equilibrium Brewery,IPA,Double IPA,New York,7/31/2024,July,2024,Dave E.,133,Ben S.,2.39,,,,,,,,,,,,,,,2.75,,3.00,,,,,,2.00,,,,,,,,,,,2.00,,,,,,,,,,,,,3.50,,,,,,4.00,,,3.00,,,,,,,,1.50,,,,,,,,2.50,,,,,3.50,,,,,,,2.50,,,,,,,,,,,,,,0.50,,,,,,,,,,1.50,2.00,,1.50,,,,,,,,,,,,,,,2.50
Coast to Coast India Pale Ale,Fifty West Brewing Co.,IPA,American IPA,Ohio,8/31/2020,August,2020,Jeremy S.,86,Jake W.,2.39,3.50,,,,,,,,,,,,,,,,,,,,,,1.00,,,,,,,,,,,1.25,,,,,,,,,,,2.00,,,,,,3.00,,3.00,,,2.50,,,1.75,,,,,,,,,,,,,,,,,,,,,,,,,,,,,,,,,,,3.50,,,,,,,,,,,,,,,,,,,,,,,,,,,,,,,,
Be a Lot Cooler If You Did Imperial Cherry Pie Berliner Weisse,Streetside Brewery,Sour,Berliner Weisse,Ohio,11/23/2022,November,2022,Matt T.,113,Dave E.,2.39,,,,,,,,,,,,,,,,1.50,,2.25,,,,,,,,,,,,,,,,2.50,,,,,,,,,1.50,,,,,,,,,,2.50,,,,,,,,,,,3.00,,,,,,,,,,,,,,,,,,,,2.75,,,,,,,,,,,,,3.50,,,,,,,,,,,3.75,,,1.75,,,,,,,,,,,,,,,1.25
Kronenbourg,Brasseries Kronenbourg,Lager,European Pale Lager,France,6/24/2014,June,2014,Scott T.,14,Eric H.,2.38,,,,,,,,,,,,,,,,,,3.00,,,,,,,,,,,,2.00,,,,1.50,,,,,3.00,,,,,,,,3.00,,,,,,2.00,,,,,,,,,,2.50,2.00,2.00,,,,,,,,,,,,,,,,,,,,,,,,,,,,,,,3.50,,,,,,,,,,2.00,,,,,2.50,,,,,,,,,,,,2.00,,,
Cynic Ale,Surly Brewing Co.,Saison,,Minnesota,7/30/2014,July,2014,Dave E. and Jake W.,15,Colin J.,2.38,,,,2.50,5.00,,,,,,,,,,,,,,,,,,,2.50,,,,,,4.50,,3.50,,2.50,,,,,,,,,,,2.50,,1.00,,,,,,1.50,,,,,,,,,,,,,,,,,,,,,,,,,,,,0.00,,3.00,,,,,,,,,,,,0.50,,,,,,,,,,,1.50,,,,,3.50,,,,,,,,,,3.00,,2.50,1.00,,
7th Inning Stretch,Taft's Brewing Co.,Pale Ale,American Pale Ale,Ohio,7/22/2015,July,2015,Trent D.,27,Mike M.,2.38,,,,,,,,,,,,,,,,,,,,,,,,,,,,,,,,,,2.50,,,,,,,,,,,2.00,,,,,,,,3.50,,,,,,,,,,,,,,,,,,,,,,,,,,,,,,,,,,,2.50,,,,,,,2.50,,,,,,,,,,,2.00,,,,,2.00,,,,,,,,,,,,2.00,,,
Mello Hello Brut Style IPA,Platform Beer Co.,IPA,Brut IPA,Ohio,3/22/2019,March,2019,Jason M.,71,Dave E.,2.38,3.50,,,,,,,,,2.00,,,,,,,,,,,,,,,,,,,,,,,,2.75,,,,,,,,,,,2.00,,,,,,,,3.50,,,3.25,,,2.00,,,,,,,,,,,,2.00,,,,2.50,,1.00,,,,,,,,,,,,,,,,,2.25,,,,,,,,,,,,,,,,,,,,,,,,,,,,,,,,1.75
Dukes of Ripstick Super Party Pale Ale,Hoof Hearted Brewing,Pale Ale,American Pale Ale,Ohio,4/29/2023,April,2023,Ben W.,118,Tony H.,2.38,,,,,,,,2.75,,,,,,,,1.00,,,,,,,,,,,,,,,,,,2.25,,,,,,,,,3.00,,,,,,,,,,4.00,,,,,,,,,,,,,,,,,,,,,,,,,,,,,,,,,3.00,,,,,,,2.00,,,,,,,,,,,,,,,,,,,,,,,,,,,,1.00,,,,,
Jalapeño Pale Ale,Birdsong Brewing,Chili,,North Carolina,12/15/2023,December,2024,Paul W.,126,Bill K.,2.36,,,,,,,,,,,,,,,2.75,,3.00,,,,,,2.75,,,,,,,,,,,,,,,,,,,,,,,,,,,,,,2.50,,,,,,2.25,,,,,2.25,,,,,,,,,,,,1.00,,,,,,,,3.00,,,,,,,,,,,2.75,,,,,,,,,,,,,2.50,,,,,,,,,,,,,,,,,,1.25
Samuel Adams Merry Maker Gingerbread Stout,Boston Beer Co.,Stout,Sweet/Milk Stout,Massachusetts,12/13/2013,December,2013,Paul W.,8,Mike M.,2.36,,,,,,,,,,,,,,,,,,1.00,,,,,,,,,,,,,,,,1.00,,,,,1.00,,,,,,,,3.50,,,,,,3.00,,,,,,,,,,,,,2.00,,,,,,,,,,,,,,,,,,,,,,5.00,,,,,,,2.00,4.00,,,,,,,,,,3.00,,,,,4.00,,,0.50,,,,,,,0.50,,2.50,,,
Kentucky Rye Barrel IPA,Alltech's Lexington Brewing Co.,IPA,Rye IPA,Kentucky,3/26/2015,March,2015,Joel B.,23,Eric H.,2.36,,,,,,,,,,,,,,,,,,,,,3.00,,,,,,,,,,,,,2.00,,,,,,,,,,,,,3.00,,,,,,1.00,,,,,,,,,,,,,3.00,,,,,,,,,,,,,,,,,,,,,,,,,,,,,2.00,,,,,,,,,,,,,,,,,,,,,,2.50,,,,,,,,,
Sum'r Summer Ale,Uinta Brewing Co.,Blonde,American Blonde,Utah,3/26/2015,March,2015,Joel B.,23,Brian Li.,2.36,,,,,,,,,,,,,,,,,,,,,2.00,,,,,,,,,,,,,2.00,,,,,,,,,,,,,3.00,,,,,,2.50,,,,,,,,,,,,,3.00,,,,,,,,,,,,,,,,,,,,,,,,,,,,,2.00,,,,,,,,,,,,,,,,,,,,,,2.00,,,,,,,,,
High Life Lite,Miller Brewing Co.,Lager,American Light Lager,Colorado,11/21/2014,November,2014,Denis M.,19,Phil H.,2.35,,,,,,,,,,,,,,,,,,,,,,,,,,,,,,4.50,,,,2.00,,,,,1.50,,,,,,,,1.50,,,,,2.00,1.00,,,,,,,,,,,,,,,,,,,,,,,,,,2.00,,,,,,,,,,,,,,,,,4.00,,,,,,,,,,,,,,,1.50,,,,,,,,,,3.50,,,,,
Pho King Christmas Ale,HighGrain Brewing Co.,Christmas,,Ohio,12/10/2021,December,2022,Paul W.,102,Paul K.,2.35,,,,,,,,,,,,,,,2.75,,,2.50,,,,,1.50,,,,,,,,,,,,,,,,,,,,2.50,,,,,,,,,,2.75,,,,,,1.50,,,,,,,,,,,,,,,,,,,,,,,,,,,,,,,,,,,2.75,2.25,,,,,,,,,,,,,,,,2.00,,,,,,3.00,,,,,,,,,
Artic Saison,Grassroots Brewing,Saison,,Vermont,4/17/2015,April,2015,Phil H.,24,Phil H.,2.33,,,,,,,,,,,,,,,,,,1.50,,,,,,,,,,,,,,,,1.00,,,,,2.50,,,,,,,,2.00,,,,,,2.50,,,,,,,,,,,,,,,,,,,,,,,,,,,,,,,1.00,,,,,,,,,,,1.50,5.00,,,,,,,,,,,,,,,4.00,,,,,,,,,,,,,,,
Dreamsicle,MadTree Brewing Co.,Kolsch,,Ohio,7/22/2015,July,2015,Trent D.,27,Matt T.,2.33,,,,,,,,,,,,,,,,,,,,,,,,,,,,,,,,,,2.00,,,,,,,,,,,3.00,,,,,,,,3.00,,,,,,,,,,,,,,,,,,,,,,,,,,,,,,,3.00,,,,1.00,,,,,,,2.50,,,,,,,,,,,2.00,,,,,3.00,,,,,,,,,,,,1.50,,,
Samuel Adams Rebel IPA,Boston Beer Co.,IPA,American IPA,Massachusetts,11/19/2015,November,2015,Matt S.,31,Jake W.,2.33,,,,,,,,,,,,,,,,,,,,,,,,,,,,,,3.50,,,,1.00,,,,,,,,,,,2.50,,2.50,,,,,,2.50,,,,,,,,,,,,,,,,,,,,,,,,,,,,,,3.00,,,,,,,,,,,,,,,,,,,,,,,1.50,,,,,3.00,,,,,,,,,,,,1.50,,,
Maple Porter,ESB,Porter,English Porter,Canada,4/22/2016,April,2016,Tony H.,36,Dave E.,2.33,,,,,,,,,,,,,,,,0.50,,3.50,,,,,,,,,,,,,,,,2.00,,,,,,,,,,,3.00,,3.00,,,,,,,,,,,,,,,,,,,,,,,,,,,,,,,,,,,,,,,,,,,,,,1.50,,,3.50,,,,,,,,,,,,,,,3.00,,,,,,,,,,1.00,,,,,
Plum Street Wheat,Christian Moerlein Brewing Co.,Wheat,American Pale Wheat,Ohio,4/22/2016,April,2016,Tony H.,36,Tony H.,2.33,,,,,,,,,,,,,,,,2.50,,2.00,,,,,,,,,,,,,,,,1.00,,,,,,,,,,,2.50,,2.50,,,,,,,,,,,,,,,,,,,,,,,,,,,,,,,,,,,,,,,,,,,,,,1.00,,,4.50,,,,,,,,,,,,,,,2.50,,,,,,,,,,2.50,,,,,
Golden Monkey Belgian-Style Tripel Ale,Victory Brewing Co.,Tripel,Belgian Tripel,Pennsylvania,7/9/2021,July,2021,Dave E.,97,Ben W.,2.33,,,,,,,,,,,,,,,,2.50,,,,,,,2.50,,,,,,,,,,,1.75,,,,,,,,,2.50,,,,,,,,2.75,,2.50,,,1.50,,,,,,,,,,,,,,,,,,,,,,,,,,,,,,,,,,,,,,2.00,,,,,,,,,,,,,3.00,,,,,,,,,,,,,,,,,,,
Cincinnati Fan Zone India Pale Ale,Ellicottville Brewing Co.,IPA,American IPA,New York,3/30/2025,March,2025,Zach M.,141,Jake W.,2.33,,,,,,,,,,,,,,,2.00,,,,,,,,,,,,,,,,,,,1.75,,,,,,,,,,,,,2.50,,,,,,2.00,,,,,,,,,,,,,,,,,,,,,,,,,,,,,,,,,,,,,,,,,3.00,,,,,,,,,,,,,,,,,,,,,,,,,,,,,,,,2.75
LaRosa's Lager,Braxton Brewing Co.,Lager,American Lager,Kentucky,7/31/2024,July,2024,Dave E.,133,Joe J.,2.33,,,,,,,,,,,,,,,2.25,,2.75,,,,,,2.00,,,,,,,,,,,2.00,,,,,,,,,,,,,2.00,,,,,,2.50,,,2.50,,,,,,,,3.00,,,,,,,,2.00,,,,,2.50,,,,,,,3.50,,,,,,,,,,,,,,1.50,,,,,,,,,,2.25,2.00,,2.25,,,,,,,,,,,,,,,2.25
Max Rebo's Galactic Sour,J. Wakefield Brewing,Sour,Fruited Sour,Florida,5/9/2023,May,2023,Jake W.,119,Dave E.,2.33,,,,,,,,,,,,,,,3.00,,,,,,,,,,,,,,,,,,,3.00,,,,,,,,,0.50,,,,,4.00,,,,,2.25,,,,,,1.75,,,,,,,,,,,,,,,,,,,,,,,,,3.75,,,,,,,,,,1.50,0.50,,,,,,,,,,,,,3.00,,,,,,,,,,,,,,,,,,
Northern Liberties IPA,Christian Moerlein Brewing Co.,IPA,American IPA,Ohio,5/13/2014,May,2014,Colin J.,13,Steve D.,2.32,,,,,,,,,,,,,,,,,,3.00,,,,,,,,,,,,1.50,,,,1.50,,,,,,,,1.50,,,,,4.00,,,,,,3.50,,,,,,,,,,,,,,,,,,,,,,,,,,1.50,,,,3.00,,,,,,,,,,0.50,,,,,,,,,,,,,2.00,,,,,2.50,,,4.00,,,,,,,1.50,,2.50,,,
Freedom Reserve Red Lager,Anheuser-Busch,Amber,,Missouri,7/6/2018,July,2018,Dave E.,63,Sam E.,2.32,2.50,,,,,,,,,,,,,,,,,,2.50,,,,,,,,,,,,,,,1.75,,,,,,,,,,,2.00,,2.50,,,,,,1.25,,2.00,2.00,,,,,,,,,,,,,,,,,,,1.00,,,,,,,,3.50,,,,,,,,,,,2.00,,,,,,,,,,,,3.50,,,,,2.25,,3.75,,,,,,,,,,,,,
Snowdrift Vanilla Porter,Jacob Leinenkugel Brewing Co.,Porter,American Porter,Wisconsin,12/13/2013,December,2013,Paul W.,8,Denis M.,2.31,,,,,,,,,,,,,,,,,,3.50,,,,,,,,,,,,,,,,1.50,2.00,,1.50,,3.50,,,,,,,,2.50,,,,,,2.50,,,,,,,,,,,,,3.50,,,,,,,,,,,,,,,,,,,,,,0.50,,,,,,,3.00,1.00,,,,,,,,,,1.50,,,,,2.00,,,3.50,,,,,,,2.50,,2.50,,,
Liliko'i Kepolo Belgian-Style White Ale,Avery Brewing Co.,Wheat,Witbier,Colorado,10/12/2017,October,2017,Matt S.,54,Paul K.,2.31,,,,,,,,,,,,,,,,,,,,,,,,,,,,,,,,,,2.25,,,,,,,,2.00,,,2.50,,,,,,,,3.00,,,,,,2.00,,,,,,,,,,,,,,,,2.00,,,,,,,,2.00,,,,,,,,,,,2.75,,,,,,,,,,,,,,,,,,,,,,,,,,,,,,,,
Lumber Sexual American DIPA,RaR Brewing,IPA,Double IPA,Maryland,9/26/2023,September,2023,Charlie D.,123,Dave E.,2.31,,,,,,,,,,,,,,,,,,,,,,,1.75,,,,,,,,,,,3.00,,,,,,,,,3.00,,,,,,,,,,3.00,,,,,,,,,,,,,,,,,,,,,,,1.50,,,,,,,,,,,,,,,,,,,,,,,,,,,,,,,,2.00,,,2.25,,,,,,,,,2.00,,,,,,
NaPali Pale Ale,Kaua'i Island Brewing Co.,Pale Ale,American Pale Ale,Hawaii,4/25/2025,April,2025,Paul K.,142,Paul K.,2.31,,,,,,,,,,,,,,,3.25,,2.50,,,,,,,,,,,,,,,,,2.50,,2.00,,,,,,,,,,,1.50,,,,,,,,,,,,,,,,,,,,,,,,,,,,,,,,,,,,,,,,,,,,3.00,,,2.00,,,,,,,,1.75,,,,,,,,,,,,,,,,,,,,,,,,
Go West! IPA,Anchor Brewing Co.,IPA,American IPA,California,3/30/2016,March,2016,Jake W.,35,Jake W.,2.30,,,,,,,,,,,,,,,,2.00,,,,,,,,,,,,,,,,,2.00,2.00,,,,,,,,,,,2.00,,4.00,,,,,,2.50,,,,,,,,,,,,,,,,,,,,,,,,,,,,,,2.00,,,,,,,,,,,,2.00,,,,,,,,,,,,,,,,,,,,,,2.50,,,,2.00,,,,,
Dundee Original Honey Brown Lager,Dundee Brewing Co.,Brown,,New York,10/26/2015,October,2015,Scott T.,30,Matt T.,2.29,,,,,,,,,,,,,,,,,,3.00,,,,,,,,,,,,2.00,,,,1.50,,,,,,,,,,,,,2.00,,,,,,3.00,,,,,,,,,2.00,,,,,,,,,,,,,1.00,,,,2.00,,,,,4.00,,,,,,,,,,,1.50,,,,,,,,,,,,,,,,3.00,,,2.50,,,,,,,,,,,,
Sweater Party Spiced Winter Warmer,Avery Brewing Co.,Winter,,Colorado,12/6/2019,December,2020,Paul W.,80,Greg A.,2.29,2.00,,,,,,,,,,,,,,,1.00,,2.50,,,,,2.25,,,3.00,,,,,,,,1.00,,,,,,,,,,,2.00,,3.00,,,,3.50,,2.50,,,3.00,,,1.50,,,,,,,,,,,,2.00,,,,,,2.00,,,,,,,,,,,,,,,,,2.50,2.25,,,,,,,,,,,,,,,,2.00,,,,,,2.50,,,,,,,,3.00,
Ready Set Gose,Uinta Brewing Co.,Sour,Gose,Utah,6/6/2016,June,2016,Eric A.,38,Jake W.,2.29,,,,,,,,,,,,,,,,,,,,,,,,,,,,,,,,,,1.50,,,,,,,,,,,2.00,,2.50,,,,,,2.50,,,,,,,,,,,,,,,,,,,,,,2.50,,,,,,,,2.50,,,,,,,,,,,,,,,,,,,,,,,,,,,,2.50,,,,,,,,,,,,,,,
Belgian-Style Amber Ale,Dark Horse Brewing Co.,Amber,Belgian Amber,Michigan,3/22/2017,March,2017,Scott T.,47,Jake W.,2.29,,,,,,,,,,,,,,,,,,,,,,,,,,,,,,,,,,2.25,,,,,,,,,,,2.50,,2.00,,,,,,2.50,,,,,,,,,,,,,,,,,,,,,,2.00,,,,,,,,,,,,,,,,,,,,2.25,,,,,,,,,,,,,,,,2.50,,,,,,,,,,,,,,,
IPA,Full Sail,IPA,American IPA,North Carolina,6/4/2013,June,2013,Jake W.,1,Phil H.,2.28,,,,,,,,,,,,,,,,,,2.00,,,,,,,,,,,,4.00,,,,,,,,,1.50,,,,,,,,,,,,,,2.00,,,,,,,,,,,,,,,,,,,,,,,,,,,,,,,,,,,,,,,,,,1.50,3.50,,,,,,,2.00,,,,,,,,2.00,,,,,,,,,,2.00,,,,,
Baltika 5,Baltika Breweries,Lager,European Pale Lager,Russia,4/17/2014,April,2014,Tony H.,12,Tony H.,2.28,,,,,,,,,,,,,,,,,,,,,,,,,,,,,,3.00,,,,2.00,,,,,,,,,,,,,2.00,,,,,,1.50,,,,,,,,,,,,,,,,,,,,,,,,,,,,,,2.00,,,,,,,,,,,,2.00,,,,,,,,,,,3.00,,,,,2.00,,,,,,,,,,3.00,,,,,
Mr. Mean Imperial IPA,Warped Wing Brewing Co.,IPA,Imperial IPA,Ohio,11/19/2015,November,2015,Matt S.,31,Sam E.,2.28,,,,,,,,,,,,,,,,,,,,,,,,,,,,,,3.00,,,,1.00,,,,,,,,,,,2.00,,3.00,,,,,,3.00,,,,,,,,,,,,,,,,,,,,,,,,,,,,,,2.00,,,,,,,,,,,,,,,,,,,,,,,2.00,,,,,2.50,,,,,,,,,,,,2.00,,,
UDF Strawberry Milkshake IPA,Taft's Brewing Co.,IPA,Milkshake IPA,Ohio,5/26/2022,May,2022,Paul K.,107,Paul K.,2.28,,,,,,,,,,,,,,,2.75,,,,,,,,,,,,,,,,,,,1.25,,,,,,,,,2.50,,,,,,,,,,1.00,,,,,,2.00,,,,,,,,,,,,,,,,,,,,,,,,,,,,,,,,,,,3.00,,,,,,,,,,,4.00,,,,,,1.25,,,,,,,,,,,,,,,2.75
Ryeway to Heaven Rye Ale,Revolution Brewing,Rye,,Illinois,1/31/2025,January,2025,Scott T.,139,Dave E.,2.28,,,,,,,,,,,,,,,,,,2.75,,,,,,,,,,,,,,,,1.75,,1.00,,,,,,,1.75,,,,,,,,,,1.25,,,,,,,,,,,,,,,,,,,,,,,,,,,4.00,,,,3.75,,,,,,,,,,,,,,,,,,,,,,,,2.25,,,2.00,,,,,,,,,,,,,,,
Dorothy's New World Lager,Toppling Goliath Brewing Co.,California Common,,Iowa,1/30/2020,January,2020,Scott T.,81,Jake W.,2.27,,,,,,,,,,,,,,,2.50,,,,,,,,,,,,,,,,,,,2.00,,,,,,,,,2.50,,,,2.00,,,,,,2.50,,,,,,2.50,,,,,,,,,,,,,,,,,,2.50,,,,,,,,,,,,,,,,,1.75,,,,,,,,,,,,,,,,,2.75,,,,,2.25,,,,,2.00,,,,2.00,
Don't Microwave It Don't Boil It Sour IPA,Hoof Hearted Brewing,IPA,Sour IPA,Ohio,7/28/2022,July,2022,Dave E.,109,Dave E.,2.27,,,,,,,,,,,,,,,,1.50,,,,,,,,,,,,,,,,,,3.75,,,,,,,,,2.00,,1.75,,3.00,,,,,,2.25,,,,,,,,,,,3.75,,,,,,,,0.50,,,,,,,,,,,,2.50,,,,,,,,,,2.25,,,,,,,,,,,,,,,,,2.25,,,,,,,,,,,,,,,1.75
Hefeweizen,Hofbrauhaus ,Wheat,Hefeweizen,Kentucky,8/12/2013,August,2013,Scott T.,4,Jake W.,2.25,,2.50,,,,,,,,,,,,,,,,2.50,,,,,,,,,,,,,,,,2.00,,,,,2.00,,,,,,,,,,,,,,1.50,,,,,,,,,,,2.50,,,,,,,,,,,,,,,,,,,,3.00,,,,,,,,,,,2.00,2.50,,,,,,,,,,,,,,,2.00,,,,,,,,,,,,,,,
Creme Brulee,Southern Tier Brewing Co.,Stout,Sweet/Milk Stout,New York,5/13/2014,May,2014,Colin J.,13,Trent D.,2.25,,,,,,,,,,,,,,,,,,4.00,,,,,,,,,,,,2.00,,,,3.50,,,,,,,,2.50,,,,,1.50,,,,,,2.00,,,,,,,,,,,,,,,,,,,,,,,,,,1.00,,,,2.00,,,,,,,,,,1.50,,,,,,,,,,,,,1.00,,,,,3.50,,,1.50,,,,,,,1.00,,4.50,,,
Little Kings Original Cream Ale,Christian Moerlein Brewing Co.,Cream Ale,,Ohio,8/23/2014,August,2014,Trent D.,16,James E.,2.25,,,,2.50,,,,,,,,,,,,,,,,,,,,,,,,,,,,,,,,,,,,,,,,,,,2.00,,,,,,,4.50,,,,,,,,,,,,,,,,,,,,3.00,,,,,,,,,2.00,,,,,0.50,,,,,,,,,,,,,,,,,,2.50,,,,,,,,,,,,,,,,,1.00,,,
Ermal's Belgian Style Cream Ale,Warped Wing Brewing Co.,Cream Ale,Belgian Cream Ale,Ohio,2/25/2016,February,2016,Dave E.,34,Ben W.,2.25,,,,,,,,,,,,,,,,4.00,,,,,,,,,,,,,,,,,,1.50,,,,,,,,,,,2.00,,2.00,,,,,,3.00,,,,,,,,,,,,,,,,,,,,,,,,,,,,,,,,,,,,,,,,,,1.50,1.50,,,,,,,,,,,,,,,2.50,,,,,,,,,,,,,,,
Happy Little Plaidtree,MadTree Brewing Co.,Red,,Ohio,5/3/2017,April,2017,Jake W.,48,Paul W.,2.25,,,,,,,,,,,,,,,,,,,,,,,,,,,,,,,,,,2.50,,,,,,,,4.00,,,1.00,,1.75,,,,,,2.25,,,,,,,,,,,,,,,,,,,,,,,,2.00,,,,,,,,,,,,,,,,,,2.00,2.25,,,,,,,,,,,,,,,,,,,,,2.50,,,,,,,,,
Golden Pilsner,D. G. Yuengling & Son,Pilsner,,Pennsylvania,8/10/2018,August,2018,Jason M.,64,Kevin W.,2.25,2.50,,,,,,,,,,,,,,,,,,,,,,,,,,,,,,,,,2.25,,,,,,,,1.50,,,,,,,,,,,1.75,,,2.50,,,2.25,,,,,,,,,,,,,,,,3.00,,,,,,,,,,,,,,,,,,,2.25,,,,,,,,,,,,,,,,,,,,,,,,,,,,,,,,
"Well...Since I Came In Late, I Might As Well Leave Early Oat Lager",Hoof Hearted Brewing / DSSOLVR,Lager,American Lager,Ohio,6/13/2023,June,2023,Sara P.,120,Matt T.,2.23,,,,,,,,,2.50,,,,1.25,,3.00,,,,,,,,,,2.25,,,,,,,,,2.00,,,,,,,,,,,,,,,,,,,2.50,,,,,,,,,,,2.75,,,,,,,,,,,,,,,,,,,,3.00,,,,,,,,,,3.00,,1.00,,,,,,,,,,,,2.75,,,1.50,,,,,2.00,,,,,,,,,,1.75
Op & Top,Brouwerij De Molen,Pale Ale,American Pale Ale,Netherlands,6/24/2014,June,2014,Scott T.,14,Dave E.,2.23,,,,,,,,,,,,,,,,,,2.50,,,,,,,,,,,,1.50,,,,3.00,,,,,2.50,,,,,,,,0.50,,,,,,0.50,,,,,,,,,,3.00,4.00,2.00,,,,,,,,,,,,,,,,,,,,,,,,,,,,,,,3.00,,,,,,,,,,2.00,,,,,3.00,,,,,,,,,,,,1.50,,,
Blueberry Tart,Southern Tier Brewing Co.,Sour,Fruited Sour,New York,5/24/2018,May,2018,Jason F.,61,Jason F.,2.23,1.75,,,,,,,,,,,,,,,,,,2.00,,,,,,,,,,,,,,,1.75,,,,,,,,,,,,,2.25,,,,,,2.00,,2.50,2.50,,,3.00,,,,,,,,,,,,,,,,2.50,,2.00,,,,,,,,,,,,,,,,,,,,,,,,,,,,,,,,,,2.25,,,,,,,,,,,,,,,
Call to Farms Saison,Listermann Brewing Co.,Saison,,Ohio,4/17/2018,April,2018,Jake W.,60,Paul K.,2.23,,,,,,,,,,,,,,,,,,,,,,,,,,,,,,,,,,2.75,,,,,,,,,,,,,,,,,,,3.00,,0.00,2.50,,,2.75,,,,,,,,,,,,,,,,,,2.50,,,,,,,,,,,,,,,,,3.00,1.75,,,,,,,,,,,,,,,,,,,,,,3.00,,,,,1.00,,,,
Buffalo Gold Golden Ale,Boulder Beer,Golden,,Colorado,4/17/2015,April,2015,Phil H.,24,Bobby T.,2.22,,,,,,,,,,,,,,,,,,3.50,,,,,,,,,,,,,,,,1.50,,,,,3.50,,,,,,,,3.00,,,,,,2.50,,,,,,,,,,,,,,,,,,,,,,,,,,,,,,,2.00,,,,,,,,,,,1.50,0.50,,,,,,,,,,,,,,,2.00,,,,,,,,,,,,,,,
Red Stripe Jamaican Lager,Desnoes & Geddes Ltd.,Lager,American Adjunct Lager,Jamaica,4/17/2018,April,2018,Jake W.,60,Jason M.,2.22,,,,,,,,,,,,,,,,,,,,,,,,,,,,,,,,,,2.00,,,,,,,,,,,,,,,,,,,1.50,,,2.50,,,3.75,,,,,,,,,,,,,,,,,,2.00,,,,,,,,,,,,,,,,,2.25,2.00,,,,,,,,,,,,,,,,,,,,,,2.50,,,,,1.50,,,,
Uncomfortably Long Hugs Milkshake IPA,Weyerbacher Brewing Co.,IPA,Milkshake IPA,Pennsylvania,6/21/2019,June,2019,Ben W.,74,Jeremy S.,2.22,,,,,,,,,,,,,,,,1.00,,,,,,,1.50,,,,,,,,,,,1.00,,,,,,3.00,,,2.50,,,,,,,,,,,,,,,,3.00,,,,,,,,,,,,2.75,,,,,,,,,,,,,,,,,,,,,,,2.75,,,,,,,,,,,,,,,,,,,,,,,,,,,2.50,,,,,
Burger Classic,Hudepohl-Schoenling Brewing Co.,Lager,American Lager,Ohio,12/2/2016,December,2017,Paul W.,44,Kevin W.,2.22,,,,,,,,,,,,,,,,2.75,,1.75,,,,,,,,,,,,,,,,2.50,,,,,,,,,,,2.25,,1.75,,,,,,1.50,,,,,,,,,,,,,,,,,,,,,,2.50,,1.75,,1.50,,,,2.75,2.75,,,,,,,,,,,2.00,4.00,,,,,,,,,,2.50,,,,,2.00,,,,,,2.25,,,,,,1.25,,,
Cali Creamin' Vanilla Cream Ale,Mother Earth Brewing Co.,Cream Ale,,California,4/25/2025,April,2025,Paul K.,142,Dave E.,2.22,,,,,,,,,,,,,,,2.75,,0.25,,,,,,,,,,,,,,,,,1.75,,2.00,,,,,,,,,,,2.00,,,,,,,,,,,,,,,,,,,,,,,,,,,,,,,,,,,,,,,,,,,,4.00,,,2.50,,,,,,,,2.50,,,,,,,,,,,,,,,,,,,,,,,,
Barracuda Pale Ale,MadTree Brewing Co.,Pale Ale,American Pale Ale,Ohio,12/9/2022,December,2023,Paul W.,114,Sara P.,2.22,,,,,,,,,,,,,,,,,,1.50,,,,,1.50,,,,,,,,,,,2.75,,,,,,,,,2.25,,,,,,,,,,3.00,,,1.75,,,1.75,,,,,2.25,,,,,,,,,,,,,,,,,,,,3.00,,,,,,,,,,1.75,2.25,,,,,,,,,,,,,3.00,,,3.00,,,,1.75,,,,,,,,,,,1.75
My Blue Heaven Blueberry Ale,Grainworks Brewing Co.,Fruit and Field,,Ohio,4/28/2022,April,2022,Pleasant Ridge,106,Zach M.,2.21,,,,,,,,,,,,,,,,,,,,,,,,,,,,,,,,,,2.00,,,,,,,,,,,,,,,,,,,2.50,,,2.50,,,1.25,,,,,,,,,,,,,,,,,,,,,,,,,,,,,,,,,,,,,,,,,,,,,,,,,,,,2.25,,,,,,,,1.75,,,,,,,3.25
Spacewalker American Belgo,Great Lakes Brewing Co.,IPA,Belgian IPA,Ohio,7/30/2014,July,2014,Dave E. and Jake W.,15,Joel B.,2.21,,,,,1.00,,,,,,,,,,,,,,,,,,,2.00,,,,,,4.50,,3.50,,1.50,,,,,,,,,,,2.00,,1.50,,,,,,1.50,,,,,,,,,,,,,3.50,,,,,,,,,,,,,,,2.00,,3.00,,,,,,,,,,,,0.50,,,,,,,,,,,1.50,,,,,4.00,,,,,,,,,,1.00,,3.00,1.50,,
Sunshine Daydream Session Ale,Fat Head's Brewery & Saloon,IPA,Session IPA,Ohio,5/18/2016,May,2016,Scott T.,37,Eric H.,2.20,,,,,,,,,,,,,,,,,,2.00,,,,,,,,,,,,,,,,2.00,,,,,,,,,,,1.50,,4.00,,,,,,3.50,,,,,,,,,,,,,,,,,,,,,,,,,,,,,,2.50,2.00,,,,,,,,,,,1.00,,,,,,,,,,,1.50,,,,,2.00,,,,,,,,,,,,,,,
Original Pale Ale,Cooper's Brewery,Pale Ale,English Pale Ale,Australia,6/24/2014,June,2014,Scott T.,14,Sam E.,2.19,,,,,,,,,,,,,,,,,,3.00,,,,,,,,,,,,2.00,,,,2.00,,,,,2.50,,,,,,,,2.50,,,,,,1.50,,,,,,,,,,2.00,2.50,2.00,,,,,,,,,,,,,,,,,,,,,,,,,,,,,,,1.50,,,,,,,,,,3.00,,,,,2.00,,,,,,,,,,,,2.00,,,
Suh Mow A Cookie Beer,Hoppin' Frog Brewery,Brown,,Ohio,6/13/2023,June,2023,Sara P.,120,Dave E.,2.19,,,,,,,,,3.00,,,,,,3.25,,,,,,,,,,1.50,,,,,,,,,2.00,,,,,,,,,,,,,,,,,,,2.75,,,,,,,,,,,1.75,,,,,,,,,,,,,,,,,,,,4.25,,,,,,,,,,2.00,,1.00,,,,,,,,,,,,2.00,,,2.00,,,,,0.75,,,,,,,,,,2.25
Blonde American Lager,Guinness Ltd.,Blonde,,Ireland,4/17/2015,April,2015,Phil H.,24,Denis M.,2.19,,,,,,,,,,,,,,,,,,4.00,,,,,,,,,,,,,,,,2.00,,,,,3.00,,,,,,,,2.50,,,,,,2.00,,,,,,,,,,,,,,,,,,,,,,,,,,,,,,,,,,,,,,,,,,2.00,0.00,,,,,,,,,,,,,,,2.00,,,,,,,,,,,,,,,
Ohio Pale Ale,Jackie O's Brewery,Pale Ale,American Pale Ale,Ohio,9/21/2016,September,2016,Matt S.,41,Jake W.,2.19,,,,,,,,,,,,,,,,,,,,,,,,,,,,,,,,,,1.00,,,,,,,,,,,1.50,,3.50,,,,,,3.00,,,,,,,,,,,,,,,,,,,,,2.00,,,2.50,,,,,,2.00,,,,,,,,,,,,,,,,,,,,,,,2.00,,,,,,,,,,,,,,,,,,,,
Caramel Apple Fandango Fruited Sour Beer,Toppling Goliath Brewing Co.,Sour,Fruited Sour,Iowa,7/31/2024,July,2024,Dave E.,133,Scott T.,2.19,,,,,,,,,,,,,,,1.75,,0.50,,,,,,1.75,,,,,,,,,,,3.25,,,,,,,,,,,,,1.75,,,,,,1.75,,,2.00,,,,,,,,3.75,,,,,,,,1.50,,,,,2.75,,,,,,,3.50,,,,,,,,,,,,,,1.00,,,,,,,,,,2.75,1.00,,3.50,,,,,,,,,,,,,,,2.50
City Life India Session Pilsner,Fretboard Brewing Co.,Pilsner,Session,Ohio,6/27/2018,June,2018,Scott T.,62,Dave E.,2.18,3.00,,,,,,,,,,,,,,,2.00,,,,,,,,,,,,,,,,,,2.00,,,,,,,,,,,1.50,,2.25,,,,,,1.50,,,2.50,,,2.50,,,,,2.50,,,,,,,,,,,2.00,,,,,,,,,,,,,,,,,,,,,,,,,,,,,,,,,,,,2.25,,,,,,,,,,,,,,,
Wonder Tub Witbier,Taft's Brewing Co.,Wheat,Witbier,Ohio,1/17/2019,January,2019,Paul K.,69,Dave E.,2.18,,,,,,,,,,,,,,,,,,,,,,,1.00,,,,,,,,,,,2.00,,,,,3.50,3.00,,,,,2.25,,1.75,,,,2.25,,2.75,,,1.50,,,,,,,,,,,,,,,1.50,,,,,,2.00,,,,,,,,,,,,,,,,,2.75,2.25,,,,,,,,,,,,,,,,,,,,,,,,,,,,,,,2.00
Fistmas Holiday Ale,Revolution Brewing,Red,,Illinois,11/14/2013,November,2013,Trent D.,7,Dave E.,2.17,,,,,,,,,,,,,,,,,,,,,,,,,,,,,,,,,,2.00,,,,,2.00,,,,,,,,2.50,,,,,,2.00,,,,,,,,,,,,,,,,,,,,,,,,,,,,,,2.50,,,,,2.00,,,,,,,,,,,,,,,,,,2.50,,,,,2.00,,,,,,,,,,,,2.00,,,
Imperial Stout,Founders Brewing Co.,Stout,Russian Imperial Stout,Michigan,2/26/2015,February,2015,Dave E.,22,Jake W.,2.17,,,,,,,,,,,,,,,,,,,,,,,,,,,,,,,,,,2.50,,,,,1.50,,,2.50,,,,,3.00,,,1.00,,,3.00,,,,,,,,,,,,,,,,,,,,,,,,,,0.50,,,,1.00,3.50,,,,,,,,,,,,,,,,,,,,,,2.50,,,,2.50,,,,,,,,,,,,,2.50,,,
Black Cherry Bourbon Tea Beer,Wild Ohio Brewing Co.,Fruit and Field,,Ohio,2/29/2020,February,2020,Tony H.,82,Josh R.,2.17,,,1.00,,,,,,,,,,,,2.25,4.25,,,,,,5.00,,,,,,,,,,,,,,,,,,,,,,,,,1.50,,,,3.50,,0.50,,,1.50,,,2.00,,,,,,,,,,,,,,,,,,,,,,,,,,,,,,,,,,,1.50,,,,,,,,,,,,,,,,,,,,,,,,,,,1.50,,,,1.50,
Longboard Island Lager,Kona Brewing Co.,Lager,American Lager,Hawaii,5/13/2014,May,2014,Colin J.,13,Dave E. / Retrial,2.15,2.50,,,,,,,,,,,,,,3.00,2.00,,2.00,,,,,1.00,,,,,,,1.50,,,,2.00,,,,,,,,,2.25,,2.00,,1.00,,,,,,0.50,,,2.75,,,3.00,,,,,,,,,,,,,,,,3.00,,,,1.50,,,,3.00,,,3.50,,,,,,2.25,2.00,2.50,,,,,,,,,,,,2.00,,,,,1.50,,,1.50,,,,,,,2.00,,2.50,,,3.25
20th Anniversary Ale,Brewery Ommegang,Strong,Belgian Strong,New York,6/13/2023,June,2023,Sara P.,120,Paul K.,2.14,,,,,,,,,2.75,,,,1.00,,2.50,,,,,,,,,,2.50,,,,,,,,,1.50,,,,,,,,,,,,,,,,,,,3.25,,,,,,,,,,,1.50,,,,,,,,,,,,,,,,,,,,3.50,,,,,,,,,,2.00,,1.00,,,,,,,,,,,,1.50,,,1.50,,,,,2.00,,,,,,,,,,3.50
Rico,Chihuahua Cerveza,Lager,Mexican Lager,California,7/9/2021,July,2021,Dave E.,97,Charlie D.,2.14,,,,,,,,,,,,,,,,1.50,,,,,,,1.50,,,,,,,,,,,1.00,,,,,,,,,1.75,,,,,,,,3.50,,1.50,,,2.75,,,,,,,,,,,,,,,,,,,,,,,,,,,,,,,,,,,,,,2.75,,,,,,,,,,,,,3.00,,,,,,,,,,,,,,,,,,,
Handlebar Double Stout,Christian Moerlein Brewing Co.,Stout,American Imperial Stout,Ohio,2/26/2015,February,2015,Dave E.,22,Dave E.,2.13,,,,,,,,,,,,,,,,,,,,,,,,,,,,,,,,,,2.50,,,,,1.00,,,2.50,,,,,3.00,,,2.50,,,2.50,,,,,,,,,,,,,,,,,,,,,,,,,,1.00,,,,2.00,2.50,,,,,,,,,,,,,,,,,,,,,,2.00,,,,2.00,,,,,,,,,,,,,2.00,,,
Michelob Ultra,Michelob Brewing Co.,Lager,American Light Lager,Missouri,10/27/2022,October,2022,Juan B. / Zach M.,112,Jake W.,2.13,,,,,,,,,,,,,,,2.25,,,,,,,,,,,,,,,,,,,2.75,,,,,,,,,,,,,,,,,,,2.00,,,,,,,,,,,,,,,,,,,1.50,,,,,,,,,,,,,,,,,,,,,,2.25,,,,,,,,,,,,,,,,,,,,,,,,,,,,,,,,2.00
Keeper,Sly Fox Brewing Co. / Mikkeller ApS,Pilsner,,Pennsylvania,7/30/2014,July,2014,Dave E. and Jake W.,15,Charlie M.,2.12,,,,1.00,3.00,,,,,,,,,,,,,,,,,,,3.00,,,,,,2.00,,2.50,,2.00,,,,,,,,,,,1.50,,3.00,,,,,,2.50,,,,,,,,,,,,,,,,,,,,,,,,,,,,2.00,,1.50,,,,,,,,,,,,2.00,,,,,,,,,,,1.50,,,,,2.00,,,,,,,,,,1.00,,2.50,3.00,,
Esther Belgian Christmas Ale,Platform Beer Co.,Christmas,Belgian Christmas,Ohio,12/8/2017,December,2018,Paul W.,56,Bobby T.,2.10,,,,,,,,,,,,,,,,,,2.75,,,,,,,,,,,,,,,,1.75,,,,3.00,,,,,,,2.00,,2.00,,,,,,1.75,,,,,,,,,,,,,,,,,,,,,,1.00,,0.50,,,,,,4.00,,,2.75,,,,,,,,2.75,2.00,1.25,,,,,,,,,,,,,,,1.50,,,,,1.75,2.50,,,,2.50,,,,,
Smuttlabs Kung Fu Hobo,Smuttynose Brewing Co.,Kolsch,,New Hampshire,10/26/2015,October,2015,Scott T.,30,Jake W.,2.10,,,,,,,,,,,,,,,,,,,,,,,,,,,,,,2.50,,,,2.00,,,,,,,,,,,,,2.50,,,,,,2.50,,,,,,,,,1.50,,,,,,,,,,,,,2.00,,,,2.00,,,,,,,,,,,,,,,,1.50,,,,,,,,,,,,,,,,2.50,,,2.00,,,,,,,,,,,,
Pomegranate Shandy,Jacob Leinenkugel Brewing Co.,Shandy,,Wisconsin,12/8/2017,December,2018,Paul W.,56,Kevin W.,2.09,,,,,,,,,,,,,,,,1.00,,2.75,,,,,,,,,,,,,,,,1.50,,,,2.25,,,,,,,3.25,,1.75,,,,,,3.00,,,,,,,,,,,,,,,,,,,,,,2.00,,2.00,,,,,,2.50,,,2.00,,,,,,,,2.25,1.50,0.00,,,,2.50,,,,,,,,,,,2.50,,,,,2.25,1.75,,,,3.00,,,,,
Krombacher Pils,Krombacher Brauerei,Pilsner,,Germany,9/28/2018,September,2018,Aaron T. and Jeremy S.,65,Lee M.,2.09,2.50,,,,,,,,,,,,,,,,,,,,,,,,,,,,,,,,,1.50,,,,,,,,,,,2.25,,,,,,,,1.00,,2.00,2.00,,,2.00,,,,,,,,,,,,2.75,,,,2.00,,2.00,,,,,,,,,,,,,,,,,,,,,,,,,,,,,,,,,,,,3.00,,,,,,,,,,,,,
Quilmes,Cervecería y Maltería Quilmes,Lager,American Lager,Argentina,6/24/2014,June,2014,Scott T.,14,Scott T.,2.08,,,,,,,,,,,,,,,,,,2.00,,,,,,,,,,,,2.00,,,,2.00,,,,,2.50,,,,,,,,2.50,,,,,,2.00,,,,,,,,,,1.50,2.50,2.00,,,,,,,,,,,,,,,,,,,,,,,,,,,,,,,,,,,,,,,,,2.00,,,,,2.00,,,,,,,,,,,,2.00,,,
Mad Elf Ale,Troegs Brewing Co.,Strong,Belgian Strong,Pennsylvania,12/12/2014,December,2015,Paul W.,20,Paul W.,2.08,,,,,,,,,,,,,,,,,,3.00,,,,,,1.00,,,,,,,,2.50,,0.50,,,,,,,,,,,,4.50,1.50,,,,,,1.50,,,,,,,,,,,,,,,,,,,,,,,,,,,,,,,,,,,,,,,,,,1.50,2.50,,,,,,,,,,,,,,,2.00,,,,,2.00,2.50,,,,,,,,,
Imperial,Cerveceria Costa Rica,Lager,American Adjunct Lager,Costa Rica,6/24/2014,June,2014,Scott T.,14,Jake W.,2.08,,,,,,,,,,,,,,,,,,2.50,,,,,,,,,,,,4.00,,,,3.00,,,,,2.00,,,,,,,,1.50,,,,,,1.00,,,,,,,,,,2.00,2.00,2.50,,,,,,,,,,,,,,,,,,,,,,,,,,,,,,,1.00,,,,,,,,,,2.50,,,,,1.50,,,,,,,,,,,,1.50,,,
Karlovacko Pivo Beer,Karlovacka Pivovara,Pilsner,,Croatia,6/24/2014,June,2014,Scott T.,14,Trent D.,2.08,,,,,,,,,,,,,,,,,,2.00,,,,,,,,,,,,1.50,,,,1.50,,,,,2.50,,,,,,,,1.50,,,,,,1.50,,,,,,,,,,2.00,3.00,2.00,,,,,,,,,,,,,,,,,,,,,,,,,,,,,,,2.50,,,,,,,,,,2.00,,,,,2.00,,,,,,,,,,,,3.00,,,
Rodenbach,Brouwerij Rodenbach N.V.,Sour,Flanders Red Ale,Belgium,6/24/2014,June,2014,Scott T.,14,Joe J.,2.08,,,,,,,,,,,,,,,,,,1.50,,,,,,,,,,,,0.00,,,,1.00,,,,,2.00,,,,,,,,1.00,,,,,,2.50,,,,,,,,,,3.00,4.50,3.00,,,,,,,,,,,,,,,,,,,,,,,,,,,,,,,2.00,,,,,,,,,,1.50,,,,,3.50,,,,,,,,,,,,1.50,,,
Beck's Bier,Beck & Co.,Pilsner,German,Germany,9/16/2014,September,2014,Jake W.,17,Tony H.,2.06,,,,,,,,,,,,,,,,,,,,,,,,,,,,,,,,,,1.50,,,,,2.00,,,,,,,1.50,,,,,,,2.00,,,,,,,,,,,,,,,,,,,,,,,,,,,,,,,,,,,,,,,,,,2.50,,,,,,,,,,,3.00,,,,,2.00,,,,,,,,,,2.00,,2.00,,,
2XMas Seasonal,Southern Tier Brewing Co.,Winter,,New York,12/13/2013,December,2013,Paul W.,8,Scott T.,2.04,,,,,,,,,,,,,,,,,,1.00,,,,,,,,,,,,,,,,1.50,2.00,,,,,,,,,,,,2.50,,,,,,2.00,,,,,,,,,,,,,,,,,,,,,,,,,,,,,,,,,,,2.00,,,,,,,2.00,3.50,,,,,,,,,,3.50,,,,,1.50,,,0.50,,,,,,,0.50,,4.00,,,
Amber Waves,Voodoo Brewery,Amber,,Pennsylvania,7/9/2021,July,2021,Dave E.,97,Greg A.,2.03,,,,,,,,,,,,,,,,2.00,,,,,,,1.75,,,,,,,,,,,2.00,,,,,,,,,1.75,,,,,,,,1.75,,0.50,,,2.75,,,,,,,,,,,,,,,,,,,,,,,,,,,,,,,,,,,,,,2.50,,,,,,,,,,,,,3.25,,,,,,,,,,,,,,,,,,,
Mad King's Fest,Moosbacher,Oktoberfest,Festbier,Germany,1/17/2014,January,2014,Phil H.,9,Steve D.,2.00,,,,,,,,,,,,,,,,,,,,,,,,3.00,,,,,,,,1.50,,2.00,,,,,1.50,,,3.00,,,,,,,,,,,,,,,2.00,,,,,,,,,,,,,,,,,,,,,,,,,,,,,,,,,,,,,,,1.50,,,,,,,,,,,,,,,,,,1.50,,,,,,,,,,,,
Champagne Velvet,Upland Brewing Co.,Lager,American Lager,Indiana,6/6/2016,June,2016,Eric A.,38,Kevin W.,2.00,,,,,,,,,,,,,,,,,,,,,,,,,,,,,,,,,,2.00,,,,,,,,,,,2.00,,2.00,,,,,,2.00,,,,,,,,,,,,,,,,,,,,,,2.00,,,,,,,,2.50,,,,,,,,,,,,,,,,,,,,,,,,,,,,1.50,,,,,,,,,,,,,,,
Blue Moon Summer Honey Wheat,Blue Moon Brewing Co.,Wheat,American Pale Wheat,Colorado,5/3/2017,April,2017,Jake W.,48,Donny H.,2.00,,,,,,,,,,,,,,,,,,,,,,,,,,,,,,,,,,2.00,,,,,,,,2.50,,,2.00,,2.25,,,,,,1.00,,,,,,,,,,,,,,,,,,,,,,,,2.00,,,,,,,,,,,,,,,,,,2.25,1.25,,,,,,,,,,,,,,,,,,,,,2.75,,,,,,,,,
Orange Martian Sour Ale,Platform Beer Co.,Sour,Fruited Sour,Ohio,6/12/2020,June,2020,Charlie D.,84,Dave E.,2.00,1.00,,,,,,,,,,2.00,,,,,1.00,,3.00,,,,,1.50,,,,,,,,,,,2.00,,,,,,,,,,,,,3.00,,,,,,2.50,,,1.50,,,2.50,,,,,,,,,,,,,,,,,,,,,,,,,,,,,,,,,,,2.00,,,,,,,,,,,,,,,,,,,,,,,,,,,,,,,,
Violet Perception Fruited Berliner Weisse,Branch & Bone Artisan Ales,Sour,Berliner Weisse,Ohio,1/28/2022,January,2022,Standard Beer,103,Dave E.,2.00,,,,,,,,,,,,,,,,,,,,,,,,,,,,,,,,,,3.75,,,,,,,,,,,,,,,,,,,2.00,,,,,,1.50,,,,,,,,,,,,,,,,,,,,,,,,,,,,,,,,,,,1.50,,,,,,,,,,,,,,,,,,,,,,,,,,,,,1.75,,,1.50
Orange Cream Ale,Breckenridge Brewery,Cream Ale,,Colorado,7/3/2017,July,2017,Dave E.,51,Dave E.,1.98,1.00,,,,,,,,,,,,,,,2.00,,,,,,,,,,,,,,,,,,1.75,,,,,,,,,,,,,1.75,,,,,,1.75,,,,,,2.25,,,,,,,,,,,,,,,,2.00,,,,,,,,1.50,,,2.75,,,,,,,,2.25,,2.75,,,,,,,,,,,,,,,,,,,,,,,,,,,2.00,,,
Hitachino Nest Red Rice Ale,Kiuchi Brewery,Strong,Belgian Strong,Japan,10/24/2023,October,2023,Higher Gravity,124,Paul K.,1.98,,,,,,,,,,,,,,,3.00,,2.25,,,,,,,,,,,,,,,,,1.50,,,,,,,,,0.50,,,,,,,,,,0.50,,,,,,1.00,,,,,,,,,,,,,,,,,,,,,,,,,3.50,,,,,,,,,,3.25,,,,,,,,,,,,,,2.75,1.00,,,,,,,2.50,,,,,,,,,,
Winter Ale,Rivertown Brewing Co.,Winter,,Ohio,12/13/2013,December,2013,Paul W.,8,Dave E.,1.96,,,,,,,,,,,,,,,,,,1.50,,,,,,,,,,,,,,,,2.50,1.50,,,,,,,,,,,,3.00,,,,,,1.50,,,,,,,,,,,,,,,,,,,,,,,,,,,,,,,,,,,2.00,,,,,,,1.50,3.00,,,,,,,,,,2.00,,,,,2.50,,,1.00,,,,,,,0.50,,3.00,,,
Ryan and the Beaster Bunny,Evil Twin Brewing,Farmhouse,,Denmark,12/12/2014,December,2015,Paul W.,20,Dave E.,1.96,,,,,,,,,,,,,,,,,,3.00,,,,,,2.00,,,,,,,,2.00,,2.50,,,,,,,,,,,,2.50,2.00,,,,,,0.00,,,,,,,,,,,,,,,,,,,,,,,,,,,,,,,,,,,,,,,,,,0.50,4.50,,,,,,,,,,,,,,,2.00,,,,,1.50,2.00,,,,1.00,,,,,
Pabst Blue Ribbon,Pabst Brewing Co.,Lager,American Lager,California,8/23/2014,August,2014,Trent D.,16,Trent D.,1.94,,,,2.00,,,,,,,,,,,,,,,,,,,,,,,,,,,,,,,,,,,,,,,,,,,2.50,,,,,,,1.00,,,,,,,,,,,,,,,,,,,,1.50,,,,,,,,,2.50,,,,,0.50,,,,,,,,,,,,,,,,,,3.00,,,,,,,,,,,,,,,,,2.50,,,
See Me Rollin' Cinnamon Swirl Blonde Ale,Sonder Brewing,Blonde,,Ohio,9/26/2023,September,2023,Charlie D.,123,Tim H.,1.93,,,,,,,,,,,,,,,,,,,,,,,1.00,,,,,,,,,,,2.00,,,,,,,,,2.50,,,,,,,,,,2.00,,,,,,,,,,,,,,,,,,,,,,,2.00,,,,,,,,,,,,,,,,,,,,,,,,,,,,,,,,2.25,,,1.75,,,,,,,,,,,,,,,
Wanker English India Pale Ale,Northern Row Brewery,IPA,English IPA,Ohio,8/22/2025,August,2025,Jeremy S.,146,Paul K.,1.93,,,,,,,,,,,,,,,1.00,,1.50,,,,,,2.75,,,,,1.75,,,,,,2.25,,2.00,,,,,,,,,,,,,,,,,2.25,,,,,,2.25,,,,,,,,,,,,,,,,,,,,,,,,,1.00,,,,,,,,,,3.00,,,,,,,1.75,,,1.50,,,,1.50,,,,,,,,,,,,,,,,,,2.50
Duchesse De Bourgogne,Brouwerij Verhaeghe,Sour,Flanders Red Ale,Belgium,6/24/2014,June,2014,Scott T.,14,Joe C.,1.92,,,,,,,,,,,,,,,,,,1.00,,,,,,,,,,,,0.00,,,,1.00,,,,,1.00,,,,,,,,1.00,,,,,,2.00,,,,,,,,,,3.00,4.50,2.50,,,,,,,,,,,,,,,,,,,,,,,,,,,,,,,3.00,,,,,,,,,,0.50,,,,,4.00,,,,,,,,,,,,1.50,,,
Forager Imperial Porter,Logsdon Farmhouse Ales,Porter,Imperial Porter,Oregon,8/29/2024,August,2024,Jeremy S.,134,Jake W.,1.92,,,,,,,,,,,,,,,,,,,,,,,,,,,,,,,,,,,,,,,,,,,,,,,,,,,,,1.25,,,,,,2.75,,,,,,,,,,,,,,,,,,,,,,,,,,,,,,,,,,,,,,,,,,,,,,,,,,,,,,,,,,,,,,,,,,,1.75
Pecan Pie IPA,Decadent Ales,IPA,New England/Hazy IPA,New York,5/17/2019,May,2019,Jake W.,73,Greg A.,1.89,1.00,,,,,,,,,2.50,,,,,,,,,,,,,,,,,,,,,,,,3.00,,,,,,,,,,,,,,,,,1.50,,2.75,,,,,,1.00,,,,,,,,,,,,,,,,3.50,,2.50,,,,,,,,,,,,,,,,,2.75,1.00,0.00,,,,,,,,,,,,,,,1.00,,,,,,1.00,,,,,,,,3.00,
Badonkafunk Bourbon Barreled Ale,Quaff Bros.,Fruit and Field,,Kentucky,11/14/2013,November,2013,Trent D.,7,Sam E.,1.89,,,,,,,,,,,,,,,,,,,,,,,,,,,,,,,,,,1.50,,,,,2.00,,,,,,,,3.00,,,,,,0.50,,,,,,,,,,,,,,,,,,,,,,,,,,,,,,1.00,,,,,1.00,,,,,,,,,,,,,,,,,,3.00,,,,,1.00,,,,,,,,,,,,4.00,,,
Go To IPA,Stone Brewing Co.,IPA,American IPA,California,4/17/2014,April,2014,Tony H.,12,Dave E.,1.89,,,,,,,,,,,,,,,,,,,,,,,,,,,,,,2.00,,,,1.50,,,,,,,,,,,,,3.50,,,,,,1.50,,,,,,,,,,,,,,,,,,,,,,,,,,,,,,2.00,,,,,,,,,,,,1.50,,,,,,,,,,,1.50,,,,,2.50,,,,,,,,,,1.00,,,,,
Double Beagle Double IPA,Listermann Brewing Co.,IPA,Double IPA,Ohio,7/22/2015,July,2015,Trent D.,27,Jake W.,1.89,,,,,,,,,,,,,,,,,,,,,,,,,,,,,,,,,,1.50,,,,,,,,,,,1.50,,,,,,,,2.50,,,,,,,,,,,,,,,,,,,,,,,,,,,,,,,2.50,,,,2.00,,,,,,,0.50,,,,,,,,,,,1.50,,,,,2.50,,,,,,,,,,,,2.50,,,
Death,Rivertown Brewing Co.,Stout,Russian Imperial Stout,Ohio,4/22/2016,April,2016,Tony H.,36,Bobby T.,1.89,,,,,,,,,,,,,,,,1.00,,1.50,,,,,,,,,,,,,,,,1.00,,,,,,,,,,,2.00,,3.00,,,,,,,,,,,,,,,,,,,,,,,,,,,,,,,,,,,,,,,,,,,,,,2.00,,,5.00,,,,,,,,,,,,,,,1.00,,,,,,,,,,0.50,,,,,
Evil Urges,Short's Brewing Co.,Strong,Belgian Strong,Michigan,12/12/2014,December,2015,Paul W.,20,Jake W.,1.88,,,,,,,,,,,,,,,,,,2.50,,,,,,2.00,,,,,,,,2.50,,1.00,,,,,,,,,,,,3.00,2.00,,,,,,1.50,,,,,,,,,,,,,,,,,,,,,,,,,,,,,,,,,,,,,,,,,,1.50,2.50,,,,,,,,,,,,,,,1.50,,,,,0.50,3.50,,,,0.50,,,,,
Mustache Ride Red,Flat 12 Bierwerks,Red,,Indiana,12/12/2014,December,2015,Paul W.,20,Dan S.,1.88,,,,,,,,,,,,,,,,,,2.00,,,,,,2.50,,,,,,,,2.00,,1.50,,,,,,,,,,,,4.50,1.50,,,,,,0.50,,,,,,,,,,,,,,,,,,,,,,,,,,,,,,,,,,,,,,,,,,2.00,3.00,,,,,,,,,,,,,,,1.00,,,,,0.50,1.50,,,,,,,,,
Pennsylvania Tuxedo,Dogfish Head Craft Brewery,Pale Ale,American Pale Ale,Delaware,12/11/2015,December,2016,Paul W.,32,Steve S.,1.88,,,,,,,,,,,,,,,,,,,,,,,,,,,,,,,,,,2.00,,,,,,,,,,,1.00,,2.00,,,,,,3.00,,,,,,,,,,,,,,,,,,,,,,,,1.00,,,,,,1.50,,,,,,,,,,,,0.50,,,,,,,,,,,3.50,,,,,3.00,,,,,,2.50,,,,,1.00,1.50,,,
The Great Pumpkin Imperial Pumpkin Ale,Elysian Brewing Co.,Pumpkin,,Washington,9/28/2018,September,2018,Aaron T. and Jeremy S.,65,Eric A.,1.86,2.00,,,,,,,,,,,,,,,,,,,,,,,,,,,,,,,,,2.00,,,,,,,,,,,2.50,,,,,,,,2.75,,1.50,2.00,,,0.50,,,,,,,,,,,,1.00,,,,2.00,,1.75,,,,,,,,,,,,,,,,,,,,,,,,,,,,,,,,,,,,2.50,,,,,,,,,,,,,
Grape Fizz Ale,New Belgium Brewing Co.,Fruit and Field,,Colorado,12/12/2025,December,2026,Scott T.,150,Jake W.,1.84,,,,,,,,,,,,,,,1.75,,,,,,,,,,,,,,,,,,,1.50,,2.00,,,,,,,,,,,,,,,,,2.00,,,,,,,,,,,,,,,,,,,,,,,,,,,,,,,,,,,,,,,,,1.25,,,,,,,2.00,,,2.25,,,,,,,2.00,,,,,,,,,,,,,,,
San Miguel Pale Pilsen,G.K. Skaggs,Pilsner,,Philippines,4/22/2016,April,2016,Tony H.,36,Ben W.,1.83,,,,,,,,,,,,,,,,3.00,,2.00,,,,,,,,,,,,,,,,1.50,,,,,,,,,,,1.50,,1.50,,,,,,,,,,,,,,,,,,,,,,,,,,,,,,,,,,,,,,,,,,,,,,1.50,,,2.00,,,,,,,,,,,,,,,1.50,,,,,,,,,,2.00,,,,,
Reunion Ale '13,Terrapin Beer Co. / Shmaltz Brewing Co.,Brown,,Georgia,11/21/2018,November,2018,Lee M.,67,Matt G.,1.83,,,,,,,,,,,,,,,,1.50,,,,,,,,,,,,,,,,,,1.75,,,,,,,,,,,1.50,,1.25,,,,,,1.75,,1.00,2.00,,,1.50,,,,,,,,,,,,,,,,1.50,,3.75,,,,,1.75,,,,,,,,,,,,2.75,,,,,,,,,,,,,,,,,,,,,,,,,,,,,,,,
Beorn's Vacay Coconut Brown,Twin Leaf Brewery,Brown,,North Carolina,10/2/2021,October,2021,Jim B.,100,Jake W.,1.83,,,,,,,,,,,,,,,,,,,,,,,1.25,,,,,,,,,,,2.00,,,,,,,,,,,,,,,,,2.75,,2.00,,,,,,1.75,,,,,,,,,,,,,,,,,,,,,,,,,,,,,,,,,,,1.25,,,,,,,,,,,,,,,,,,,,,,,,,,,,,,,,
Bald Eagle Brown Ale,RJ Rockers Brewing Co.,Brown,,South Carolina,7/23/2013,July,2013,Bobby T.,3,Bobby T.,1.82,,1.00,,,,,,,,,,,,,,,,2.00,,,,,,,,,,,,3.00,,,,,,,,,0.00,,,,,,,,2.00,,,,,,2.50,,,,,,,,,,,,,,,,,,,,,,,,,,,,,,,2.00,,,,,,,,,,,2.00,,,,,,,,,,,,,,,,1.50,,,0.50,,,,,,,3.50,,,,,
Miller High Life,Miller Brewing Co.,Lager,American Adjunct Lager,Colorado,8/23/2014,August,2014,Trent D.,16,Matt S.,1.81,,,,2.50,,,,,,,,,,,,,,,,,,,,,,,,,,,,,,,,,,,,,,,,,,,2.00,,,,,,,2.00,,,,,,,,,,,,,,,,,,,,1.00,,,,,,,,,3.00,,,,,0.50,,,,,,,,,,,,,,,,,,2.00,,,,,,,,,,,,,,,,,1.50,,,
Truculent W/ Cucumber & Lime,Pretentious Barrel House,Sour,Fruited Sour,Ohio,7/31/2024,July,2024,Dave E.,133,Dave E.,1.78,,,,,,,,,,,,,,,2.50,,0.25,,,,,,1.75,,,,,,,,,,,3.00,,,,,,,,,,,,,2.00,,,,,,0.75,,,,,,,,,,,2.25,,,,,,,,1.00,,,,,0.50,,,,,,,2.00,,,,,,,,,,,,,,4.00,,,,,,,,,,1.00,4.00,,0.50,,,,,,,,,,,,,,,1.25
Sneak Attack Saison,21st Amendment Brewery,Saison,,California,4/17/2014,April,2014,Tony H.,12,Jake W.,1.78,,,,,,,,,,,,,,,,,,,,,,,,,,,,,,0.50,,,,1.50,,,,,,,,,,,,,2.00,,,,,,1.00,,,,,,,,,,,,,,,,,,,,,,,,,,,,,,2.50,,,,,,,,,,,,2.50,,,,,,,,,,,3.00,,,,,1.50,,,,,,,,,,1.50,,,,,
Havana Hammock,MadTree Brewing Co.,Pale Ale,American Pale Ale,Ohio,1/17/2019,January,2019,Paul K.,69,Zach M.,1.77,,,,,,,,,,,,,,,,,,,,,,,1.00,,,,,,,,,,,2.00,,,,,2.00,2.00,,,,,1.50,,1.50,,,,2.00,,1.25,,,1.50,,,,,,,,,,,,,,,1.50,,,,,,1.00,,,,,,,,,,,,,,,,,1.25,1.25,,,,,,,,,,,,,,,,,,,,,,,,,,,,,,,5.00
G13 Wild India Pale Ale Aged on Cedar,Stillwater Artisanal Ales,IPA,American IPA,Maryland,12/2/2016,December,2017,Paul W.,44,Phil H.,1.76,,,,,,,,,,,,,,,,2.75,,2.00,,,,,,,,,,,,,,,,2.25,,,,,,,,,,,0.25,,1.50,,,,,,1.00,,,,,,,,,,,,,,,,,,,,,,3.00,,0.25,,0.75,,,,1.75,1.00,,,,,,,,,,,1.50,5.00,,,,,,,,,,2.00,,,,,1.50,,,,,,2.75,,,,,,0.75,,,
Big Flats Lager Beer,World Brews,Lager,American Adjunct Lager,California,8/23/2014,August,2014,Trent D.,16,Alex Ha.,1.75,,,,2.50,,,,,,,,,,,,,,,,,,,,,,,,,,,,,,,,,,,,,,,,,,,2.00,,,,,,,2.00,,,,,,,,,,,,,,,,,,,,2.00,,,,,,,,,2.50,,,,,0.00,,,,,,,,,,,,,,,,,,2.00,,,,,,,,,,,,,,,,,1.00,,,
 '37 Flood American IPA,Dry Ground Brewing Co.,IPA,American IPA,Kentucky,12/6/2019,December,2020,Paul W.,80,Jason M.,1.74,2.00,,,,,,,,,,,,,,,1.50,,1.00,,,,,1.00,,,2.00,,,,,,,,1.75,,,,,,,,,,,2.00,,2.00,,,,2.00,,2.75,,,2.00,,,1.00,,,,,,,,,,,,1.00,,,,,,2.25,,,,,,,,,,,,,,,,,0.50,2.25,,,,,,,,,,,,,,,,1.00,,,,,,3.00,,,,,,,,2.00,
Cowboy Lager,Gilligan's Brewery,Lager,American Light Lager,Ohio,2/28/2026,February,2026,Ryan F.,152,Dave E.,1.73,,,,,,,,,,,,,,,,1.00,,,,,,,,,,,,,1.00,,,,,1.00,,2.50,,,,,,,,,,,2.50,,,,,,1.00,,,,,,,,,,,,,,,,,,,,,,,,,1.00,,,,,,4.00,,,,,,,,,,,,,,,,,,,,1.00,,,,2.50,2.00,,1.25,,,,,,,,,,,,,,,
Soulless Scarlet Sour Ale,Rivertown Brewing Co.,Sour,Fruited Sour,Ohio,10/26/2015,October,2015,Scott T.,30,Scott T.,1.68,,,,,,,,,,,,,,,,,,0.50,,,,,,,,,,,,1.50,,,,2.50,,,,,,,,,,,,,1.50,,,,,,2.50,,,,,,,,,0.50,,,,,,,,,,,,,3.50,,,,1.00,,,,,,,,,,,,,,,,0.50,,,,,,,,,,,,,,,,3.50,,,1.00,,,,,,,,,,,,
11th Hour IPA Ale,Crow Peak Brewing Co.,IPA,American IPA,South Dakota,11/26/2025,November,2025,Lee M.,149,Jake W.,1.68,,,,,,,,,,,,,,,,,,,,,,,,,,,,,,,,,,1.75,,1.50,,,,,,,,,,,2.00,,,,,,1.75,,,,,,,,,,,,,,,,,,,,,,,,1.25,,,,,,,,,,,,,,,,,,,,,,,,,,,2.25,,,,,,,1.25,,,,,,,,,,,,,,,
Old Ghost Milk Stout,Grainworks Brewing Co.,Stout,Sweet/Milk Stout,Ohio,2/18/2022,February,2022,Scott T.,104,Ben S.,1.67,,,,,,,,,,,,,,,1.75,,,,,,,,,,,,,,,,,,,1.75,,,,,,,,,,,,,,,,,,,1.75,,,,,,1.00,,,,,,,,,,,,,,,,,,,,,,,,,,,,,,,,,,,1.75,,,,,,,,,,,,,,,,,2.00,,,,,,,,,,,,,,,
Tequila Barrel Aged Paloma Gose,HighGrain Brewing Co.,Sour,Gose,Ohio,7/28/2022,July,2022,Dave E.,109,Ben W.,1.67,,,,,,,,,,,,,,,,1.50,,,,,,,,,,,,,,,,,,3.25,,,,,,,,,0.50,,1.25,,2.00,,,,,,0.50,,,,,,,,,,,2.75,,,,,,,,0.50,,,,,,,,,,,,3.25,,,,,,,,,,1.50,,,,,,,,,,,,,,,,,1.50,,,,,,,,,,,,,,,1.50
Oude Bae,Stillwater Artisanal Ales,Sour,Fruited Sour,Maryland,5/24/2018,May,2018,Jason F.,61,Jason M.,1.66,1.50,,,,,,,,,,,,,,,,,,2.25,,,,,,,,,,,,,,,1.75,,,,,,,,,,,,,1.50,,,,,,1.75,,1.00,1.50,,,1.50,,,,,,,,,,,,,,,,2.00,,2.00,,,,,,,,,,,,,,,,,,,,,,,,,,,,,,,,,,1.50,,,,,,,,,,,,,,,
Brown Ale,The Duck-Rabbit Craft Brewery,Brown,,North Carolina,5/29/2020,May,2020,Wes B.,83,Dave E.,1.63,,,,,,,,,,,,,,,,,,,,,,,0.50,,,,,,,,,,,1.50,,,,,,,,,,,,,1.75,,,,,,1.50,,,2.25,,,1.50,,,,,,,,,,,,,,,,2.00,,,,,,,,,,,,,,,,,,,,,,,,,,,,,,,,,,,,,,,,,,,,,,,,,,2.00,
Rocket Popsicle Sour,Untitled Art,Sour,Fruited Sour,Wisconsin,7/3/2020,July,2020,Dave E.,85,Dave E.,1.63,,,1.50,,,,,,,,,,,,,,,,,,,,2.25,,,,,,,,,,,1.75,,,,,,,1.50,,,,1.25,,2.00,,,,,,0.75,,,2.00,,,1.00,,,,,,,,,,,,,,,,1.00,,,,,,,,,,,,,,,,,,,1.00,,,,,,,,,,,,,,,,,,,,,,,,,,,,,,,3.50,
EKU 28,Kulmbacher Brauerei AG,Bock,Doppelbock,Germany,12/12/2014,December,2015,Paul W.,20,Steve P.,1.62,,,,,,,,,,,,,,,,,,2.50,,,,,,1.50,,,,,,,,2.50,,1.50,,,,,,,,,,,,0.50,1.50,,,,,,1.50,,,,,,,,,,,,,,,,,,,,,,,,,,,,,,,,,,,,,,,,,,1.00,1.00,,,,,,,,,,,,,,,1.00,,,,,2.00,2.50,,,,2.00,,,,,
Dungeons & Dragons Dragon's Milk Coconut Rum Barrel Reserve,New Holland Brewing Co.,Stout,American Imperial Stout,Michigan,1/9/2026,January,2026,Paul W.,151,Paul K.,1.61,,,,,,,,,,,,,,,1.00,,,2.25,,,,,2.00,,,,,,,,,,,1.75,,1.00,,,,,,,,,,,1.50,2.00,,,,,1.00,,,,,1.25,,,,,,,,,,,,,,,,,,,2.75,,,,,,,,,,,,,,,,,1.00,1.75,,,,,,1.75,,,2.50,,,,,,,1.00,,,,,,,,,,,,,,,1.25
Crunkle Sam American Barleywine Ale,Clown Shoes,Barleywine,American Barleywine,Massachusetts,7/30/2014,July,2014,Dave E. and Jake W.,15,Trent D.,1.59,,,,1.50,0.00,,,,,,,,,,,,,,,,,,,1.50,,,,,,1.00,,2.50,,1.00,,,,,,,,,,,3.00,,2.00,,,,,,1.50,,,,,,,,,,,,,,,,,,,,,,,,,,,,0.50,,2.00,,,,,,,,,,,,0.50,,,,,,,,,,,2.00,,,,,3.00,,,,,,,,,,2.00,,2.00,1.00,,
Bud Light Lemon Tea,Anheuser-Busch,Lager,American Light Lager,Missouri,8/21/2019,August,2019,Jeremy S.,76,Aaron T.,1.50,1.50,,,,,,,,,,,,,,2.00,,,,,,,,,,,,,,,,,,,1.75,,,,,,,,,,,,,,,,,0.50,,0.50,,,,,,1.50,,,,,,,,,,,,2.00,,,,0.50,,2.00,,,,,,,,,,,,,,,,,1.25,,,,,,,,,,,,,,,,,2.00,,,,,,,,,,,,,,,2.50
Paths Worn Wild Farmhouse Ale,Fifty West Brewing Co.,Farmhouse,,Ohio,9/26/2025,September,2025,Charlie D.,147,Paul K.,1.47,,,,,,,,,,,,,,,,,,1.00,,,,,3.75,,,,,,,,,,,1.00,,1.00,,,,,,,,,,,1.50,,,,,,0.50,,,,,,1.25,,,,,2.00,,,,,,,,,,,,4.00,,,,,,,,0.00,,,,,,,,,,2.00,,,,,0.25,,2.75,,,,,,,0.50,,,0.50,,,,,,,,,,,,,,,
White Lightning,Full Pint Brewing Co.,Wheat,Witbier,Pennsylvania,6/4/2013,June,2013,Jake W.,1,Paul W.,1.44,,,,,,,,,,,,,,,,,,3.50,,,,,,,,,,,,0.50,,,,,,,,,0.00,,,,,,,,,,,,,,0.50,,,,,,,,,,,,,,,,,,,,,,,,,,,,,,,,,,,,,,,,,,0.50,2.50,,,,,,,,,,,,,,,2.50,,,,,,,,,,1.50,,,,,
Natural Light,Anheuser-Busch,Lager,American Light Lager,Missouri,8/23/2014,August,2014,Trent D.,16,Kevin V. / Phil H.,1.44,,,,2.00,,,,,,,,,,,,,,,,,,,,,,,,,,,,,,,,,,,,,,,,,,,1.50,,,,,,,1.50,,,,,,,,,,,,,,,,,,,,2.50,,,,,,,,,1.50,,,,,0.00,,,,,,,,,,,,,,,,,,1.50,,,,,,,,,,,,,,,,,1.00,,,
Gigglemug Tiki Beach Midwest Fruit Tart,Urban Artifact,Sour,Fruited Sour,Ohio,4/25/2025,April,2025,Paul K.,142,Rob C.,1.39,,,,,,,,,,,,,,,1.50,,0.00,,,,,,,,,,,,,,,,,2.50,,1.00,,,,,,,,,,,1.00,,,,,,,,,,,,,,,,,,,,,,,,,,,,,,,,,,,,,,,,,,,,,,,1.25,,,,,,,,2.50,,,,,,,,,,,,,,,,,,,,,,,,
Broken Trolley Blonde Ale,The Dayton Beer Co.,Blonde,,Ohio,8/28/2017,August,2017,Bobby T.,52,Dave E.,1.38,,,,,,,,,,,,,,2.00,,,,1.50,,,,,1.75,,,,,,,,,,,1.25,,,,,,,,,,,,,2.25,,,,,,1.00,,0.25,,,,,,,,,,,,,,,,,,,,,,,,,,,,,,,,,,,,,,,,,,,,,,,,,,,,,,,,1.00,,,,,,,,,,,,,,,
Who the F*** Put Carrot in the Cake!? 7% Sour Edition,Skygazer Brewing Co.,Sour,Fruited Sour,Connecticut,5/26/2022,May,2022,Paul K.,107,Dave E.,1.36,,,,,,,,,,,,,,,2.00,,,,,,,,,,,,,,,,,,,1.00,,,,,,,,,1.75,,,,,,,,,,1.25,,,,,,1.25,,,,,,,,,,,,,,,,,,,,,,,,,,,,,,,,,,,1.00,,,,,,,,,,,1.25,,,,,,1.50,,,,,,,,,,,,,,,1.25
Raspberry Berliner Weisse,White Birch Brewing,Sour,Berliner Weisse,New Hampshire,10/13/2016,October,2016,Sam E.,42,Dave E.,1.36,,,,,,,,,,,,,,,,,,,,,,,,,,,,,,,,,,1.00,,,,,,,,,,,,,2.00,,,,,,1.00,,,,,,,,,,,,,,,,,,,,,,1.50,,,,,,,,1.00,,,,,,,,,,,,,,,,,,,,,,,1.50,,,,,,,,,,,,,,,,,1.50,,,
Pickle Gose,Urban Artifact,Sour,Gose,Ohio,6/27/2018,June,2018,Scott T.,62,Aaron T.,1.34,3.00,,,,,,,,,,,,,,,2.00,,,,,,,,,,,,,,,,,,0.75,,,,,,,,,,,1.50,,0.25,,,,,,0.25,,,0.25,,,1.75,,,,,2.00,,,,,,,,,,,1.00,,,,,,,,,,,,,,,,,,,,,,,,,,,,,,,,,,,,2.00,,,,,,,,,,,,,,,
The Hazel: Guinness Draught + Redd's Blueberry Ale,Guinness Ltd. / MillerCoors,Half and Half,,Colorado,3/23/2018,March,2018,Kevin W. and Dave E.,59,Jason F.,1.33,,,,,,,,,,,,,,,,,,,,,,,,,,,,,,,,,,1.25,,,,,,,,,,,,,0.75,,,,,,,,1.75,1.00,,,,,,,,,,,,,,,,,,,1.00,,,,,,,,2.00,,,,,,,,,,,1.25,,1.50,,,,,,,,,,1.50,,,,,,,,,,,,,,,,,,,,
Mr. Brown 2019 Edition,To Øl,Brown,,Denmark,11/22/2019,November,2019,Lee M.,79,Kevin W.,1.31,,,,,,,,,,,,,,,,,,,,,,,,,,,,,,,,,,1.50,,,,,,,,,,,1.00,,,,,,1.50,,1.50,,,,,,,,,,,,,,,,,,,,,,0.50,,1.25,,,,,,,,,,,,,,,,,,,,,,,,,,,,,,,,,,1.00,,,,,,,,,,,,,,1.50,2.00
Redd's Apple Ale,Redd's Brewing Co.,Fruit and Field,,Wisconsin,5/13/2014,May,2014,Colin J.,13,Bobby T.,1.23,,,,,,,,,,,,,,,,,,3.50,,,,,,,,,,,,0.50,,,,1.00,,,,,,,,,,,,,0.50,,,,,,1.00,,,,,,,,,,,,,,,,,,,,,,,,,,1.00,,,,1.50,,,,,,,,,,0.50,,,,,,,,,,,,,1.50,,,,,0.50,,,1.50,,,,,,,1.50,,1.50,,,
Hazy AF Non-Alcoholic Hazy IPA,BrewDog,IPA,New England/Hazy IPA,UK,8/29/2023,August,2023,Jeremy S.,122,Kevin W.,1.21,,,,,,,,,,,,,,,2.50,,,,,,,,1.00,,,,,,,,,,,0.50,,,,,,,,,2.00,,,,,,,,,,1.00,,,,,,0.25,,,,,,,,,,,,2.00,,,,1.50,,,,,,,,,1.00,,,,,,,,,,1.00,,,,,,,,,,,,,,1.00,,,,,,,,,,,,,,,,,,0.75
Justin Blabaer,Evil Twin Brewing,Sour,Berliner Weisse,Denmark,12/12/2014,December,2015,Paul W.,20,Scott T.,1.15,,,,,,,,,,,,,,,,,,2.00,,,,,,0.50,,,,,,,,0.50,,1.50,,,,,,,,,,,,0.50,1.50,,,,,,0.50,,,,,,,,,,,,,,,,,,,,,,,,,,,,,,,,,,,,,,,,,,0.50,1.50,,,,,,,,,,,,,,,2.50,,,,,1.50,1.00,,,,1.00,,,,,
C.R.E.A.M. Cream Ale with Coffee,Sixpoint Brewery,Cream Ale,Coffee Cream Ale,New York,2/25/2016,February,2016,Dave E.,34,Dave E.,1.13,,,,,,,,,,,,,,,,1.00,,,,,,,,,,,,,,,,,,1.50,,,,,,,,,,,1.00,,1.00,,,,,,3.00,,,,,,,,,,,,,,,,,,,,,,,,,,,,,,,,,,,,,,,,,,1.00,0.00,,,,,,,,,,,,,,,0.50,,,,,,,,,,,,,,,
Cerveza Importada,Sol,Lager,Mexican Lager,Mexico,12/13/2013,December,2013,Paul W.,8,Tony H.,1.00,,,,,,,,,,,,,,,,,,3.00,,,,,,,,,,,,,,,,2.00,1.50,,,,1.00,,,,,,,,0.00,,,,,,0.50,,,,,,,,,,,,,,,,,,,,,,,,,,,,,,,,,,,0.00,,,,,,,0.50,1.00,,,,,,,,,,0.50,,,,,1.00,,,0.00,,,,,,,2.50,,0.50,,,
Baltika Extra Lager,Baltika Breweries,Lager,European Strong Lager,Russia,6/24/2014,June,2014,Scott T.,14,Bobby T.,0.92,,,,,,,,,,,,,,,,,,1.50,,,,,,,,,,,,0.50,,,,1.00,,,,,1.00,,,,,,,,1.00,,,,,,0.50,,,,,,,,,,1.00,1.50,1.00,,,,,,,,,,,,,,,,,,,,,,,,,,,,,,,1.00,,,,,,,,,,1.00,,,,,0.00,,,,,,,,,,,,1.00,,,
Miller Lite,Miller Brewing Co.,Lager,American Light Lager,Colorado,6/4/2013,June,2013,Jake W.,1,Rusty O.,0.83,,,,,,,,,,,,,,,,,,0.50,,,,,,,,,,,,0.50,,,,,,,,,0.00,,,,,,,,,,,,,,1.00,,,,,,,,,,,,,,,,,,,,,,,,,,,,,,,,,,,,,,,,,,1.00,1.00,,,,,,,1.00,,,,,,,,0.50,,,,,,,,,,2.00,,,,,
Bud Light and Clamato Clam Slam,Anheuser-Busch,Half and Half,,Missouri,12/2/2016,December,2017,Paul W.,44,Ben W.,0.76,,,,,,,,,,,,,,,,3.00,,0.25,,,,,,,,,,,,,,,,0.25,,,,,,,,,,,0.25,,0.25,,,,,,0.25,,,,,,,,,,,,,,,,,,,,,,0.50,,0.25,,0.50,,,,0.25,2.50,,,,,,,,,,,1.00,0.00,,,,,,,,,,0.25,,,,,0.00,,,,,,1.25,,,,,,2.25,,,
Crime,Stone Brewing Co.,Chili,,California,5/13/2014,May,2014,Colin J.,13,Mark A.,0.54,,,,,,,,,,,,,,,,,,0.50,,,,,,,,,,,,0.00,,,,0.50,,,,,,,,0.00,,,,,2.00,,,,,,2.00,,,,,,,,,,,,,,,,,,,,,,,,,,0.00,,,,0.50,,,,,,,,,,0.00,,,,,,,,,,,,,0.00,,,,,2.00,,,0.00,,,,,,,0.00,,0.00,,,