Book,Publisher,Date,Contributor,Composite
Pliny the Elder,Russian River Brewing Co.,7/3/2017,Ben W.,4.40
Double Two Hearted Ale Double American IPA,Bell's Brewery,9/27/2019,Eric H.,4.30
Guten Bock Dopplebock Lager,MadTree Brewing Co.,3/23/2023,Zach M.,4.04
Lunch IPA,Maine Brewing Co.,12/15/2023,Paul W.,4.02
Lil Coconut Imperial Sweet Stout,Angry Chair Brewing,2/29/2024,Matt T.,3.94
Relative Rates Double India Pale Ale,Equilibrium Brewery,2/29/2024,Ben S.,3.94
KBS Imperial Stout,Founders Brewing Co.,11/27/2024,Jake W.,3.88
Double Astral Imperial Chocolate Oatmeal Stout ,Third Eye Brewing Co.,1/31/2025,Scott T.,3.86
Copper Clouds IPA,Brewery Vivant,6/16/2017,Adam W.,3.85
Wrench Northeast IPA ,Industrial Arts Brewing Co.,9/26/2023,Charlie D.,3.82
Broccoli Double Dry Hopped Imperial India Pale Ale,Other Half Brewing Co.,11/27/2024,Lee M.,3.81
Ziegler Oktoberfest Lager,MadTree Brewing Co.,8/27/2021,Jeremy S.,3.81
Old Rasputin Russian Imperial Stout,North Coast Brewing Co.,5/17/2019,Scott T.,3.80
Boat Show IPA,Yellow Springs Brewery,3/2/2018,Chris J.,3.80
Amber Ale,West Sixth Brewing Co.,6/25/2013,Paul W.,3.79
Pumpkin Ale,Rivertown Brewing Co.,10/10/2013,Matt S.,3.79
Raven Export Stout,Rhinegeist Brewing Co.,2/24/2023,Jake W.,3.79
Chocolate Oak Aged Yeti Imperial Stout,Great Divide Brewing Co.,4/22/2016,Eric A.,3.78
Zombie Dust Pale Ale,3 Floyds Brewing Co.,3/23/2018,Dave E.,3.78
Beer For Huddles Amber Ale,Off Color Brewing,10/30/2025,Rick S.,3.78
Organic Chocolate Stout,Samuel Smith Old Brewery,5/18/2016,Matt T.,3.75
Speedway Stout Imperial Stout With Coffee,AleSmith Brewing Co.,10/16/2020,Scott T.,3.75
Bamm Bamm Rubble Rubble Sour Ale Now With Rainbow Sherbet,WeldWerks Brewing Co.,6/19/2024,Dave E.,3.75
10W-40 Imperial Stout,Hi-Wire Brewing,12/7/2018,Dave E.,3.73
S'More Gratitude,MadTree Brewing Co.,10/18/2018,Phil H.,3.73
Preserved In Three Dimensions Double India Pale Ale,Hop Butcher for the World,12/10/2021,Scott T.,3.73
Oberon Ale,Bell's Brewery,5/13/2015,Paul W.,3.72
Axis Mundi,MadTree Brewing Co.,4/22/2016,Scott T.,3.72
Dirty Bastard Scotch Ale,Founders Brewing Co.,3/30/2016,Ben W.,3.70
Robert the Bruce Scottish Style Ale,3 Floyds Brewing Co.,5/13/2015,Dave E. / Retrial,3.69
Octoberfest Marzen Lager,Left Hand Brewing Co.,9/9/2013,Phil H.,3.69
Phantom Forest Juicy Imperial IPA,MadTree Brewing Co.,10/16/2020,Ben S.,3.68
10W-40 Chai Imperial Stout,Hi-Wire Brewing,10/1/2021,Charlie D.,3.68
Buckeye Stout,Sonder Brewing,4/30/2021,Greg A.,3.68
Cryo Fresh Hop Bayou Juice Hazy India Pale Ale,WeldWerks Brewing Co. / Parish Brewing Co.,2/29/2024,Lauren D.,3.66
Rabbit West Coast Style India Pale Ale,Trillium Brewing,5/16/2025,Paul W.,3.66
Fork in the Road India Amber Ale,Blank Slate Brewing Co.,7/27/2016,Kevin W.,3.65
Oh Mai! Golden Ale,MadTree Brewing Co.,9/30/2022,Sara P.,3.65
Quentin Quarantino DDH IPA,Taft's Brewing Co.,10/16/2020,Jake W.,3.64
From the Market,Boston Beer Co.,3/23/2023,Juan B.,3.64
Pernicious IPA,Wicked Weed Brewing,5/3/2017,Jake W.,3.64
Salted Caramel Imperial Stout,Southern Tier Brewing Co.,11/16/2017,Dave E.,3.64
Expedition Stout,Bell's Brewery,10/18/2018,Paul W.,3.64
Lord Rear Admiral ESB,3 Floyds Brewing Co.,3/22/2019,Jeremy S.,3.64
Dino Bits Hazy Double India Pale Ale,Weldwerks Brewing Co. / Toppling Goliath Brewing Co.,7/24/2025,Ryan F.,3.64
Happy Amber,MadTree Brewing Co.,1/17/2014,Denis M.,3.63
Trappistes Rochefort 10,Brasserie de Rochefort,2/24/2017,Kevin W.,3.63
Springbok South African IPA,New Holland Brewing Co.,6/17/2017,Jake W.,3.63
Imperial Java Stout ,Santa Fe Brewing Co.,2/28/2026,Eric H.,3.63
White Stouts Can't Jump Imperial White Stout,Abomination Brewing,6/13/2023,Sara P.,3.62
St. Peter's Cream Stout,St. Peter's Brewery Co.,1/19/2017,Eric A.,3.61
Voodoo Ranger Tropic Force IPA,New Belgium Brewing Co.,1/31/2025,Drew B.,3.61
Moloko Milk Stout,3 Floyds Brewing Co.,2/24/2023,Matt T.,3.61
Peanut Butter Milk Stout,West Side Brewing,4/29/2023,Ben W.,3.61
Trip in the Woods: Biere De Garde,Sierra Nevada Brewing Co.,11/21/2018,Ben W. / Jeremy S.,3.60
Bedtime Stories Imperial Milk Stout,Abomination Brewing,8/21/2019,Dave E.,3.60
Hipster Repellant IPA,Falls City Brewing Co.,11/21/2014,Tony H.,3.60
Cryosphere India Pale Ale,Terrapin Beer Co.,5/29/2020,Charlie D.,3.59
IPA,Karrikin Spirits Co.,5/29/2020,Jake W.,3.59
Abt 12 Abbey Ale,Brouwerij St. Bernardus NV,8/26/2022,Juan B.,3.59
Black Note Stout,Bell's Brewery,2/29/2024,Scott T.,3.59
Shake Chocolate Porter,Boulder Beer ,7/5/2019,Charlie D.,3.59
Blood Orange Psychopathy IPA,MadTree Brewing Co.,10/13/2016,Matt S.,3.58
Oktoberfest,West Side Brewing,9/12/2020,Jason M.,3.58
Hop Baron Double Down IPA,Rivertown Brewing Co.,6/25/2013,Jake W.,3.57
Ichabod Pumpkin Ale,New Holland Brewing Co.,10/10/2013,Scott T.,3.57
"My Mug, My Rules Imperial Stout",Short Throw Brewing Co.,10/16/2020,Paul K.,3.57
Hopslam Ale,Bell's Brewery,3/2/2018,Colin J.,3.57
Oktoberfest,Bell's Brewery,9/28/2018,Jeremy S.,3.57
950 Cuvee,Brouwerij Affligem,1/17/2014,Jason S.,3.56
Amber Ale,Mt. Carmel Brewing Co.,7/22/2015,Trent D.,3.56
ERIC More Cowbell! Chocolate Milk Stout,SingleCut Beersmiths,8/21/2019,Lee M.,3.56
Nocturnal Dark Lager,Sonder Brewing,1/30/2023,Dave E.,3.56
Wildness Alaskan Cold Beer,Alaskan Brewing Co.,9/27/2024,Charlie D.,3.56
Batsquatch Hazy IPA,Rogue Ales,12/11/2020,Jeremy S. / Lee M. / Merritt W.,3.56
Gnarly Brown,MadTree Brewing Co.,7/22/2015,Dave E.,3.56
Gaffel Kolsch,Privatbrauerei Gaffel Becker & Co.,6/21/2019,Dick K.,3.56
Green Moss Citra and Simcoe-Hopped Double India Pale Ale,Hop Butcher for the World,1/31/2025,David A.,3.56
Crooked Tree IPA,Dark Horse Brewing Co.,11/21/2014,Eric H.,3.55
Milk Stout,North High Brewing Co.,7/27/2016,Eric A.,3.55
Pigs Ass Porter,Harvest Moon Brewery,3/2/2018,Scott T.,3.55
Evil Dead Red,Ale Smith Brewing Co.,10/18/2018,Charlie D.,3.55
Munsterfest Oktoberfest-style Lager,3 Floyds Brewing Co.,9/27/2019,Jeremy S.,3.55
Necron 99 Scorch-Style Ale,3 Floyds Brewing Co.,7/3/2017,Matt S.,3.54
Canadian Breakfast Stout,Founders Brewing Co.,11/21/2018,Paul K. / Jake W.,3.54
I'm An Alligator IIPA,SingleCut Beersmiths,1/30/2020,Wes B.,3.54
Cold Mountain Winter Ale,Highland Brewing Co.,12/6/2019,Paul W.,3.54
Big Bunny Imperial Chocolate Milk Stout,Stillwater Artisanal Ales,7/3/2017,Phil H.,3.54
Black Cats English Brown Ale,Streetside Brewery,5/31/2021,Ben S.,3.54
Pride & Joy 3000 Mild Ale,3 Floyds Brewing Co.,6/21/2019,Josh R.,3.53
White Out Blueberry Walnut Cream Stout ,Fifty West Brewing Co.,4/12/2019,Dave E.,3.53
Nugget Nectar,Troegs Brewing Co.,1/26/2018,Richard A.,3.53
Cafe Ink Imperial Stout,Rhinegeist Brewing Co.,4/17/2018,Jason F.,3.53
Dinner Ale,Maine Brewing Co.,12/20/2024,Paul W.,3.53
Insane Wanderer IPA,Columbus Brewing Co.,9/27/2019,Drew B.,3.52
Hazy Slugger Hazy IPA,Taft's Brewing Co.,6/12/2020,Jason M.,3.52
Electric Llama Bavarian Style IPA,Fretboard Brewing Co.,5/22/2024,Eric H.,3.52
Weissbier,Franziskaner,8/12/2013,Paul W.,3.50
Special Dark Bier,St. Pauli Girl,9/9/2013,Bobby T.,3.50
Gruntled Pumpkin Ale,RJ Rockers Brewing Co.,10/10/2013,Trent D.,3.50
Furious Beer,Surly Brewing Co.,6/24/2014,Colin J.,3.50
Hazelnut Brown Nectar,Rogue Ales,9/16/2014,Scott T.,3.50
Merry Monks' Ale,Weyerbacher Brewing Co.,1/29/2015,Paul W.,3.50
Red Chair NWPA,Deschutes Brewery,1/29/2015,Eric H.,3.50
Dragon's Milk,New Holland Brewing Co.,1/14/2016,Dave E.,3.50
Nitro Vanilla Porter,Breckenridge Brewery,8/17/2016,Jake W.,3.50
Breakfast Porter,Woodburn Brewery,1/19/2017,Kevin W.,3.50
Unhappy Amber,MadTree Brewing Co.,2/24/2017,Eric H.,3.50
Alpha King Pale Ale,3 Floyds Brewing Co.,3/22/2017,Kevin W.,3.50
Raspberry Beret,Streetside Brewery,8/28/2017,Ben C.,3.50
Moloko Milk Stout,3 Floyds Brewing Co.,9/26/2017,Eric A.,3.50
Anni Ale 13irteen,Short's Brewing Co.,12/8/2017,Richard A.,3.50
Cellar Dweller Eye Opener Hazlenut Coffee Stout,Valley Vineyards Winery,1/26/2018,Dave E.,3.50
Hanalei Island IPA,Kona Brewing Co.,6/21/2019,Drew B.,3.50
Big Bad Baptist Imperial Stout,Epic Brewing Co.,11/22/2019,Lee M.,3.50
Nitro Luck Irish Style Dry Stout,Rhinegeist Brewing Co.,5/29/2020,Jason M.,3.50
Barbarian Haze IPA,3 Floyds Brewing Co.,4/30/2021,Drew B.,3.50
La Fin Du Monde,Unibroue Brewery,10/27/2022,Zach M.,3.50
Mother Said Knock You Out Double IPA,BC's Brewing Co.,12/12/2025,Ryan F.,3.50
Society & Solitude #4 Double IPA,Hill Farmstead Brewery,8/21/2019,Ben S.,3.48
Drunken Hog Smoked Porter,Wooden Cask Brewing Co.,7/3/2020,Jeremy S.,3.48
Dark Aura Chocolate Peanut Butter Stout,Third Eye Brewing Co.,6/27/2025,Ben S.,3.48
Hobo Life Session IPA,Lord Hobo Brewing Co.,3/2/2018,Jake W.,3.48
Trail Head Pale Ale,Fat Head's Brewery & Saloon,3/2/2018,Eric H.,3.48
Robust Porter,Bell's Brewery,9/27/2019,Josh R.,3.48
Cosmic Cocoa Imperial Stout,Sibling Revelry Brewing,10/11/2019,Lee M.,3.48
Steve Austin's Broken Skull IPA,El Segundo Brewing Co.,8/31/2020,Jeremy S.,3.48
Blackbird Fly Blackberry Wheat,Little Miami Brewing Co.,9/30/2022,Joe J.,3.48
Cheat Day Brownie Swirl Ice Cream Imperial Ale,Southern Tier Brewing Co.,3/27/2026,Alex S.,3.48
Choklat Imperial Stout,Southern Tier Brewing Co.,11/16/2017,Eric A.,3.47
GoneAway IPA,Half Acre Beer Co.,3/23/2018,Phil H.,3.47
Ransack the Universe IPA,Collective Arts Brewing,11/22/2019,Jake W.,3.47
Dreadnaught IPA,3 Floyds Brewing Co.,4/30/2021,Scott T.,3.47
Ursus Major Imperial Stout,Equilibrium Brewery,2/29/2024,Anfernee A.,3.47
Brian Boru Irish-Style Red Ale,3 Floyds Brewing Co.,3/25/2021,Dave E.,3.46
Mocha Latte Porter,Country Boy Brewing,1/18/2024,Matt T.,3.46
Retrospective II Marzen,MadTree Brewing Co.,1/18/2024,Zach M.,3.46
Spaten Premium Lager,Spaten-Franziskaner-Bräu,1/18/2024,Bill K.,3.46
Chasing Darkness Stout with Coconut,Timber Ales Brewery,11/26/2025,Lee M.,3.46
Obsidian Stout,Deschutes Brewery,2/15/2019,Aaron T.,3.46
Stout at the Devil,Straight to Ale,1/30/2020,Lee M.,3.46
Saber Tooth Tiger Imperial IPA,Rhinegeist Brewing Co.,2/29/2020,Eric H.,3.46
Widow Maker Black Ale,Keweenaw Brewing Co.,2/29/2020,Tony H.,3.46
Beard Crumbs Oatmeal Raisin Stout,Land Grant Brewing Co.,1/28/2022,Trent D.,3.46
Gunner's Daughter Milk Stout,Mast Landing Brewing Co.,5/22/2024,Paul W.,3.46
The Hunt for Red Octobrew,South Ave Brewing Co.,10/18/2018,Ben W.,3.45
Breakfast Stout,Founders Brewing Co.,7/5/2019,Aaron T.,3.45
Hop Casserole Hazy IPA,Lebanon Brewing Co.,7/21/2023,DJ W.,3.45
Roebling Imperial Robust Porter,Rivertown Brewing Co.,11/21/2014,Mark A.,3.45
Roebling Vanilla Espresso Imperial Porter,Rivertown Brewing Co.,1/26/2018,Eric H.,3.45
Porter,West Side Brewing Co.,8/31/2020,Aaron T.,3.45
Special Double Cream Stout,Bell's Brewery,12/2/2016,Scott T.,3.44
Premium Dunkel,Warsteiner,9/9/2013,Scott T.,3.44
Plain Porter,Porterhouse Brewing,3/14/2014,Denis M.,3.44
Bitter Oats Ale,Lagunitas Brewing Co.,1/14/2016,Eric H.,3.44
Mosacca IPA,Greyline Brewing Co.,6/17/2017,Steve W.,3.44
E's BlackEye-PA ,DVD Brew,9/27/2024,Eric H.,3.44
Edelstoff,Augustiner-Bräu Wagner KG,6/12/2020,Jeremy S.,3.43
Brinktoberfest Marzen Style Lager,Brink Brewing Co.,10/24/2023,Jeremy S.,3.43
Autumnation,Sixpoint Brewery,10/10/2013,Colin J.,3.43
Prior 8 Belgian Abbey Watou,Brouwerij St. Bernardus NV ,1/17/2014,Donny H.,3.43
Dry Irish Stout,Brooklyn Brewery,3/26/2015,Joel B.,3.43
The Chocolate Manifesto Chocolate Milk Stout,Flying Monkeys Craft Brewery,11/17/2016,Eric A.,3.43
Mocha Milk Stout,Alaskan Brewing Co.,9/26/2017,Scott T.,3.43
Apocalypse Cow DIPA,3 Floyds Brewing Co.,5/31/2021,Scott T.,3.43
Dragon's Milk Reserve Oatmeal Cookie Bourbon Barrel-Aged Stout,New Holland Brewing Co.,6/19/2024,Jordyn P.,3.43
Doscher's French Chew Vanilla Porter,DVD Brew,11/26/2025,Eric H.,3.43
Smoked Porter,Alaskan Brewing Co.,1/26/2018,Ben W.,3.43
B.O.R.I.S. the Crusher Oatmeal Imperial Stout,Hoppin' Frog Brewery,10/11/2019,Charlie D.,3.43
Lyrical Poet Bourbon Barrel-Aged Stout,Sun King Brewing Co.,10/11/2019,Matt G.,3.43
Punch You In the EyePA,Fifty West Brewing Co.,10/11/2019,Eric H.,3.43
Safety Falcon European Dark Lager,MadTree Brewing Co.,9/30/2022,Matt T.,3.43
Hazy Hearted Hazy IPA,Bell's Brewery,5/9/2023,Paul W.,3.43
Lime and Sea Salt Common Ale,West Side Brewing,7/21/2023,Joe J.,3.43
Xingu Black Beer,Cervejaria Sul Brasileira,6/24/2014,Phil H.,3.42
Imperial Stout,The Woodburn Brewery,12/8/2017,Ben W.,3.42
72 Imperial Chocolate Cream Stout,Breckenridge Brewery,4/12/2019,Andrew P.,3.42
Liquid Harmony Amber Lager,Third Eye Brewing Co.,1/28/2022,Jeremy S.,3.42
Dopplerbock Barrel-Aged Dopplebock,Devil Wind Brewing,4/19/2024,Joe J.,3.42
Pay It Forward Cocoa Porter,West Sixth Brewing Co.,1/29/2015,Jake W. / Retrial,3.41
Regretful Tattoo 35K Stout,Against the Grain Brewery & Smokehouse,5/17/2019,Jeremy S.,3.41
McPoyle Milk Stout,Mile Wide Beer Co.,7/5/2019,Jeremy S.,3.41
Lustro Imperial IPA,Omnipollo,8/10/2018,Dave E.,3.41
Noel Belgian Style Dark Ale,Goose Island Beer Co.,12/7/2018,Kevin W.,3.41
Bo and Luke Imperial Smoked Stout Aged In Bourbon Barrels,Against the Grain Brewery & Smokehouse,9/26/2025,David A.,3.40
Stereo Sanctity New England IPA,Nine Giant Brewing,2/28/2026,Jake W.,3.40
Murphy's Imported Stout Draught Style,Murphy Brewery Ireland Ltd.,4/17/2018,Jake W.,3.40
Beta Guppy Hazy IPA,Rhinegeist Brewing Co.,4/30/2021,Ben S.,3.40
Skipping Moose Dark German Wheat Ale,MadTree Brewing Co.,7/28/2022,Joe J.,3.40
Midnight to Morning Chocolate Porter,Nine Giant Brewing,2/25/2025,Erik W.,3.40
Jackyale Bourbon Barrel Aged Imperial Brown Ale,Against the Grain Brewery & Smokehouse,9/26/2017,Dave E.,3.39
Creeper Imperial India Pale Ale,Columbus Brewing Co.,10/16/2020,Eric H.,3.39
DIPA,West Side Brewing,5/31/2021,Eric H.,3.39
Boffo Brown Ale,Dark Horse Brewing Co.,6/4/2013,Colin J.,3.39
Stella Artois,Anheuser-Busch,6/4/2013,Denis M.,3.39
Collaboration Not Litigation Ale,Avery Brewing Co.,4/17/2015,Eric H.,3.39
Kalamazoo Stout,Bell's Brewery,12/8/2017,Paul W.,3.39
Larry's Latest Juicy IPA,Bell's Brewery,9/25/2020,Eric H.,3.39
Indian Brown Dark IPA,Dogfish Head Craft Brewery,10/18/2018,Jake W.,3.39
Coffee Stout Obsession,Connecticut Valley Brewing Co.,2/15/2019,Dave E.,3.39
Kilt Lifter Scottish Ale,Humble Monk Brewing Co.,7/5/2019,Ben W.,3.39
Isar Nacht Dunkelweiss,HighGrain Brewing Co.,2/28/2026,Matt T.,3.39
Winter White Ale,Bell's Brewery,1/29/2015,Eric B.,3.38
Best Brown Ale,Bell's Brewery,10/26/2015,Paul W.,3.38
Young's Double Chocolate Stout,Wells & Young's Brewing Co.,1/14/2016,Eric A.,3.38
562 Lateral Oatmeal Sweet Stout,Listermann Brewing Co.,9/21/2016,Lee M.,3.38
Fountain & Fairfax Milk Stout,Nine Giant Brewing,10/12/2017,Eric A.,3.38
LazerSnake IPA,3 Floyds Brewing Co.,3/23/2018,Matt S. / Aaron T.,3.38
All the Boys Milkshake IPA,Bhramari Brewing,4/17/2018,Jeremy S.,3.38
Skull Splitter,Orkney Brewery,4/17/2018,Paul W.,3.38
Incessant Double New England IPA,Bell's Brewery,5/29/2020,Eric H.,3.38
Moozie Milk Stout,Brink Brewing Co.,6/17/2021,Jake W.,3.38
Another One India Pale Ale,Maine Beer Co.,1/28/2022,Paul K.,3.38
Porter ,Green Man Brewery,4/29/2023,Drew B.,3.38
Première,Chimay Brewery,4/19/2024,Bill K.,3.38
Bitrate Fluctuation Double India Pale Ale,Equilibrium Brewery / WeldWerks Brewing Co.,3/27/2026,Ben S.,3.38
Eliot Ness Amber Lager,Great Lakes Brewing Co.,2/15/2019,Jeremy S.,3.36
Official Hazy IPA,Bell's Brewery,3/22/2019,Kevin W.,3.36
Coffee Table Blonde Ale,MadTree Brewing Co.,9/27/2019,Jake W.,3.36
Curmudgeon Old Ale,Founders Brewing Co.,5/3/2017,Eric A.,3.36
Four Giant Double IPA,Founders Brewing Co.,6/16/2017,Eric H.,3.36
Intergalactic IPA,Listermann Brewing Co.,3/26/2015,Jake W.,3.36
Ocular Pat-Down Vanilla Coffee Porter,Odd Side Ales,8/10/2018,Jeremy S.,3.36
Hairpin Turns Bock,Nine Giant Brewing,2/24/2023,Jeremy S.,3.36
My Friends Over You New England IPA,Streetside Brewery / Nine Giant Brewing,3/23/2023,Matt T.,3.36
Endless Echoes Hazy India Pale Ale,Jackie O's Brewery,9/26/2023,Jake W.,3.36
Freak of Nature Double IPA,Wicked Weed Brewing,12/6/2019,Jake W.,3.36
Cloud Harvest 02 Unfiltered Juicy IPA,Rhinegeist Brewing Co.,7/3/2020,Jake W.,3.35
Dunkel,Eurisko Beer Co.,4/30/2021,Jake W.,3.35
Odyssey New England India Pale Ale,Esoteric Brewing Co.,5/9/2023,Jake W.,3.35
Hefeweissbier Dunkel,Weihenstephaner,3/27/2026,Paul K.,3.35
Gose,Hi-Wire Brewing,8/28/2017,Jason F.,3.34
Hannah Bavarian-Style Wheat Ale,Exile Brewing Co.,10/12/2017,Kevin W.,3.34
75 Minute IPA,Dogfish Head Craft Brewery,12/7/2018,Eric H.,3.34
Montucky Cold Snack Lager,Montucky Cold Snacks,8/26/2022,Jason M.,3.34
Vienna Lager,Devils Backbone Brewing Co.,8/26/2022,Jeremy S.,3.34
10W-40 Churro Imperial Stout,Hi-Wire Brewing,5/16/2025,Eric H.,3.34
Iron Maiden Hellcat India Pale Lager,BrewDog,6/22/2022,Brian La.,3.34
Hershey's Chocolate Porter ,D. G. Yuengling & Son,11/23/2022,Sara P.,3.34
Third Eye Brewing Higher Consciousness Scotch Ale,Third Eye Brewing Co.,10/24/2023,Dave E.,3.34
The Substance Ale IPA,Bissell Brothers,6/13/2023,Phil H.,3.34
Pegleg Imperial Stout,Heavy Seas Beer,2/20/2014,Sam E.,3.33
10 Ton Oatmeal Stout,Warped Wing Brewing Co.,1/14/2016,Matt T.,3.33
Quinannan Falls Special Lager Beer,Bell's Brewery,7/3/2017,Trent D.,3.33
70K Bourbon Barrel Aged Imperial Stout,Against the Grain Brewery & Smokehouse,11/21/2018,Dave E.,3.33
To Dream NE-Style Hazy IPA,Revision Brewing Co.,2/29/2020,Ben S.,3.33
King Sue Double India Pale Ale,Toppling Goliath Brewing Co.,7/3/2020,Wes B.,3.33
Vlad Imperial Stout,Royal Docks Brewing Co.,8/27/2021,Jake W.,3.33
Quantum Drops Double India Pale Ale,Equilibrium Brewery,3/28/2024,Ben S.,3.33
Star Light Double India Pale Ale,Equilibrium Brewery,4/19/2024,Ben S.,3.33
Good Vibes West Coast Style India Pale Ale,Voodoo Brewery,8/29/2024,Zach M.,3.33
Eye Wide Open Coffee & Vanilla Milk Stout,Third Eye Brewing Co.,10/30/2024,Ben S.,3.33
Swiss Chocolate Stout,March First Brewing,12/7/2018,Steve S.,3.33
Smile More India Pale Ale,Anchorage Brewing Co.,6/13/2023,Andrew F.,3.33
Brewtus Coffee Porter,ELK Brewing,6/16/2017,John S.,3.33
Downtown Nut Brown Ale,R. Shea Brewing,8/31/2020,Dave E.,3.33
Icelandic Wee Heavy Scotch Ale,Einstök Ölgerð,12/11/2020,Jason M. / OJ W. / Paul W. / Scott T.,3.33
Pale Ale,Sierra Nevada Brewing Co.,12/10/2021,Paul W.,3.33
Captain Stardust Saison,Yellow Springs Brewery,2/24/2017,Merritt W.,3.32
Above the Clouds With Trve Festbier,Bhramari Brewing,10/1/2021,Jeremy S.,3.32
Ibex Weizen Bock ,HighGrain Brewing Co.,2/24/2023,Sara P.,3.32
Attention Please! Double IPA,Bearded Iris Brewing,7/28/2022,Drew B. / Sarah G.,3.32
Like Clockwork Dunkelweizen,Nine Giant Brewing,9/28/2018,Dave E.,3.32
Hazelnut Latte,Taft's Brewing Co.,2/29/2020,Paul K.,3.32
Isar Weiss Hefeweizen,HighGrain Brewing Co.,6/12/2020,Ben W.,3.32
Age of Otters India Pale Ale,3 Floyds Brewing Co.,7/31/2024,Charlie D.,3.32
BamBaLam Breakfast Stout,Zaftig Brewing Co.,3/22/2019,Eric A.,3.31
Oktoberfest,Great Lakes Brewing Co.,10/11/2014,Jake W.,3.31
Amber,Alaskan Brewing Co.,7/3/2017,Aaron T.,3.31
Pilgrim Fall Ale,MadTree Brewing Co.,10/12/2017,Matt S.,3.31
Art Deco IPA,Dancing Gnome Brewery,3/25/2022,Paul K.,3.31
Homestyle IPA ,Bearded Iris Brewing,3/25/2022,Jake W.,3.31
Slightly Mighty Lo-Cal IPA,Dogfish Head Craft Brewery,9/27/2024,Lauren D.,3.31
Toasted Coconut & Cinnamon Imperial Stout,Parsons North Brewing Co.,5/16/2025,Sara P.,3.31
Single Origin Coffee Stout ,Masthead Brewing Co.,12/12/2025,Ben S.,3.31
Leaf Creepers Double Dry Hopped Imperial India Pale Ale,Other Half Brewing Co.,12/12/2025,Rick S.,3.31
Maduro Brown Ale,Cigar City Brewing,12/11/2020,Ben S. / Drew B. / Jake W. / Tony H.,3.31
Death by Coconut Irish Style Porter,Oskar Blues Brewery,4/12/2019,Lee M.,3.31
Who Cooks For You Double Dry-Hopped Hazy Pale Ale,Jackie O's Brewery,4/12/2019,Jake W.,3.31
Amazonas II Fresh Hop Saison,HighGrain Brewing Co.,9/25/2020,Ben W.,3.31
Nosferatu Imperial Red Ale,Great Lakes Brewing Co.,9/25/2020,Charlie D.,3.31
Red Martian Slushee Style Sour,Platform Beer Co.,9/25/2020,OJ W.,3.31
Quad Transmigration of Souls Quadruple Dry-Hopped DIPA,Orpheus Brewing,8/27/2021,Charlie D.,3.31
Nutter Your Business Peanut Butter Stout,Grand Armory Brewing Co.,3/27/2026,Matt T.,3.31
Iliad Double Dry Hopped New England IPA,Esoteric Brewing Co.,8/22/2025,Sara P.,3.30
Black Chocolate Stout,Brooklyn Brewery,12/6/2019,Scott T.,3.30
St. Charles Porter,Blackstone Restaurant and Brewery,11/21/2014,Dave E.,3.30
Belgian Style Blonde,West Sixth Brewing Co.,3/30/2016,Matt S.,3.30
Crooked Line Stompin' Grounds Coffee Stout,Uinta Brewing Co.,3/30/2016,Dave E.,3.30
60 Minute IPA,Dogfish Head Craft Brewery,12/2/2016,Steve S.,3.30
Hefe-Weissbier,Weihenstephaner,8/12/2013,Scott T. / Donny H. / Matt S.,3.29
Cinq Cents,Chimay Brewery,2/26/2015,Denis M.,3.29
One 10 Coffee Stout,Black Acre Brewing Co.,2/29/2020,Jeremy S.,3.29
Fantasyland Midwest Coast IPA,Urban Chestnut Brewing Co.,9/12/2020,Charlie D.,3.29
Light Hearted Ale Lo-Cal IPA,Bell's Brewery,9/12/2020,Eric H.,3.29
Most Hefinitely Hefeweizen,Third Eye Brewing Co.,6/13/2023,Ben S.,3.29
Oatopia Oat Cream IPA,Wandering Monsters Brewing Co.,4/19/2024,Cory P.,3.29
Hazy Jane New England IPA,BrewDog,10/30/2024,Eric H.,3.29
Freakbeat India Pale Ale,Cartridge Brewing,11/21/2023,Bobby T.,3.29
Panther Robust Porter,Rhinegeist Brewing Co.,11/17/2016,Trent D.,3.29
Shotgun Wedding,Country Boy Brewing,2/24/2017,Dave E.,3.29
Hops & Wheat Ale,Mt. Carmel Brewing Co.,5/24/2017,Eric H.,3.29
Moo-Hoo Chocolate Milk Stout,Terrapin Beer Co.,1/17/2019,Greg A.,3.29
Chocolate Hazelnut Porter,Heretic Brewing & Distilling,5/31/2021,Greg A.,3.29
Brilliant Corners Barrel Aged Belgian Quad,Nine Giant Brewing,2/24/2023,Dave E.,3.29
Aventinus Weizen-Doppelbock,G. Schneider & Sohn,1/18/2024,Ben S.,3.29
Metal Head Double IPA,Nickel Brook Brewing Co.,6/17/2021,Charlie D.,3.28
Irish Stout ,King Street Brewing Co.,1/30/2023,Scott T.,3.28
Hop Dr. Hazy IPA ,Shellring Ale Works,9/26/2023,Drew B.,3.28
Emerald Parkway Irish Red Ale,Seventh Son Brewing Co. / The Getaway Brewing Co.,2/29/2024,Dave E.,3.28
S'morty Pastry Stout,Listermann Brewing Co.,2/29/2024,Sara P.,3.28
Oil Change Barrel Aged Stout,Bad Dad Brewing Co.,5/16/2025,Matt T.,3.28
Fireside Chat,21st Amendment Brewery,11/14/2013,Scott T.,3.28
Nut Brown Ale,Mt. Carmel Brewing Co.,7/1/2015,Trent D.,3.28
Tastee Whip Ice Cream Ale,Fifty West Brewing Co.,7/22/2015,Eric A.,3.28
Hi-Res,Sixpoint Brewery,4/22/2016,Eric H.,3.28
Paint Stripper Dripper,South Ave Brewing Co.,4/12/2019,Ben W.,3.28
Chocolate Cherry Milk Stout,HighGrain Brewing Co.,11/18/2021,Paul K.,3.28
Cease and Desist Oatmeal Cream Pie Porter ,Resident Culture Bewing Co.,1/31/2025,Sara P.,3.28
S'more Stout,Short's Brewing Co.,1/26/2018,Phil H.,3.28
Higher Purpose Milk Stout,Third Eye Brewing Co.,12/10/2021,Ben S.,3.28
Cloud Harvest Double Dry Hopped Hazy India Pale Ale,Rhinegeist Brewing Co.,9/30/2022,Ben S.,3.28
Megaphone Irish Style Red Ale,Inside the Five Brewing Co.,3/27/2026,Zach M.,3.28
El Dorado High Imperial IPA,MadTree Brewing Co.,9/27/2019,Ben S.,3.27
Voodoo Ranger 1985 IPA,New Belgium Brewing Co.,6/12/2020,Eric H.,3.27
Chocolate Peanut Butter Cookie Pastry Stout,Untitled Art,8/29/2023,Matt T.,3.27
Witness the Citrus Double Dry-Hopped New England IPA,Country Boy Brewing,2/25/2025,Eric H.,3.27
Peanut Butter Cup Porter ,Sun King Brewing Co.,6/27/2025,Matt T.,3.27
Trash Panda Coffee Blonde Ale,Metazoa Brewing Co.,7/31/2024,Matt T.,3.27
Stock Ale Aged in Bulleit Bourbon,Guinness Ltd.,12/6/2019,Aaron T.,3.26
Stout,Lion Brewery,2/20/2014,Trent D.,3.25
1337 Ale,Victory Brewing Co.,5/13/2014,Donny H.,3.25
Franz,Rhinegeist Brewing Co.,10/11/2014,Scott T.,3.25
Oktoberfest,Goose Island Beer Co.,10/11/2014,Phil H.,3.25
Loose Cannon Hop3 IPA,Heavy Seas Beer,8/10/2015,Trent D.,3.25
Bonfire Brown,Saugatuck Brewing Co.,3/30/2016,Tony H.,3.25
Dead Blow Tropical Stout,Braxton Brewing Co.,7/27/2016,Jake W.,3.25
Oktoberfest,Woodburn Brewery,10/13/2016,Kevin W.,3.25
Biggie East Coast IPA,Listermann Brewing Co.,2/24/2017,Ben W.,3.25
Azacca IPA,Founders Brewing Co.,5/3/2017,Steve S.,3.25
FC Cincinnati Blood Orange IPA,Christian Moerlein Brewing Co.,5/3/2017,Eric H.,3.25
Fugli Yuzu & Ugli Fruit IPA,Oskar Blues Brewery,7/3/2017,Merritt W.,3.25
Blown Gasket Robust Porter,Braxton Brewing Co.,3/2/2018,Jason M.,3.25
Moonlight Lager,Fifty West Brewing Co.,3/2/2018,Bobby T.,3.25
Gumballhead Wheat  Beer,3 Floyds Brewing Co.,10/18/2018,Bobby T.,3.25
Are You Ready For Some Darkness,MadTree Brewing Co.,11/21/2018,Jason F.,3.25
Larry Flynt 2.0,South Ave Brewing Co.,2/15/2019,Ben W.,3.25
Split Shot Espresso Milk Stout,Elysian Brewing Co.,7/5/2019,Zach M.,3.25
2017 Bourbon County Brand Stout,Goose Island Beer Co.,12/6/2019,Charlie D.,3.25
Irreguliner Fruited Berliner Style Weisse,Bircus Brewing Co.,9/12/2020,Dave E.,3.25
Mad Elf Grand Cru 2019,Troegs Brewing Co.,9/25/2020,Jesse J.,3.25
Campfire Amplifier Milk Stout,Dogfish Head Craft Brewery,12/11/2020,Ben W. / Bobby T. / Dave E. / Phil H.,3.25
Dreaming Cows Milk Stout,Big Ash Brewing,6/17/2021,Dave E.,3.25
Heated Agreement Hazy DIPA,Fair State Brewing Cooperative,3/25/2022,Zach M.,3.25
Untapped Potential Kolsch,Third Eye Brewing Co.,5/26/2022,Ryan Y.,3.25
Nines Are Wild DIPA,Rhinegeist Brewing Co.,6/22/2022,Eric H.,3.25
Früh Kolsch,Brauerei Früh am Dom,9/30/2022,Tim H.,3.25
Weihenstephaner Helles,Bayerische Staatsbrauerei Weihenstephan,6/13/2023,Zach M.,3.25
Icelandic Toasted Porter,Einstök Ölgerð,7/21/2023,Jason M.,3.25
Bagel & Schmear Double Dry Hopped India Pale Ale ,Other Half Brewing Co.,10/24/2023,Sara P.,3.25
Speedway Stout Affogato,AleSmith Brewing Co.,10/24/2023,Matt T.,3.25
Cincy Light Lager,Rhinegeist Brewing Co.,9/27/2024,Bobby T.,3.25
Dunkel,Hofbrauhaus Freising,10/30/2024,Bill K.,3.25
Back to School West Coast Style India Pale Ale,Fifty West Brewing Co.,7/24/2025,Eric H.,3.25
X Hero Juicy Rush IPA Hazy Imperial IPA,Revolution Brewing,10/30/2025,Eric H.,3.25
Breakfast Juice Mountain Haze I.P.A.,Gatlinburg Brewing Co.,11/26/2025,Ryan F.,3.25
Not You Too West Coast Style DIPA,The Veil Brewing Co.,3/27/2026,Ryan F.,3.25
Pale Ale,Tributary Brewing Co.,6/13/2023,Annie H.,3.23
Midday Snack Chocolate Peanut Butter Swirl Milkshake Stout ,Abomination Brewing,11/21/2023,Sara P.,3.23
"Operation Flintlock Stout with Coffee, Vanilla and Lactose",Listermann Brewing Co.,11/21/2023,Joe J.,3.23
Kuronami Schwarzbier,Mellotone Beer Project,2/28/2026,Katie S.,3.23
You Betcha! NE IPA,Sonder Brewing,8/21/2019,Greg A.,3.23
Debonair Dry Irish Stout,Nine Giant Brewing,2/25/2025,Paul K.,3.23
Old Man Grumpy Pale Ale,Goose Island Beer Co.,7/5/2019,Drew B.,3.23
SeaQuench Ale Session Sour,Dogfish Head Craft Brewery,5/24/2018,Jeremy S.,3.23
Light Speed  Hazy IPA ,BrewDog,5/9/2023,Erik W.,3.23
Spaten Oktoberfest Ur-Märzen,Spaten-Franziskaner-Bräu,12/20/2024,Bill K.,3.23
Flesh & Blood IPA,Dogfish Head Craft Brewery,12/2/2016,Jake W.,3.22
The Audacity of Hops,Cambridge Brewing Co.,11/14/2013,Mike M.,3.22
Back In Black IPA,21st Amendment Brewery,7/1/2015,Scott T.,3.22
Psychopathy IPA,MadTree Brewing Co.,4/17/2018,Tony W.,3.22
Brewer's Reserve Bourbon Barrel Stout,Central Waters Brewing Co.,11/22/2019,Eric A.,3.22
Oktoberfest Lager,Country Boy Brewing,8/27/2021,Jason M.,3.22
Hennepin Saison Ale,Brewery Ommegang,1/17/2014,Charlie M. / Scott M. / Paul K.,3.22
Black Butte Porter,Deschutes Brewery,2/20/2014,Matt S. / Tony H. / Retrial,3.22
After Rakin' Autumn Ale,Breckenridge Brewery,10/10/2013,Dave E.,3.21
Flipside Red IPA,Sierra Nevada Brewing Co.,10/10/2013,Jake W.,3.21
Newcastle Brown Ale,Tadcaster Brewery,3/14/2014,David J. / Retrial,3.21
Extra Special Bitter Ale,Alaskan Brewing Co.,5/13/2014,Scott T.,3.21
Shiner Oktoberfest,Spoetzl Brewery,9/26/2015,Matt S.,3.21
The Hum Low-Frequency Porter,Mystic Brewery,11/17/2016,Lee M.,3.21
Greenwood Porter,Southern Grist Brewing Co.,1/18/2024,Paul K.,3.21
Jam Out Mixed Berry Sour Ale,Fifty West Brewing Co.,6/19/2024,Scott T.,3.21
Christmas Ale,Brouwerij St. Bernardus NV,12/11/2020,Charlie D. / Greg A. / Kevin W. / Paul K.,3.21
Eugene Porter,Revolution Brewing,2/20/2014,Dave E.,3.21
Draught,Guinness Ltd.,2/26/2015,Trent D.,3.21
When the Lights Go Out Coffee Porter,Sun King Brewing Co.,3/22/2019,Josh R.,3.21
Salvator Double Bock,Paulaner Brauerei München,2/29/2020,Ben W.,3.21
Keeneland Fall Ale Pale Ale,Country Boy Brewing,9/12/2020,OJ W.,3.21
Lustra,Dancing Gnome Brewery,1/28/2022,Zach M.,3.21
Sonic Nurse New England IPA,Nine Giant Brewing,2/25/2025,David A.,3.21
Schwarzbier Dark Lager,Deschutes Brewery / Bell's Brewery,10/18/2018,Paul K.,3.20
Holiday White Ale,Boston Beer Co.,11/23/2022,Scott T.,3.20
Wake the F*** Up Brown Ale,Bhramari Brewing,11/23/2022,Matt T.,3.20
Double Dry Hop Pseudo Sue Pale Ale,Toppling Goliath Brewing Co.,8/29/2023,Zach M.,3.20
Maltings Irish Ale,Sullivan's Brewing Co.,8/29/2023,Josh R.,3.20
Voodoo Ranger Juice Force Hazy Imperial IPA,New Belgium Brewing Co.,8/29/2023,Drew B.,3.20
Kokua Hazy Pale Ale,Streetside Brewery,12/15/2023,Ben S.,3.20
Samuel Adams Boston Lager,Boston Beer Co.,7/30/2014,Tyler S. / Retrial,3.20
Hudepohl Pure Lager,Hudepohl-Schoenling Brewing Co.,3/30/2016,Eric H.,3.20
PSA Proper Session Ale,MadTree Brewing Co.,7/27/2016,Trent D.,3.20
Grapefruit Moon IPA Shandy,Harmony Brewing Co.,6/16/2017,Phil H.,3.20
Craft Lager,March First Brewing,4/17/2018,Steve S.,3.20
Pseudo Sue Pale Ale,Toppling Goliath Brewing Co.,12/10/2021,Jake W.,3.20
Ides of Haze Hazy IPA,Wolf's Ridge Brewing,5/9/2023,Sara P.,3.20
Icelandic White Ale ,Einstök Ölgerð,10/30/2025,Alex S.,3.20
Smoked Porter,South Ave Brewing Co.,12/6/2019,Ben W.,3.20
Country Legends Porter,Jackie O's Brewery,5/17/2019,Paul W.,3.20
Work From Home Brunch Coffee Stout,Seventh Son Brewing Co.,9/25/2020,Dave E.,3.19
Hobgoblin Dark English Ale,Wychwood,3/14/2014,Eric A. / Joe S.,3.19
Moon Bear Milk Stout,Clown Shoes,4/17/2018,Jason F.,3.19
Collaboration Lager,Jacob Leinenkugel Brewing Co. / Hofbrauhaus,11/18/2021,Zach M.,3.19
Grateful Dead Juicy Pale Ale,Dogfish Head Craft Brewery,7/24/2025,David A.,3.19
Bourbon-Barrel Aged Descendant Suffolk Dark Ale,Mystic Brewery,7/6/2018,Kevin W.,3.19
Finally Legal Bourbon Barrel Aged Stout,Weyerbacher Brewing Co.,1/17/2019,Eric A.,3.19
Duvel Rustica,Brewery Ommegang,1/17/2014,Dan S.,3.19
Samuel Adams Oktoberfest,Boston Beer Co.,10/11/2014,Trent D.,3.19
Graeter's Blueberry Pie Brown Ale,Braxton Brewing Co.,10/12/2017,Donny H.,3.19
Kappa Flounder Hazy India Pale Ale,Rhinegeist Brewing Co.,8/26/2022,Ben S.,3.19
Regular Beer,DuClaw Brewing Co,8/26/2022,Zach M.,3.19
Belgian Strong Blond,Brouwerij Duvel Moortgat NV,4/29/2023,Allen M.,3.19
Oubliette Imperial Stout ,Seventh Son Brewing Co.,9/26/2023,Scott T.,3.19
Gold Rush Double IPA,HighGrain Brewing Co.,2/25/2025,Ben S.,3.19
Alpsi Dunkel Lager,HighGrain Brewing Co.,12/9/2022,Paul W.,3.18
Blind Tiger Tavern Style Pale Ale,Barley Island Brewing Co.,7/23/2013,Scott T.,3.18
Nut Brown,Ale Smith Brewing Co.,10/18/2018,Steve S.,3.18
Oatmeal Raisin Cookie Brown Ale,Cigar City Brewing,7/5/2019,Jake W.,3.18
Gorch Fock German Style Helles Lager,3 Floyds Brewing Co.,9/27/2019,Dave E.,3.18
Jungle Rajah Juicey India Pale Ale,The Brew Kettle Taproom & Smokehouse,8/29/2023,Charlie D.,3.18
Stiegl Goldbräu,Stieglbrauerei zu Salzburg GmbH,10/24/2023,Ben S.,3.18
Ermal's Dunkelweizen Ale,Warped Wing Brewing Co.,12/15/2023,Jeremy S.,3.18
Citrus Rush Double IPA,HighGrain Brewing Co.,2/28/2026,Ben W.,3.18
Jolly Tar Oatmeal Raisin Rye,Warped Wing Brewing Co.,2/24/2017,Jake W.,3.18
No Hero Oatmeal Stout,Evil Twin Brewing,3/22/2017,Dave E.,3.18
Home Sweet Home Brown Ale,Fifty West Brewing Co.,10/16/2020,Dave E.,3.18
Jackpot Joey Gamdeday Ale,Brink Brewing Co.,6/19/2024,Joe J.,3.18
Liberty Ale,Anchor Brewing Co.,7/30/2014,Eric A.,3.18
Citra Ass Down Double India Pale Ale,Against the Grain Brewery & Smokehouse,12/2/2016,Dave E.,3.18
2XSMASH Double India Pale Ale,Southern Tier Brewing Co.,1/26/2018,Jake W.,3.18
Fox in the Stout Salted Chocolate Imperial Stout,Seventh Son Brewing Co.,11/21/2023,Scott T.,3.17
Sam '76,Boston Beer Co.,7/6/2018,Aaron T.,3.17
Grove American Pale Ale,Mellotone Beer Project,2/28/2026,Sara P.,3.17
Tart Cherry W-n-B Coffee Oatmeal Imperial Stout,Terrapin Beer Co.,12/7/2018,Scott T.,3.17
Batch #16 Imperial Stout,Nowhere In Particular Brewing Co.,12/8/2017,Eric A.,3.17
Space Station: Middle Finger,3 Floyds Brewing Co.,11/19/2015,Dave E.,3.17
Out of Your Gourd Pumpkin Porter,Redhook Ale Brewery,10/13/2016,Trent D.,3.17
Bass Pale Ale,Bass Brewers Limited,1/19/2017,Jake W.,3.17
1ZENUFF Imperial IPA,Revolution Brewing,5/3/2017,Dave E.,3.17
Fat Tire Belgian White,New Belgium Brewing Co.,11/16/2017,Bobby T.,3.17
Trey Amber,Fretboard Brewing Co.,12/8/2017,Dave E.,3.17
Voodoo Love Child Belgian Style Ale Aged on Fruit,Voodoo Brewery,4/12/2019,Wes B.,3.17
Dragon's Milk White: Bourbon Barrel-Aged White Stout,New Holland Brewing Co.,11/22/2019,Wes B.,3.17
Super Duper Stout,Evil Twin Brewing,11/22/2019,Scott T.,3.17
Los Gatos Black Lager,Asheville Brewing Co.,10/2/2021,Greg A.,3.17
Crowd Control DIPA,BlackStone Brewing Co.,10/27/2022,Paul K.,3.17
Crown and Crate Double IPA With Honey & Lactose,Trillium Brewing,4/19/2024,Paul K.,3.17
O.K. Beer Full Pale Ale,Browar Okocim,8/29/2024,Jeremy S.,3.17
"Luke, I Am Your Lager Schwarzbier",Grainworks Brewing Co.,2/25/2025,Matt T.,3.17
Virunga Mist Strong Beer,Skol,3/30/2025,Paul K.,3.17
Third Eye P.A. West Coast IPA,Third Eye Brewing Co.,3/30/2025,Eric H.,3.17
Head Tide Rye Ale,Fogtown Brewing Co.,5/17/2019,Phil H.,3.16
Glitter Freeze,Streetside Brewery,5/24/2018,Kevin W.,3.16
Cheeky Bastard Stout,Nickel Brook Brewing Co.,9/27/2019,Paul K.,3.16
Pterodactyl Hefeweizen,Little Miami Brewing Co.,6/12/2020,Bobby T.,3.16
Bourbon Barrel Aged Kringle Belgian Quad,Braxton Brewing Co.,11/23/2022,Ben W.,3.16
Kentucky Vanilla Barrel Cream Ale,Alltech's Lexington Brewing Co.,6/27/2018,Eric A. / Tony H.,3.16
Curmudgeon's Better Half,Founders Brewing Co.,12/7/2018,Paul W.,3.16
Crushing Mass Barrel Aged Coffee Stout,3 Floyds Brewing Co.,8/26/2022,Josh R.,3.16
Deathly Mallows Toasted Marshmallow Milk Stout,Royal Docks Brewing Co.,8/26/2022,Dave E.,3.16
Barrel Aged Double Dipped Banana Split Milk Stout,Saugatuck Brewing Co.,1/30/2023,Cory P.,3.16
$60 Nachos Double India Pale Ale,Hoof Hearted Brewing,12/12/2025,David A.,3.16
Blue Moon Belgian White,Blue Moon Brewing Co.,8/12/2013,Denis M.,3.15
In Heat Wheat,Flying Dog Brewery,8/12/2013,Dave E.,3.15
Weißbier,Erdinger Weißbräu,8/12/2013,Joe J.,3.15
Salted Carm-Ale,Rivertown Brewing Co.,1/26/2018,Matt S. / Colin J.,3.15
Aged Scotsman,Wooden Cask Brewing Co.,10/11/2019,Eric A.,3.15
RadioVision Hazy India Pale Ale,Warped Wing Brewing Co.,9/30/2022,Jake W.,3.15
Thunder Snow Spiced Scottish Ale,MadTree Brewing Co.,12/9/2022,Matt T.,3.15
The Dan Munich Dunkel,Nocterra Brewing Co.,9/26/2025,Renee W.,3.15
Hog Heaven Imperial Red IPA,Avery Brewing Co.,7/3/2017,Jake W.,3.15
G.I.L. German Style Lager,West Side Brewing Co.,3/22/2019,Jason M.,3.15
Alpha Klaus Christmas Porter,3 Floyds Brewing Co.,12/6/2019,Eric A.,3.14
Helles Lager,Rivertown Brewing Co.,6/25/2013,Scott T.,3.14
Bay of Bengal Double IPA,Christian Moerlein Brewing Co.,9/26/2015,Eric H.,3.14
Belgian White,Shock Top Brewing Co.,9/26/2015,Bobby T.,3.14
Maximus IPA,Lagunitas Brewing Co.,6/6/2016,Eric H.,3.14
Beer For Breakfast Stout,Dogfish Head Craft Brewery,11/17/2016,Scott T.,3.14
Double Edge Sword Double IPA,Paladin Brewing,9/26/2017,Eric H.,3.14
Zombie Ice Double Pale Ale,3 Floyds Brewing Co.,3/23/2023,Jake W.,3.14
Gamma Bomb IPA,Warped Wing Brewing Co.,12/7/2018,Bobby T.,3.14
Double Dramanatrix Russian Imperial Stout,Saugatuck Brewing Co.,9/25/2020,Paul W.,3.14
Hazecraft IPA,Great Lakes Brewing Co.,9/25/2020,Ben S.,3.14
Calla IPA,Yazoo Brewing Co.,5/26/2022,Drew B.,3.14
What's His Nuts Peanut Butter Coffee Stout ,Saucy Brew Works,1/31/2025,Matt T.,3.14
Blue Moon Agave Nectar Ale,Blue Moon Brewing Co.,7/23/2013,Denis M.,3.14
Oktoberfest,Sierra Nevada Brewing Co.,9/28/2018,Aaron T.,3.14
Exposure 004 Carbon Neutral India Pale Ale,HighGrain Brewing Co.,6/12/2020,Paul K.,3.14
Revision IPA,Revision Brewing Co.,6/12/2020,Charlie D.,3.14
Reaper Double IPA,RaR Brewing,11/23/2022,Zach M.,3.14
Cookie Exchange Milk Stout,Great Lakes Brewing Co.,12/15/2023,Charlie D.,3.14
Yorkshire Stingo,Samuel Smith Old Brewery,3/14/2014,Matt A.,3.13
Censored,Lagunitas Brewing Co.,2/26/2015,Eric H.,3.13
Barney Flats Oatmeal Stout,Anderson Valley Brewing Co.,2/25/2016,Phil H.,3.13
Hoss Oktoberfest Lager,Great Divide Brewing Co.,8/17/2016,Eric A.,3.13
Relief Session IPA,The Mitten Brewing Co.,6/17/2017,Steve P.,3.13
Snake Eyes Imperial Stout,West Sixth Brewing Co.,7/6/2018,Jake W.,3.13
Zirkusfest Oktoberfest,Hi-Wire Brewing,8/10/2018,Jason M.,3.13
Hit the Road Jack Brown Ale,Fifty West Brewing Co.,12/7/2018,Ben W.,3.13
Nimble Giant Double IPA,Troegs Brewing Co.,8/21/2019,Jake W.,3.13
Baltic Porter,March First Brewing,2/29/2020,Jason M.,3.13
Scooter Blood Orange Radler Ale,Braxton Brewing Co.,4/30/2021,Eric A.,3.13
Festbier,Bitburger Brauerei,12/10/2021,Steve S.,3.13
Humbolt Blonde Cocoa Coffee Stout,HighGrain Brewing Co.,2/18/2022,Jake W.,3.13
Antelope Amber Lager,Rhinegeist Brewing Co.,1/30/2023,Drew B.,3.13
Kenny's Dey Drinkin' Lager,16 Lots Brewing Co.,4/29/2023,Paul H.,3.13
Beer For Humans Easy Hop Ale,Rhinegeist Brewing Co.,7/21/2023,Shelley B.,3.13
Speedway Stout Hawaiian Edition,AleSmith Brewing Co.,7/21/2023,Lee M.,3.13
Matrix Marzen German-Style Lager,Cartridge Brewing,9/26/2023,Lauren D.,3.13
All Black Everything Breakfast Stout,Esoteric Brewing Co.,3/28/2024,Jake W.,3.13
Mac the Willis Irish Red Ale,MadTree Brewing Co.,3/28/2024,Paul K.,3.13
Kingfisher Premium Lager,United Breweries,10/30/2024,Jake W.,3.13
Main Street Amber Ale,Fifty West Brewing Co.,11/27/2024,Eric H.,3.13
Lusen Pilsner,HighGrain Brewing Co.,2/25/2025,Zach M.,3.13
Samuel Adams Porch Rocker Lemon Radler,Boston Beer Co.,4/25/2025,David A.,3.13
Reef Knot Summer Beer,Half Acre Beer Co.,6/27/2025,Rick S.,3.13
Caramelicious Milk Stout,Platform Beer Co.,12/6/2019,Bobby T.,3.12
Heyzeus Mexican Style Lager,Melvin Brewing,2/15/2019,Zach M.,3.11
Oktoberfest Marzen,Grainworks Brewing Co.,9/24/2021,Eric H.,3.11
Shake Dark Chocolate Porter,Boulder Beer,9/24/2021,Eric A.,3.11
Cosmic Slop Double Dry Hopped India Pale Ale,Branch & Bone Artisan Ales,6/22/2022,Jake W.,3.11
Oktoberfest Festbier Style Lager,Esoteric Brewing Co.,8/29/2023,Jeremy S.,3.11
Dale's Pale Ale,Oskar Blues Brewery,4/17/2014,Sam E.,3.11
Firefly Amber,Jackie O's Brewery,7/1/2015,Eric H.,3.11
Prodigal American Pale Ale,Ei8ht Ball Brewing,11/19/2015,Colin J.,3.11
Dead Guy Ale,Rogue Ales,1/14/2016,Scott T.,3.11
White Rascal Belgian-Style White Ale,Avery Brewing Co.,4/22/2016,Paul H.,3.11
Mandarina Wheat IPA,City Built Brewing Co.,6/17/2017,Bobby T.,3.11
Fruition Dry-Hopped Wheat Ale,Brewery Ommegang,11/16/2017,Scott T.,3.11
Hi-5 IPA,Terrapin Beer Co.,3/23/2018,Eric H.,3.11
Cheer Team Ale,3 Floyds Brewing Co.,8/27/2021,Josh R.,3.11
Thanks For Letting Us Play Tonight Double Dry Hopped Pale Ale,Hoof Hearted Brewing,8/27/2021,Zach M.,3.11
Club Colombia Dorado Golden Lager,Cervecería Bavaria,7/31/2024,Juan B.,3.11
Trash Panda India Pale Ale,Lost Forty Brewing,1/9/2026,David A.,3.11
Christmas Ale,Bell's Brewery,12/13/2013,Phil H.,3.11
Imperial Doughnut Break,Evil Twin Brewing,1/18/2024,Dave E.,3.11
Soak City Juicy IPA,16 Lots Brewing Co.,1/18/2024,Drew B.,3.11
Double Gavel Banger DIPA,Taft's Brewing Co.,7/3/2020,Jason M.,3.10
Fable Baltic Porter,MadTree Brewing Co.,7/28/2022,Matt T.,3.10
Husky IPA,Alaskan Brewing Co.,5/22/2024,Zach M.,3.10
Maržujsko Croatian-Style Lager,Marz Community Brewing Co.,6/27/2025,Zach M.,3.10
Woody Creek Belgian White,Flying Dog Brewery,11/21/2014,Scott T.,3.10
Summer Solstice Ale,Anderson Valley Brewing Co.,7/21/2023,Zach M.,3.10
Nu Skool IPA,Southern Tier Brewing Co.,7/3/2017,Eric H.,3.10
Dun Dun Dun Double India Pale Ale,Hop Butcher for the World,11/21/2023,Anfernee A.,3.10
///Fear.Movie.Lions Unfiltered Double IPA,Stone Brewing Co.,8/10/2018,Jake W.,3.09
Rothaus Pils Tannen Zäpfle,Badische Staatsbrauerei Rothaus AG,5/29/2020,Jeremy S.,3.09
Hoppy Bobby Clear Golden Pale Ale,Cherry Republic Brewing Co.,9/26/2023,Sara P.,3.09
Oktoberfest Lager,Toppling Goliath Brewing Co.,7/31/2024,Zach M.,3.09
Ellie's Brown Ale,Avery Brewing Co.,12/6/2019,Chris G.,3.09
Southern Passion,Devils Backbone Brewing Co.,3/2/2018,Kevin W.,3.09
Old-Style Porter,St. Peter's Brewery Co.,6/12/2020,Jake W.,3.09
Haunted Hayride Pumpkin Ale,Masthead Brewing Co.,9/24/2021,Dustin S.,3.09
Brown Ale,West Side Brewing,6/22/2022,Ben S.,3.09
Frisch's Pumpkin Pie Ale,Taft's Brewing Co.,11/23/2022,Bobby T.,3.09
Nirvana or Bust Double Dry Hopped NEIPA,Third Eye Brewing Co.,7/21/2023,Ben S.,3.09
Space Camper Cosmic IPA,Boulevard Brewing Co.,5/17/2019,Dave E.,3.09
All Day IPA,Founders Brewing Co.,7/30/2014,Matt A.,3.09
Lager Beer,Bell's Brewery,7/30/2014,Dan S.,3.09
Brew Free or Die IPA,21st Amendment Brewery,7/30/2014,Sam E. / Alex He. ,3.08
Gaelic Ale,Highland Brewing Co.,9/16/2014,Paul W.,3.08
Storm Golden Cream Ale,Braxton Brewing Co.,9/21/2016,Sam E.,3.08
CreepShow Smoked Porter,Warped Wing Brewing Co.,10/13/2016,Eric H.,3.08
Citra High Imperial IPA,MadTree Brewing Co.,11/16/2017,Jake W.,3.08
Brown Ale,Unveiled Brewing Co.,4/12/2019,Jason M.,3.08
Bourbon Barrel Aged Corruption,Wooden Cask Brewing Co.,8/21/2019,Jeremy S.,3.08
Miles Davis' Bitches Brew,Dogfish Head Craft Brewery,8/21/2019,Scott T.,3.08
Icelandic Toasted Porter,Einstök Ölgerð,8/27/2021,Greg A.,3.08
Father G's Bees Honey Brown Ale,Brink Brewing Co.,2/18/2022,Dave E.,3.08
Tunnel Vision DDH with Citra,Bearded Iris Brewing,2/18/2022,Scott T.,3.08
Unichrome Double IPA,Pipeworks Brewing Co.,2/18/2022,Jeremy S.,3.08
Spaten Optimator Doppelbock,Spaten-Franziskaner-Bräu,3/28/2024,Bill K.,3.08
Dreh Vienna Lager,HighGrain Brewing Co.,5/22/2024,Paul K.,3.08
Köstritzer Schwarzbier Black Lager,Köstritzer Schwarzbierbrauerei,5/22/2024,Bill K.,3.08
Filthy McNasty Russian Imperial Stout,North High Brewing Co.,12/7/2018,Lee M.,3.08
George Killian's Irish Red,Coors Brewing Co.,1/26/2018,Sam E.,3.08
Juicy Gossip Pale Ale,Bell's Brewery,4/30/2021,Charlie D.,3.08
Hoppy Wheat American Wheat Ale,West Side Brewing,9/30/2022,Bobby T.,3.08
Vanilla Java Porter,Atwater Brewing Co.,5/9/2023,Drew B.,3.08
Honey Orange Tripel,New Belgium Brewing Co.,3/27/2026,Rick S.,3.08
Hop Bomber Pale Ale,Rivertown Brewing Co.,6/25/2013,Dave E.,3.07
Kentucky IPA,Alltech's Lexington Brewing Co.,6/25/2013,Colin J.,3.07
Wheat Ale,Upland Brewing Co.,6/25/2013,Matt T.,3.07
West Sixth IPA,West Sixth Brewing Co.,5/13/2014,Colin J.,3.07
2015 Beer Camp: Hoppy Lager,Sierra Nevada Brewing Co.,4/17/2015,Matt T.,3.07
Milk Stout Nitro,Left Hand Brewing Co.,9/26/2015,Jake W.,3.07
Chill Wave Double IPA,Great Lakes Brewing Co.,6/6/2016,Matt S.,3.07
Victory at Sea Porter with Coffee and Vanilla,Ballast Point Brewing Co.,6/6/2016,Eric A.,3.07
Wilco Tango Foxtrot,Lagunitas Brewing Co.,9/26/2017,Jake W.,3.07
Heat Seeker Hazy Double India Pale Ale,Jackie O's Brewery,5/31/2021,Jake W.,3.07
Helles,Zillicoah Beer Co.,10/1/2021,Jim B.,3.07
Lager,Skol,3/23/2023,Paul K.,3.07
Experimental J-Hole Red India Pale Ale,Rhinegeist Brewing Co.,12/8/2017,Phil H.,3.07
Boom Sauce New England IPA,Lord Hobo Brewing Co.,12/6/2019,Eric H.,3.07
Dead Ringer Oktoberfest,Ballast Point Brewing Co.,9/28/2018,Steve B.,3.07
Dunkin' Coffee Porter,Harpoon Brewery,2/15/2019,Kevin W.,3.07
Plead the 5th Imperial Stout,Dark Horse Brewing Co.,2/15/2019,Scott T.,3.07
Nate's Coffee Stout,Country Boy Brewing,7/5/2019,Jason M.,3.07
Oktoberfest German-Style Marzen,Founders Brewing Co.,9/24/2021,Jason M.,3.07
Baltic Porter,Uinta Brewing Co.,1/17/2014,Phil H.,3.06
Woodchuck Pumpkin Reserve,Vermont Hard Cider Co.,10/11/2014,Matt T.,3.06
Coffee Brown Ale,Mt. Carmel Brewing Co.,7/22/2015,Scott T.,3.06
Sweet Baby Java Espresso Bean Choc. PB Porter,DuClaw Brewing Co.,2/29/2020,Greg A.,3.06
Moosehead Lager,Moosehead Breweries Ltd.,4/29/2023,Jake W.,3.06
Lurching Towards the Sun Imperial India Pale Ale,Magnify Brewing Co.,2/29/2024,Jake W.,3.06
Old No. 38 Stout,North Coast Brewing Co.,5/16/2025,Jake W.,3.06
Spotted Cow Ale,New Glarus Brewing Co.,5/13/2015,Phil H.,3.06
Rounding Third Red IPA,MadTree Brewing Co.,7/1/2015,Dave E.,3.06
Brown Shugga',Lagunitas Brewing Co.,1/19/2017,Eric H.,3.06
Schloppy Seconds,Atwater Brewing Co.,6/17/2017,Denis M.,3.06
Mole Porter,Second Self Beer Co.,11/16/2017,Paul K.,3.06
Miaou Belgian-Style Wheat Ale,Whiner Beer Co.,3/23/2018,Sam E.,3.06
Passing Through IPA,Fifty West Brewing Co.,9/25/2020,Paul K.,3.06
Turbo Reaper IPA,3 Floyds Brewing Co.,1/31/2025,Jake W.,3.06
Wade Boggs Style,Mirror Twin Brewing,8/22/2025,Jeremy S.,3.05
Two Hearted Ale,Bell's Brewery,12/11/2015,Sam E. / Retrial,3.05
Bourbon Barrel Stout,Goodwood Brewing Co.,3/30/2016,Eric A.,3.05
Tangerine Wheat Ale,Lost Coast Brewery and Cafe,10/30/2025,Bill K.,3.05
Cloud Five Imperial IPA,Rhinegeist Brewing Co.,6/27/2018,Eric H.,3.05
Vanilla Dark Ale,Unveiled Brewing Co.,10/18/2018,John S.,3.05
Mother of Dragons Smoked Porter,Brewery Ommegang,2/15/2019,Paul K.,3.05
200th Anniversary Export Stout,Guinness Ltd.,7/5/2019,Steve D.,3.05
Festbier German Style Party Lager,Listermann Brewing Co.,8/29/2023,Sara P.,3.05
Teddy American IPA,HighGrain Brewing Co.,2/28/2026,David A.,3.05
#9 Not Quite Pale Ale,Magic Hat,2/26/2015,Sam E.,3.04
Sweet Baby Jesus Chocolate Peanut Butter Porter,DuClaw Brewing Co.,12/11/2015,Jake W.,3.04
Hopsecutioner IPA,Terrapin Beer Co.,7/3/2017,Paul K.,3.04
Abraxas Imperial Stout,Perennial Artisan Ales,1/28/2022,Jake W.,3.04
Outlaw Pale Ale,HighGrain Brewing Co.,10/27/2022,Dave E.,3.04
Strings Amber,Heart State Brewing,3/28/2024,Zach M.,3.04
Mugshot Coffee Cream Ale,BrewDog,5/22/2024,Matt T.,3.04
Amber Ale,West Side Brewing Co.,7/6/2018,Matt S.,3.04
Brain Freeze Cold IPA,Nine Giant Brewing,2/28/2026,Ryan F.,3.04
Black Illusion English Dark Mild,Nine Giant Brewing,2/28/2026,Scott T.,3.04
Hazy Little Thing IPA,Sierra Nevada Brewing Co.,8/10/2018,Aaron T.,3.04
Cincy Cobra Hazy Citra IPA,Taft's Brewing Co.,5/17/2019,Aaron T.,3.04
Moher Plz Dry Irish Stout,HighGrain Brewing Co.,3/25/2021,Paul K.,3.04
A Whole New World Pilsner,Listermann Brewing Co.,5/31/2021,Paul K.,3.04
Heckler Juicy India Pale Ale,Northern Row Brewery,6/19/2024,Matt T.,3.04
Rally Cap Hoppy Lager,Sonder Brewing,6/19/2024,Sara P.,3.04
Panther Hollow Vanilla Porter,Millersburg Brewing Co.,12/2/2016,Eric A.,3.03
Voodoo Ranger IPA,New Belgium Brewing Co.,2/24/2017,Tony H.,3.03
Blackout Stout,Great Lakes Brewing Co.,12/7/2018,Jake W.,3.03
We Be Jammin',Odd Side Ales,12/7/2018,Jeremy S.,3.03
MFIPA: Mosaic Brut ,Paradox Beer Co.,6/21/2019,Charlie D.,3.03
Crazy Train Copper Ale,Fretboard Brewing Co.,1/30/2023,Joe J.,3.03
El Camino Misfire Berliner Weisse Style Sour Ale,Other Half Brewing Co.,5/16/2025,David A.,3.03
Mirror Pond Pale Ale,Deschutes Brewery,7/30/2014,Eric H.,3.03
Roundhouse India Red Ale,Bell's Brewery,1/19/2017,Paul W.,3.03
Baltic Porter,Founders Brewing Co.,12/8/2017,Steve S.,3.03
Ruby Irish Red Ale,Wooden Cask Brewing Co.,9/25/2020,Jason M.,3.03
Hop Head NE IPA,Listermann Brewing Co.,7/21/2023,Steve B.,3.03
The Road to Arcadia DH Pilsner with Phantasm,Listermann Brewing Co.,9/30/2022,Charlie D.,3.03
Mystic Mama India Pale Ale,Jackie O's Brewery,12/20/2024,Matthew S.,3.03
Far Star Cold Weather Lager,Half Acre Beer Co.,10/30/2025,David A.,3.03
Finn Berliner Style Pale Ale,Urban Artifact,5/24/2018,Lee M./Brant C.,3.02
"Suh, Brah? New England Style IPA",Streetside Brewery,6/27/2018,Jeremy S.,3.02
DankeChain Oktoberfest,West Sixth Brewing Co.,9/28/2018,Jake W.,3.02
Oktoberfest,Coop Ale Works,9/28/2018,Jason M.,3.02
Brew Force New England IPA,Listermann Brewing Co.,3/22/2019,Paul K.,3.02
Striga East India Porter,Seventh Son Brewing Co.,9/24/2021,Tim H.,3.02
Peak Conditions Hazy Double IPA,Stone Brewing Co.,7/28/2022,Scott T.,3.02
Social Hour Social Experiment,Santa Fe Brewing Co.,2/28/2026,Maridee R.,3.02
Thunder Oat IPA,North Peak Brewing Co.,7/3/2017,Jeremy S.,3.02
Vanilla Oak Aged Yeti Imperial Stout,Great Divide Brewing Co.,7/6/2018,Jason F.,3.02
Ayinger Altbairisch Dunkel,Brauerei Aying,1/17/2019,Paul W.,3.02
Oak-Aged Siracusa Nera,Dogfish Head Craft Brewery,5/17/2019,Lee M.,3.02
Extra Dry Sake Style Saison Ale,Stillwater Artisanal Ales,8/22/2025,Rick S.,3.02
Lagerstadt Oktoberfest Lager,Warped Wing Brewing Co.,9/26/2025,Joe J.,3.02
Holster Hazelnut Cream Stout,Cartridge Brewing,12/9/2022,Paul K.,3.02
The Famous Taddy Porter,Samuel Smith Old Brewery,12/2/2016,Trent D.,3.02
Off Black Black Pilsner,Hopewell Brewing Co.,1/9/2026,Lee M.,3.02
Dubhe Imperial Black IPA,Uinta Brewing Co.,6/4/2013,Dave E.,3.00
Banana Bread Beer,Wells & Young's Brewing Co.,7/23/2013,Colin J.,3.00
Archangel Summer Wheat,North Peak Brewing Co.,8/12/2013,Adam H.,3.00
Hard Cider Crisp Apple,Angry Orchard,10/10/2013,Bobby T.,3.00
Krampus Imperial Helles Lager,Southern Tier Brewing Co.,11/14/2013,Trent D.,3.00
Imperial Stout,Samuel Smith Old Brewery,3/14/2014,Donny H.,3.00
Hop Notch IPA,Uinta Brewing Co.,4/17/2014,Matt S.,3.00
Humboldt Brown,Nectar Ales,4/17/2014,Paul W.,3.00
UFO White,Harpoon Brewery,4/17/2014,Colin J.,3.00
PumCan,MadTree Brewing Co.,10/11/2014,Nate M.,3.00
Pearl Necklace Oyster Stout,Flying Dog Brewery,12/12/2014,Bobby T.,3.00
Half and Half (Guinness and Smithwick's),Guinness Ltd.,4/17/2015,Paul W.,3.00
Jurata Baltic Porter,Coronado Brewing Co.,4/17/2015,Dave E.,3.00
Unfiltered Wheat,Boulevard Brewing Co.,5/13/2015,Bobby T.,3.00
West Coast IPA,Green Flash Brewing Co.,7/1/2015,Jake W. / Kevin W.,3.00
90 Minute IPA,Dogfish Head Craft Brewery,8/10/2015,Scott T.,3.00
Steve,Rhinegeist Brewiing Co.,8/10/2015,Eric A.,3.00
The Calling IPA,Boulevard Brewing Co.,1/14/2016,Jake W.,3.00
Hot Box Brown Ale,Perrin Brewing Co.,2/25/2016,Jake W.,3.00
Smitten Golden Rye Ale,Bell's Brewery,3/30/2016,Steve S.,3.00
Three Philosophers,Brewery Ommegang,3/30/2016,Paul W.,3.00
Insulated Dark Lager,Brooklyn Brewery,1/19/2017,Josh J.,3.00
Mega Mix Pale Ale,MIA Beer Co.,2/24/2017,Richard A.,3.00
Double Citra IPA,Moeller Brew Barn,12/8/2017,Eric H.,3.00
Chocolate Sombrero Mexican-Style Chocolate Stout,Clown Shoes,3/2/2018,Dave E.,3.00
Prince & Pauper,Omnipollo,3/23/2018,Jason M.,3.00
Torpedo Extra IPA,Sierra Nevada Brewing Co.,6/27/2018,Jake W.,3.00
Reformation Scottish Stout,Wooden Cask Brewing Co.,8/31/2020,Eric A.,3.00
Silly Wabbit,Oozlefinch Beers & Blending + WeldWerks Brewing Co.,5/31/2021,Dave E.,3.00
All In Blonde American Blonde Ale,Alexandria Brewing Co.,6/17/2021,Jason M.,3.00
Porter,Big Timber Brewing,11/18/2021,Drew B.,3.00
Iris Irish Red Ale,Esoteric Brewing Co.,3/25/2022,Dave E.,3.00
SummerTide Cream Ale,Brink Brewing Co.,6/22/2022,Erik W.,3.00
Shiner Bock,Spoetzl Brewery,12/9/2022,Jason M.,3.00
Banker American Stout,Northern Row Brewery,12/15/2023,Jake W.,3.00
All Sunshine DDH Hazy Double IPA,Falling Knife Brewing Co.,7/31/2024,Jake W.,3.00
Emerald Parkway Irish Red,Seventh Son Brewing Co. / The Getaway Brewing Co.,2/25/2025,Dave E.,3.00
Dream Wave Fluctuation Double India Pale Ale,Equilibrium Brewery / Other Half Brewing Co.,7/24/2025,Ben S.,3.00
"Short, Dark & Handsome Stout with Maple & Vanilla",Other Half Brewing Co.,11/26/2025,Scott T.,3.00
La Chouffe Blonde,Brasserie d'Achouffe,11/26/2025,David A.,3.00
Unraveled IPA,Founders Brewing Co.,12/11/2020,Aaron T. / Eric A. / Eric H. / Steve P.,2.99
Peanut Butter Porter,DESTIHL Brewery,7/31/2024,Eric H.,2.98
Hidden Temple Hazy India Pale Ale,Falling Knife Brewing Co.,12/9/2022,Dave E.,2.98
The Final Countdown Double IPA,North High Brewing Co.,12/9/2022,Steve M.,2.98
Insatiable Dreams Oak-Fermented Mixed Farmhouse Ale,Hacienda Beer Co.,9/26/2025,Bobby T.,2.98
Lupulin Effect,MadTree Brewing Co. / Fat Head's Brewery,7/6/2018,Eric H.,2.98
Boulevard Plaid Habit,Boulevard Brewing Co.,1/17/2019,Lee M.,2.98
German Dark Lager,Listermann Brewing Co.,7/3/2020,Eric A.,2.98
Seeing Colors Tropical Hazy IPA,MadTree Brewing Co.,6/27/2025,Bobby T.,2.98
Green Zebra Gose,Founders Brewing Co.,5/24/2018,Dave E.,2.98
Pliney the Elder Clone,South Ave Brewing Co.,6/27/2018,Ben W.,2.98
Ten FIDY Imperial Stout,Oskar Blues Brewery,1/30/2020,Scott T. / Retrial,2.98
Super Cluster IPA,Lagunitas Brewing Co.,6/12/2020,Andrew S.,2.98
Space Metal Dinosaur American Double IPA,Lone Pine Brewing Co.,9/24/2021,Jake W.,2.98
Dunkel No. 9 Munchen Style Lager,Fretboard Brewing Co.,10/24/2023,Steve P.,2.98
Third Wheel Belgian Tripel,Sibling Revelry Brewery,4/17/2018,Lee M.,2.98
Dragons Dragon Fruit Punch Midwest Fruit Tart,Urban Artifact,8/31/2020,Greg A.,2.98
Hold The Reins English Mild,Brink Brewing Co.,8/27/2021,Ben S.,2.97
Whiffle Witbier,Rhinegeist Brewing Co.,5/29/2020,Kevin W.,2.97
"You, Me, and Mr. PB Chocolate Peanut Butter Milk Stout",Mirror Twin Brewing,7/31/2024,Jason M.,2.97
Jungle Love Amber Ale,Little Miami Brewing Co.,12/9/2022,Joe J.,2.97
Amber Lager,Third Shift Band of Brewers,9/9/2013,Denis M. / Eric H.,2.96
Dragonfly IPA,Upland Brewing Co.,5/13/2014,Eric H.,2.96
Honeyspot Road IPA,Two Roads Brewing Co.,7/6/2018,Scott T.,2.96
Dark Apparition Russian Imperial Stout,Jackie O's Brewery,3/25/2021,Jake W.,2.96
Irish Red,March First Brewing,3/25/2021,Eric H.,2.96
BBL Oyster Stout,HighGrain Brewing Co.,2/24/2023,Ben W.,2.96
Gentle Revolution Slow Pour Czech Pils,HighGrain Brewing Co.,2/24/2023,Joe J.,2.96
Vanilla Porter,North Peak Brewing Co.,8/22/2025,Dave E.,2.96
Robust Porter,Smuttynose Brewing Co.,2/20/2014,Matt A.,2.96
Teddy Bear Kisses,Upland Brewing Co.,12/12/2014,Phil H.,2.96
Grande Reserve Ale,Chimay Brewery,2/26/2015,Mark A.,2.96
Burbank Blonde,Moeller Brew Barn,12/8/2017,Tony H.,2.96
Bucket of Gloves Small Batch IPA Series,Platform Beer Co.,8/21/2019,Zach M.,2.96
Bud Light,Anheuser-Busch,8/21/2019,Kevin W.,2.96
Knotty Brown,MadTree Brewing Co.,12/6/2019,Dave E.,2.96
The Astro Turf of Hair Triple India Pale Ale,Hoof Hearted Brewing,3/28/2024,Dave E.,2.96
All Beef Frank Double India Pale Ale,Hop Butcher for the World,5/22/2024,Ben S.,2.96
Singha Premium Lager,Boon Rawd Brewery Co.,5/22/2024,Jeremy S.,2.96
The Great Coney War 2024 West Coast Style IPA,Streetside Brewery,10/30/2024,Zach M.,2.96
Butt-Head Bock Lager,Tommyknocker Brewery,7/23/2013,Adam H.,2.95
Crash Pale Ale,Rhinegeist Brewing Co.,8/28/2017,Eric H. / Denis M.,2.95
Spotlight White IPA,Braxton Brewing Co.,2/15/2019,OJ W.,2.95
Deth's Tar Barrel-Aged Imperial Oatmeal Stout,Revolution Brewing,7/5/2019,Paul K.,2.95
Brook Robust Porter,HighGrain Brewing Co.,9/24/2021,Ben S. / Greg A.,2.95
Humulus Nimbus Super Pale Ale,Seventh Son Brewing Co.,6/22/2022,Zach M.,2.95
Elder Betty,Magic Hat,6/4/2013,Scott T.,2.95
420 Extra Pale Ale,SweetWater Brewing Co.,11/21/2014,Ian S.,2.95
Caramelized Chocolate Churro Baltic Porter,Moody Tongue Brewing Co.,1/26/2018,Paul K.,2.95
München Lager,Paulaner Brauerei München,8/31/2020,Paul K.,2.95
Garage Beer Premium Lager,Braxton Brewing Co.,9/30/2022,Jason M.,2.95
Crumb Cake,Rhinegeist Brewing Co.,12/9/2022,Drew B.,2.95
Milk Stout,West Side Brewing,5/9/2023,Ben S.,2.95
Dimmer Golden Ale with Coffee From Wood Burl,Branch & Bone Artisan Ales,3/27/2026,Michael P.,2.95
Juicy Truth Hazy Juicy IPA,Rhinegeist Brewing Co.,3/27/2026,Jake W.,2.95
Dawn Breaker Imperial Coffee Stout,Wyndridge Farm Brewing,12/6/2019,Paul K.,2.95
Fiction Belgian Style Pale Ale,Rhinegeist Brewing Co.,7/1/2015,Sam E.,2.94
Copper Ale,Mt. Carmel Brewing Co.,1/14/2016,Matt S.,2.94
Big Cis Czech / Bohemian Pilsner,Braxton / Rivertown / Barrel House / Fibonacci / etc.,11/16/2017,Eric H.,2.94
Warlock Imperial Stout,Southern Tier Brewing Co.,11/16/2017,Charlie D.,2.94
Vanilla Porter,Breckenridge Brewery,12/8/2017,Merritt W.,2.94
Delirium Tremens,Brouwerij Huyghe,3/23/2018,Paul K.,2.94
J00S3Y New England IPA,Streetside Brewery,6/21/2019,Paul K.,2.94
Fire Scout Nordic Red Ale,HighGrain Brewing Co.,11/18/2021,Greg A.,2.94
Designer Hefeweizen Style Ale,Northern Row Brewery,1/31/2025,Bobby T.,2.94
Samuel Adams Noble Pils,Boston Beer Co.,7/30/2014,Tony H.,2.94
Troegenator Double Bock,Troegs Brewing Co.,12/2/2016,Matt S.,2.94
Punk'N Harvest Pumpkin Ale,Uinta Brewing Co.,9/16/2014,Dave E.,2.94
Glow,Rhinegeist Brewiing Co.,8/10/2015,Phil H.,2.94
White Rajah IPA,The Brew Kettle Taproom & Smokehouse,8/10/2015,Jake W.,2.94
Kilkenny Irish Cream Ale,Guinness Ltd.,1/14/2016,Trent D.,2.94
Nut Brown Ale,Samuel Smith Old Brewery,12/2/2016,Sam E.,2.94
Goat Hill Golden Ale,Blackberry Farm Brewery,8/21/2019,Josh R.,2.94
Centennial IPA,Founders Brewing Co.,1/30/2020,Eric H.,2.94
Something From That Super-hyped Brewery,Blank Brewing,2/29/2020,Wes B.,2.94
Big Hearted IPA Imperial IPA,Bell's Brewery,4/25/2025,Ben S.,2.94
Stacy's Mom Citra India Pale Ale,Evil Genius Beer Co.,12/9/2022,Zach M.,2.93
Wake Up Dead Imperial Stout,Left Hand Brewing Co.,10/18/2018,Lee M.,2.93
Sports Television IPA,Central State Brewing,3/22/2019,Lee M.,2.93
Samuel Adams Pumpkin Batch,Boston Beer Co.,9/26/2015,Sam E.,2.93
"Fade to Black, Vol. 5 Black Rye Ale",Left Hand Brewing Co.,11/17/2016,Jake W.,2.93
Denali IPA,March First Brewing,5/24/2017,Dave E.,2.93
12th of Never Ale,Lagunitas Brewing Co.,9/26/2017,Lee M.,2.93
Jai Alai IPA,Cigar City Brewing,1/17/2019,Eric H.,2.93
Solo Coffee Blonde,Woodburn Brewing,3/23/2023,Drew B.,2.93
East Coast Hazy India Pale Ale,Fifty West Brewing Co.,8/22/2025,Ben S.,2.93
Glass Hopper IPA,Maumee Bay Brewing Co.,10/11/2019,Chris G.,2.93
Vacationland Juicy IPA,Door County Brewing Co.,8/31/2020,Charlie D.,2.93
Hop Bullet Magnum Edition Imperial IPA,Sierra Nevada Brewing Co.,7/31/2024,Sarah G.,2.92
Abita Office Party,Abita Brewing Co.,1/9/2026,Bobby T.,2.92
Vicious American Wheat IPA,North Peak Brewing Co.,10/26/2015,Kevin W.,2.92
X-Mas Cookie,Fifty West Brewing Co.,12/11/2015,Eric A.,2.92
DieselPunk Stout,World Brews,5/3/2017,Lee M.,2.92
Me Oh My Milkshake Style IPA,Platform Beer Co. / Streetside Brewery,11/21/2018,Eric H.,2.92
Oakspire Bourbon Barrel Ale,New Belgium Brewing Co. / Knob Creek,11/21/2018,Eric A.,2.92
Rise & Pine Hoppy Dark Ale,Uinta Brewing Co.,4/12/2019,Zach M.,2.92
Subtle Nuances Double New England IPA,16 Lots Brewing Co.,5/26/2022,Jeremy S.,2.92
Sunrise Session Stout,Esker / Hart Artisan Ales,10/30/2024,Paul K.,2.92
HopHands Our American Pale Ale,Tired Hands Brewing Co.,3/30/2025,Zach M.,2.92
Neon Giants Astronomically Hazy IPA,Brewery Ommegang / Firestone Walker,9/24/2021,Charlie D.,2.91
Double Dog Double IPA,Flying Dog Brewery,6/22/2022,Paul K.,2.91
Cougar Blonde Ale,Rhinegeist Brewing Co.,7/30/2014,Alex Ha.,2.91
Escape to Colorado IPA,Epic Brewing Co.,10/12/2017,Dave E.,2.91
Hazy IPA,HighGrain Brewing Co.,6/21/2019,Ben W.,2.91
Hops Is Real West Coast Style Double India Pale Ale,Rhinegeist Brewing Co. / Columbus Brewing Co.,8/26/2022,Kevin W.,2.91
Hoppy Christmas Festive IPA,BrewDog,11/21/2023,Paul K.,2.90
Cannon Blast American Pale Ale,BrewDog,12/6/2019,Steve S.,2.90
Christmas Ale,Abita Brewing Co.,12/13/2013,Eric H.,2.90
Honeycrisp Apple Wheat,Shock Top Brewing Co.,11/21/2014,Denis M.,2.90
Out of Bounds Stout,Avery Brewing Co.,11/21/2014,Jake W.,2.90
Hefeweizen,North High Brewing Co.,5/18/2016,Bobby T.,2.90
Buzz Kolsch Style Ale with Honey & Peach Added,Braxton Brewing Co.,10/11/2019,Colin J.,2.90
Stone Fort Oat Brown Ale,Seventh Son Brewing Co.,1/30/2020,Dave E.,2.90
Wheezin' the Juice Juicy IPA,Germany,7/3/2020,Adam W.,2.90
Henninger Lager,Radeberger Gruppe,6/27/2025,Charlie D.,2.90
Ozujsko Lager,Zagrebačka Pivovara,6/27/2025,Jake W.,2.90
Brew Free or Die Blood Orange IPA,21st Amendment Brewery,10/12/2017,Jake W. / Retrial,2.89
Merry Christmas Happy New Year,Anchor Brewing Co.,12/13/2013,Joel B.,2.89
Sun Crusher Hoppy Wheat Ale,Revolution Brewing,5/3/2017,Phil H. / Donny H.,2.89
Shiner Holiday Cheer,Spoetzl Brewery,10/16/2020,Kevin W.,2.89
Barrister Kolsch Style Ale,Northern Row Brewery,4/28/2022,Scott T.,2.89
Menabrea 150° Bionda Premium Lager,G. Menabrea & Figli,8/22/2025,Chris M.,2.89
Juice Box Sour Ale Raspberry Edition,Outer Range Brewing Co.,11/26/2025,Dave E.,2.89
Gustav Vienna-Style Lager,Taft's Brewing Co.,12/7/2018,Charlie D.,2.89
Ectogasm India Pale Ale,Drekker Brewing Co.,1/9/2026,Ryan F.,2.89
Raging Bitch Belgian-Style IPA,Flying Dog Brewery,11/14/2013,Matt S.,2.89
Namaste,Dogfish Head Craft Brewery,4/17/2014,Scott T.,2.89
Little Sumpin Sumpin Ale,Lagunitas Brewing Co.,9/16/2014,Eric B.,2.89
Fist City Chicago Pale Ale,Revolution Brewing,7/1/2015,Phil H.,2.89
Storm King Stout,Victory Brewing Co.,11/19/2015,Trent D.,2.89
Wavvy Double IPA,Stillwater Artisanal Ales,3/23/2018,Kevin W.,2.89
Berserker Hazy IPA,Ore Dock Brewing Co.,11/18/2021,Jake W.,2.89
Blood of the Unicorn Red Ale,Pipeworks Brewing Co.,6/22/2022,Dave E.,2.89
Double Orange Starfish New England IPA,Aslin Beer Co.,11/23/2022,Phil W.,2.89
Pure Michigan Fall IPA,Short's Brewing Co.,8/29/2023,Jake W.,2.89
Auburn Acres Chinook Wet Hop IPA,Little Fish Brewing Co.,10/24/2023,Sarah G.,2.89
Christkindl Winter Warmer,Christian Moerlein Brewing Co.,12/13/2013,Steve D.,2.88
Belgian White,Tap Room No. 21,6/4/2013,Bobby T.,2.88
Celebration Ale,Sierra Nevada Brewing Co.,12/13/2013,Jake W.,2.88
Oatmeal Stout,Samuel Smith Old Brewery,3/14/2014,Donny H.,2.88
Fresh Squeezed IPA,Deschutes Brewery,12/11/2015,Matt S.,2.88
PC Pils American Hopped Pilsner,Founders Brewing Co.,8/28/2017,Jake W.,2.88
Loral Anomaly,Darkness Brewing,12/7/2018,Jason M.,2.88
To a Locomotive in Winter Smoked Porter,Bell's Brewery,12/6/2019,Josh R.,2.88
Helles Real Helles Style Lager,Grainworks Brewing Co.,4/30/2021,Paul K.,2.88
Oatmeal Stout,Grainworks Brewing Co.,4/28/2022,Jason M.,2.88
Peaches & Cream Nitro Fruit Tart,Urban Artifact,6/13/2023,Chelsea P.,2.88
Innit E.S.B. Extra Special Bitter ,HighGrain Brewing Co.,2/25/2025,Bill K.,2.88
Dover Coconut Porter,HighGrain Brewing Co.,8/22/2025,Matt T.,2.88
Commodore Perry IPA,Great Lakes Brewing Co.,10/30/2025,Ben S.,2.88
Theory of Tides Double India Pale Ale,Equilibrium Brewery,10/30/2025,Paul K.,2.88
Fresh Catch Citra Session Ale,Narragansett Brewing Co.,10/30/2025,Zach M.,2.88
Java the Stout Coffee Stout,Jackie O's Brewery,1/9/2026,Ben S.,2.88
Burning River,Great Lakes Brewing Co.,7/23/2013,Matt T. / Paul W. / Steve D. / Retrial,2.87
Brass Knuckle Hard Hitting American Pale Ale,Four Strings Brewing Co.,7/3/2017,Scott T.,2.87
30A Beach Blonde Ale,Grayton Beer Co.,6/27/2018,Kevin W.,2.86
Cappy's vs. Unicorn Double India Pale Ale,Pipeworks Brewing Co.,11/23/2022,Drew B.,2.86
Relative Hysteria Double India Pale Ale,Branch & Bone Artisan Ales,11/23/2022,Jake W.,2.86
Third Eye Brewing Third Eye of the Tiger Classic Cream Ale,Third Eye Brewing Co.,10/24/2023,Drew B.,2.86
25 Days of Haze Hazy India Pale Ale,Taft's Brewing Co.,12/15/2023,Lauren D.,2.86
Exterior Illumination Winter Ale,Listermann Brewing Co.,12/15/2023,Joe J.,2.86
Vitus,Weihenstephaner,12/15/2023,Zach M.,2.86
Pumpking,Southern Tier Brewing Co.,9/26/2015,Trent D.,2.86
Station 2 Rye Pale Ale,Municipal Brew Works,9/21/2016,Eric H.,2.86
Prima Pils,Victory Brewing Co.,5/24/2017,Paul W.,2.86
Flute Loop Fruity Nugget IPA,Fretboard Brewing Co.,3/25/2021,Ben S.,2.86
Brain Goddess Wet Hop India Pale Ale,DSSOLVR,10/1/2021,Dave E.,2.86
Bootsy Brewski IPA,Fretboard Brewing Co.,4/28/2022,Stuart W.,2.86
Guayabera Citra Pale Ale,Cigar City Brewing,3/22/2019,Andrew P.,2.85
Poundsign Nofilter Juicy IPA,Grainworks Brewing Co.,7/28/2022,Eric H.,2.85
World Wide Stout,Dogfish Head Craft Brewery,5/22/2024,Scott T.,2.85
Bloodline Blood Orange IPA,Flying Dog Brewery,5/9/2023,Jeremy S.,2.85
Sun-Kissed Wheat,Homestead Beer Co.,12/20/2024,Bobby T.,2.85
Guy Fawkes Brown Ale,The Black Abbey Brewing Co.,10/30/2025,Dave E.,2.85
Cold Ass Beer,Against the Grain Brewery & Smokehouse,10/30/2025,Chris M.,2.85
Torrential Downpour Small Batch IPA,Platform Beer Co.,7/6/2018,Paul K.,2.85
Truth,Rhinegeist Brewing Co.,2/25/2016,Eric H. / Retrial,2.85
Winter Solstice Seasonal Ale,Anderson Valley Brewing Co.,12/13/2013,Paul W.,2.84
Mocha IPA,Stone Brewing Co.,8/28/2017,Scott T.,2.84
Old Chub Scotch Ale,Oskar Blues Brewery,12/7/2018,Dick K.,2.84
Toña Cerveza,Compañía Cervecera De Nicaragua,4/25/2025,Bill K.,2.84
Landshark Lager,Margaritaville Brewing Co.,4/25/2025,Nick K.,2.84
Golf Cart Blood Orange Golden Ale,Outerbelt Brewing,5/16/2025,Bobby T.,2.84
Holly Days IPA with Spruce Tips,MadTree Brewing Co.,12/12/2025,Scott T.,2.84
Rainbow Road India Pale Ale,Fifty West Brewing Co.,7/28/2022,Jake W.,2.84
Oude Geuze,Brouwerij 3 Fonteinen,9/26/2025,Charlie D.,2.84
Double Chocolate Stout,Rogue Ales,12/8/2017,Scott T.,2.84
12 Dogs of Christmas,Thirsty Dog Brewing Co.,12/13/2013,Sam E.,2.83
Oatmeal Stout Dark,Breckenridge Brewery,2/20/2014,Donny H.,2.83
Summer Shandy,Jacob Leinenkugel Brewing Co.,4/17/2014,Eric H.,2.83
Anti-Hero IPA,Revolution Brewing,7/30/2014,Matt S.,2.83
Pumpkin Wheat,Shock Top Brewing Co.,9/16/2014,Denis M.,2.83
Yellow Snow IPA,Rogue Ales,12/12/2014,Charlie M.,2.83
Saison du Buff,Dogfish Head Craft Brewery,4/17/2015,Scott T.,2.83
Dry Hopped Pale Ale,Founders Brewing Co.,5/13/2015,Eric H.,2.83
Mississippi Mud Black & Tan,Mississippi Brewing Co.,10/26/2015,Jim C.,2.83
Sawtooth Ale,Left Hand Brewing Co.,10/26/2015,Steve D.,2.83
Glory American Wheat Ale,Land-Grant Brewing Co.,4/22/2016,Phil H.,2.83
Coconut Hiwa Porter,Maui Brewing Co.,9/21/2016,Dave E.,2.83
Batch #030 Mimosa IPA,Nowhere In Particular Brewing Co.,4/12/2019,Kevin W.,2.83
40th Hoppy Amber Anniversary Ale,Sierra Nevada Brewing Co.,1/30/2020,Steve P.,2.83
Even More Jesus Imperial Stout,Evil Twin Brewing,11/18/2021,Scott T.,2.83
Blind Spot Imperial Oatmeal Stout,Fifty West Brewing Co.,2/18/2022,Paul K.,2.83
Honey Kolsch,Rogue Ales,12/9/2022,Jake W.,2.83
Convivial Hazy Double India Pale Ale,WeldWerks Brewing Co. / Russian River Brewing Co.,3/30/2025,Dave E.,2.83
Photo Booth Grapefruit Gose,Urban Artifact,8/31/2020,Ben S.,2.83
Impending Doom Hazy Double IPA,Heavy Seas Beer,6/13/2023,Jake W.,2.83
Jelly King Dry Hopped Sour,Bellwoods Brewery,7/21/2023,Dave E.,2.83
Old Leghumper Robust Porter,Thirsty Dog Brewing Co.,11/14/2013,Eric H. / Eric B.,2.82
Edmund Fitzgerald,Great Lakes Brewing Co.,5/13/2014,Sam E.,2.82
Green's Endeavour Dubbel Dark Ale,Green's Gluten Free Beers,6/24/2014,Matt T.,2.82
Summer Ale,Boston Beer Co.,5/24/2017,Eric A.,2.82
French Oak Saison,New Belgium Brewing Co.,9/26/2017,Paul K.,2.82
S'more Fun Together Imperial Brown Ale,Streetside Brewery,3/25/2021,Greg A.,2.82
Thank You For Existing Kolsch-Style Ale,DSSOLVR,6/13/2023,Joe J.,2.82
Black Sheep Brewery Monty Python's Holy Grail British Pale Ale,Black Sheep Brewery,8/22/2025,Bill K.,2.82
One Way Street: Caliente IPA,Fifty West Brewing Co.,3/2/2018,Charlie D.,2.82
Reign of Hera Hazy India Pale Ale,WarPigs Brewing USA,10/24/2023,Jake W.,2.82
Monarch Jungle IPA,HighGrain Brewing Co.,12/9/2022,Bobby T.,2.82
Eisbock,Kulmbacher Brauerei AG,9/9/2013,Jake W.,2.81
Tsingtao,Tsingtao,3/14/2014,Ian S. / Scott T.,2.81
Cherry Blonde,Christian Moerlein Brewing Co.,8/10/2015,Bobby T.,2.81
Gus IPA,Full Pint Brewing Co.,8/10/2015,Eric H.,2.81
Amber,Abita Brewing Co.,9/21/2016,Matt S.,2.81
.394 Pale Ale,AleSmith Brewing Co.,7/28/2022,Zach M.,2.81
The Rake Double Dry-Hopped Double IPA,Angry Chair Brewing,7/31/2024,Sara P.,2.81
Midsomer's Night Snack Stout ,Abomination Brewing,6/27/2025,Sara P.,2.81
Happy Pils,BRLO,6/27/2025,Lauren D.,2.81
Narwhal Imperial Stout,Sierra Nevada Brewing Co.,12/11/2015,Lee M. / Jake W.,2.81
Monkey's Dunkel Dark Lager,Wiedemann Brewing Co.,11/21/2023,Jeremy S.,2.81
All Is Well At the Station Double IPA,Southern Tier Brewing Co.,4/17/2018,Dave E.,2.81
Pumpkin P-Eye Pumpkin Ale,Third Eye Brewing Co.,8/27/2021,Paul K.,2.81
Andygator,Abita Brewing Co.,11/18/2021,Jeremy S.,2.81
2x4 DIPA,Melvin Brewing,1/17/2019,Jake W.,2.80
Slow Ride Session IPA,New Belgium Brewing Co.,3/30/2016,Darrell L.,2.80
Night Swell Dark India Pale Ale,Heavy Seas Beer,10/11/2019,Jake W.,2.80
Vienermobile Festbier,Fifty West Brewing Co.,8/31/2020,Jason M.,2.80
Hoofybraü Dry Hopped Helles-Style Lager,Hoof Hearted Brewing,12/10/2021,Jeremy S.,2.80
Skygazer Citrus Wheat,MadTree Brewing Co.,12/20/2024,Eric A.,2.80
Fuck 2024 Triple Dry Hopped India Pale Ale,Abomination Brewing,12/20/2024,Dave E.,2.80
Festina Peche,Dogfish Head Craft Brewery,6/27/2018,Scott T.,2.80
OktubberFest,Taft's Brewing Co.,9/28/2018,Kevin W.,2.80
Nocturnal Sight Black Walnut Brown Ale,Third Eye Brewing Co.,8/29/2023,Ben S.,2.80
Peanut Butter Milk Stout,Left Hand Brewing Co.,1/30/2020,Drew B.,2.79
Tank 7 Farmhouse Ale,Boulevard Brewing Co.,7/3/2020,Paul K.,2.79
Thresher Coffee Saison,Burial Beer Co.,10/2/2021,Paul K.,2.79
First Blood Blood Orange Hefeweizen,Two Blokes Brewing,5/22/2024,Drew B.,2.79
Walking Taco Mexican Lager With Lime,Wolf's Ridge Brewing,5/22/2024,Sara P.,2.79
Five American Pale Ale,North High Brewing Co.,2/25/2025,Jake W.,2.79
Soleil Shandy,Erie Brewing Co.,7/6/2018,Eric A.,2.79
Dr. Dank Jack Frost Double IPA,Wicked Weed Brewing,11/21/2023,Jake W.,2.79
Doom Pedal White Ale,Fifty West Brewing Co.,2/28/2026,John S.,2.79
Saison,Rockmill Brewery,1/17/2014,Dave E.,2.79
Monarch White Beer,Two Brothers Brewing Co.,3/26/2015,Steve S.,2.79
Knowledge Imperial IPA,Rhinegeist Brewing Co.,3/22/2017,Eric H.,2.79
Backwoods Bastard,Founders Brewing Co.,1/17/2019,Josh R.,2.79
Festivus Christmas Ale,Full Pint Brewing Co.,12/13/2013,Dave S.,2.78
Assistant Manager American Golden Ale,Seventh Son Brewing Co.,6/17/2021,Zach M.,2.78
LaGrave Triple Golden Ale,Troegs Brewing Co.,12/12/2025,Paul K.,2.78
Dahlia Brown Ale,Esoteric Brewing Co.,12/12/2025,Dave E.,2.78
Old Man Winter Ale,Southern Tier Brewing Co.,11/14/2013,Jake W.,2.78
Hell or High Watermelon Wheat Beer,21st Amendment Brewery,7/1/2015,Matt S.,2.78
Kellerweis Bavarian-Style Wheat,Sierra Nevada Brewing Co.,5/18/2016,Matt S.,2.78
Funkengruven Tart New England-Style IPA,DESTIHL Brewery,11/22/2019,Greg A.,2.78
IBUSive India Pale Ale,Fat Head's Brewery & Saloon,7/9/2021,Jake W.,2.78
IPA,Oskar Blues Brewery,12/8/2017,David W.,2.78
Larry's Latest Sour Ale,Bell's Brewery,5/24/2018,Aaron T.,2.78
Big Eye IPA,Ballast Point Brewing Co.,7/23/2013,Eric H.,2.77
Solid Gold Premium Lager,Founders Brewing Co.,2/15/2019,Jason M.,2.77
Celebrator Doppelbock,Brauerei Aying,9/27/2019,Zach M.,2.77
Knotty Pine IIPA,Country Boy Brewing,3/22/2019,Jake W.,2.77
Cherries Jubilee,Urban Artifact,1/30/2020,Paul K.,2.77
Elvis Juice Grapefruit Infused IPA,BrewDog,7/3/2020,Charlie D.,2.77
Hazy & Juicy & Hoppy & Fresh: Mosaic & Citra,Hi-Wire Brewing,5/17/2019,Jake W.,2.77
Daisy Cutter Pale Ale,Half Acre Beer Co.,8/22/2025,Jake W.,2.77
Pilsner,Fifty West Brewing Co.,8/22/2025,Charlie D.,2.77
Holly Jolly Christmas Ale,Fat Head's Brewery & Saloon,12/13/2013,Trent D.,2.77
Wild Turkey Bourbon Barrel Stout,Anderson Valley Brewing Co.,12/2/2016,Lee M.,2.77
Kentucky Home Mint Julep Style Beer,Braxton Brewing Co.,12/7/2018,Paul K.,2.77
Pimp My Sleigh Belgian-Style Christmas Ale,Fat Head's Brewery & Saloon,12/7/2018,Eric A.,2.77
Gonzo Imperial Porter,Flying Dog Brewery,2/20/2014,Scott T.,2.75
Imperial IPA,Mt. Carmel Brewing Co.,9/16/2014,Trent D.,2.75
Clawhammer,Highland Brewing Co.,10/11/2014,Dave E.,2.75
Amber Lager,Hudepohl-Schoenling Brewing Co.,11/21/2014,Colin J.,2.75
Cabin Fever Brown Ale,New Holland Brewing Co.,12/11/2015,Eric H.,2.75
Reudrich's Red Seal Ale,North Coast Brewing Co.,2/25/2016,Paul W.,2.75
Hustle Rye Pale Ale,Rhinegeist Brewing Co.,5/18/2016,Sam E.,2.75
Trotwood Lager,Warped Wing Brewing Co.,8/17/2016,Eric H.,2.75
Nellie's Keylime Caribbean Ale,Taft's Brewing Co.,9/21/2016,Kevin V.,2.75
Enjoy By 10.31.16 Tangerine IPA,Stone Brewing Co.,10/13/2016,Sam E.,2.75
Ripper San Diego Pale Ale,Stone Brewing Co.,8/28/2017,Charlie D.,2.75
Oro De Tontos,Greenbush Brewing Co.,11/22/2019,Zach M.,2.75
Clearly Everybody Wants Some Hazy Boi IPA,Against the Grain Brewery & Smokehouse,1/30/2020,Ben S.,2.75
Wrought Iron IPA,Abita Brewing Co.,9/12/2020,Greg A.,2.75
French Toast Devil Dog Oatmeal Stout,Roak Brewing Co.,11/18/2021,Dave E.,2.75
Peppermint Porter,Alltech's Lexington Brewing Co.,12/10/2021,Charlie D.,2.75
Odd Future Imperial India Pale Ale,Platform Beer Co.,4/28/2022,Jeremy S.,2.75
Alpenglow Weizenbock Ale,Fat Head's Brewery & Saloon,6/22/2022,Jeremy S.,2.75
Hop Marauder Imperial IPA,Fat Head's Brewery & Saloon,9/30/2022,Scott T.,2.75
Vienna Lager,Ottakringer Brewery,10/27/2022,Juan B.,2.75
LE44 Great American IPA,Grainworks Brewing Co.,8/22/2025,David A.,2.75
Juicy Ass IPA,Flying Monkeys Craft Brewery,8/22/2025,Ryan F.,2.75
Dad Hoppy Holiday Ale,Rhinegeist Brewing Co.,1/9/2026,Jake W.,2.75
Siren Amber Ale,North Peak Brewing Co.,7/30/2014,Paul W.,2.74
Chocodile Tears Chocolate Gose,MadTree Brewing Co.,12/2/2016,Matt T.,2.73
Samuel Adam's Irish Red,Boston Beer Co.,5/13/2014,Paul H.,2.73
Beck's Oktoberfest Lager,Beck & Co.,9/16/2014,Sam E. / Steve P.,2.73
Huma Lupa Licious,Short's Brewing Co.,12/12/2014,Steve S.,2.73
Brut Extra Dry IPA,Sierra Nevada Brewing Co.,3/22/2019,Aaron T.,2.73
Fogcutter Double IPA,Lost Coast Brewery and Cafe,2/15/2019,Jake W.,2.73
Yammy Yammy Sweet Potato Ale,Platform Beer Co.,9/27/2019,Greg A.,2.73
Campfire & Rain Smoked Amber Lager,Little Miami Brewing Co. / Fretboard Brewing Co.,11/23/2022,Joe J.,2.73
Drummer Boy Winter Warmer,Fretboard Brewing Co.,12/10/2021,Drew B.,2.73
Trainer Dab Collab Slushy XXL Smoothie Style Sour Ale,450 North Brewing Co.,7/21/2023,Matt T.,2.73
Return of the Mac Coffee Blonde,Streetside Brewery,12/6/2019,Wes B.,2.72
Summer Love,Victory Brewing Co.,7/30/2014,Scott T. / Eric A.,2.72
"Lovely, Dark and Deep Oatmeal Stout",Brewery Ommegang,11/19/2015,Eric A.,2.72
Starburst Wheat,Saugatuck Brewing Co.,11/19/2015,Scott T.,2.72
Purple Haze Raspberry Lager,Abita Brewing Co.,1/19/2017,Jim C.,2.72
Selassie Coffee & Vanilla Beans,Omnipollo,1/19/2017,Dave E.,2.72
Single Hop Southern Passion IPA,West Side Brewing,5/26/2022,Jake W.,2.72
Nuts For You Peanut Butter Stout,Zaftig Brewing Co.,7/24/2025,Charlie D.,2.72
Blackberry Prairie Wheat ,Moeller Brew Barn,4/29/2023,Merritt W.,2.72
Revved Up Coffee Brown Ale,Revolution Brewing / Upland Brewing Co.,6/6/2016,Dave E.,2.71
Hop Head Nubula,Darkness Brewing,11/17/2016,Eric H.,2.71
On Fleek Imperial Stout,Stillwater Artisanal Ales / Casita Cerveceria,5/24/2017,Jake W.,2.71
Wolf Pup Session IPA,Golden Road Brewing,5/24/2017,Phil H.,2.71
Cocomungo Barrel-Aged Coconut Stout,3 Floyds Brewing Co.,6/19/2024,Cory P.,2.71
Wisconsin Stout,Listermann Brewing Co. / Untitled Art,12/6/2019,Lee M.,2.71
DieselPunk Porter,World Brews,2/20/2014,Bobby T. / Eric H.,2.71
Porter,Founders Brewing Co.,2/26/2015,Donny H.,2.71
Kato Blonde Ale Brewed With Script Coffee,Sonder Brewing,10/27/2022,Ben S.,2.71
Oktoberfest Bier,Paulaner Brauerei München,9/28/2018,Josh R.,2.70
Boring Beer,Streetside Brewery,8/29/2023,Paul K.,2.70
Dragon Fandango Beer,Toppling Goliath Brewing Co.,7/31/2024,Lee M.,2.70
Paraíso Mexican Lager,Esoteric Brewing Co.,7/31/2024,Rachel H.,2.70
Weissbier,Konig Ludwig ,8/12/2013,Bobby T.,2.70
IPA,Mt. Carmel Brewing Co.,7/27/2016,Eric H.,2.70
Trees of Tahoe Pale Ale,Fifty West Brewing Co.,7/27/2016,Phil H.,2.70
Legendary Lager,MadTree Brewing Co.,4/30/2021,Eric H.,2.70
Fuggly Sweater,Ithaca Beer Co.,12/10/2021,Bobby T.,2.70
Lagoon Scotch Style Ale,Bircus Brewing Co.,12/10/2021,Dave E.,2.70
99 Problems But a Beer Ain't One NE IPA,Listermann Brewing Co.,12/9/2022,Jeremy S.,2.70
Dolce Far Niente Italian-Style Pilsner,Tripping Animals Brewing Co.,5/9/2023,Paul K.,2.70
Powdered Tracks Imperial Stout,Timber Ales Brewery,5/9/2023,Matt T.,2.70
Famosa Lager Beer,Cervecería Centro Americana,9/26/2025,Jeremy S.,2.70
Summer Wheat Ale,Mt. Carmel Brewing Co.,7/6/2018,Steve B.,2.70
Trouble in Paradise Milkshake Blonde,Streetside Brewery,1/17/2019,Dick K.,2.70
Fool's Gold Dry-Hopped Golden Ale,Columbus Brewing Co.,5/17/2019,Steve S.,2.70
Go Ask Your Mother India Pale Ale,Casita Brewing Co. / Wilmington Brewing Co.,6/13/2023,Scott T.,2.70
18 Mile Red Plum Barrel Aged Sour Red Ale Flavored With Plums,Carolina Bauernhaus,9/26/2025,Rick S.,2.70
Radio Swan Rye India Pale Ale,Forbidden Root Brewery,7/24/2025,Jake W.,2.69
Sapporo Premium Beer,Sapporo Brewing Co.,6/24/2014,Denis M.,2.69
Carl Sour Belgian Ale ,HighGrain Brewing Co.,11/21/2023,Dave E.,2.69
Yanjing,Beijing Yanjing Brewery,3/14/2014,Dave E.,2.69
Budweiser,Anheuser-Busch,8/23/2014,Sam E.,2.69
Coors Banquet,Coors Brewing Co.,8/23/2014,Mike M.,2.69
Mosaic,Rhinegeist Brewing Co.,2/25/2016,Scott M.,2.69
Chocolate Cherry Stout,Woodburn Brewing,9/21/2016,Eric A.,2.69
Blue,SweetWater Brewing Co.,12/2/2016,Bobby T.,2.69
Barrel-Aged Old Rasputin Russian Imperial Stout,North Coast Brewing Co.,6/17/2021,Ben S.,2.69
Blossom Spring Ale,Rhinegeist Brewing Co.,2/25/2025,Sara P.,2.69
Rainbow Rodeo Sour Ale with Rainbow Candies,Streetside Brewery,6/27/2025,Dave E.,2.69
Monostatic #14 Riwaka Hazy India Pale Ale with Riwaka Hops,Branch & Bone Artisan Ales,1/9/2026,Rick S.,2.69
30th Anniversary Ale Barrel-Aged Blend,Boulevard Brewing Co.,9/26/2025,Dave E.,2.68
The Brown Note,Against the Grain Brewery & Smokehouse,10/26/2015,Dave E.,2.68
Strawberry Pig Cream Ale,Christian Moerlein Brewing Co.,6/27/2018,Jason M.,2.68
NewPorter English Brown Ale,Wooden Cask Brewing Co.,9/24/2021,Dave E.,2.68
Little Man Salted Oreo Stout,WeldWerks Brewing Co.,12/15/2023,Sara P.,2.68
Nutcase Peanut Butter Porter,Listermann Brewing Co.,12/8/2017,Jake W.,2.68
Doggie Style Pale Ale,Flying Dog Brewery,1/17/2019,Jason M.,2.68
Nacho Bait Habanero Blonde Ale,Country Boy Brewing,3/25/2021,Zach M.,2.68
Graveyard Shift Pastry Vanilla Stout,Nine Giant Brewing,4/28/2022,Dave E.,2.68
Turbodog,Abita Brewing Co.,12/11/2015,Tony W. / Retrial,2.68
Roller Blabe Double IPA,Hoof Hearted Brewing,7/21/2023,Jake W.,2.68
Cinnamon Toast Crunch Imperial Brown Ale,DVD Brew,3/27/2026,Eric H.,2.68
It Ain't It Nu Wave Lager,Hoof Hearted Brewing / Mast Landing Brewing Co.,11/21/2023,Charlie D.,2.67
Blue Moon Mountain Abby Ale,Blue Moon Brewing Co.,11/14/2013,Denis M.,2.67
Identity Crisis,MadTree Brewing Co.,2/20/2014,Jake W.,2.67
Rubus Cacao,MadTree Brewing Co.,2/26/2015,Matt T.,2.67
Cherry Stout,Bell's Brewery,5/13/2015,Scott T.,2.67
Hop Head Red Double IPA,Green Flash Brewing Co.,5/13/2015,Jake W.,2.67
Soul Drifter Blonde Ale,MadTree Brewing Co.,7/22/2015,Paul W.,2.67
Pilialoha Belgian Red Ale,Maui Brewing Co.,12/8/2017,Matt S.,2.67
Da Shootz American Pilsner,Deschutes Brewery,3/22/2019,Zach M.,2.67
Blaze Ponies Mile-High-PA,Taft's Brewing Co.,11/22/2019,Dave E.,2.67
Oktoberfest,Masthead Brewing Co.,7/28/2022,Juan B.,2.67
Darwin's Forehead Salted Brown Porter ,Fonta Flora Brewery,7/24/2025,Dave E.,2.67
Schofferhofer Hefeweizen,Binding-Brauerei AG,7/6/2018,Brant C.,2.66
Emergency Drinking Beer,Wild Heaven Beer,1/17/2019,Paul K.,2.66
Lucky Buddha Enlightened Beer,The Lucky Drink Co.,5/17/2019,Kevin W.,2.66
Christmas Ale,Breckenridge Brewery,12/13/2013,Bobby T.,2.66
Belgian Orange,Narrow Path Brewing Co.,8/28/2017,Bobby T.,2.66
French Toast Bastard Bourbon Barrel-Aged Scotch Ale,Founders Brewing Co.,1/30/2023,Jake W.,2.66
German Chocolate Cake Stout,Fifty West Brewing Co.,1/30/2023,Matt T.,2.66
120 Minute IPA,Dogfish Head Craft Brewery,5/16/2025,Scott T.,2.66
The Poet American Oatmeal Stout,New Holland Brewing Co.,1/9/2026,Dave E.,2.66
Grandes Lagos Lager,Great Lakes Brewing Co.,7/3/2017,Kevin W.,2.65
Schneider Weisse,G. Schneider & Sohn,8/12/2013,Matt T.,2.65
American Pale Ale,Stoudts Brewing Co.,7/30/2014,Dave E.,2.65
Maximator,Augustiner-Bräu Wagner KG,1/30/2020,Jeremy S.,2.65
Pils,Karrikin Spirits Co.,7/3/2020,Kevin W.,2.65
Walnut Brown Ale,Goodwood Brewing Co.,9/26/2015,Dave E.,2.64
Night of the Living Stout,Full Pint Brewing Co.,6/6/2016,Scott T.,2.64
Bourbon Barrel Quad,Boulevard Brewing Co.,3/22/2017,Eric A.,2.64
Imperial Coolcumber Golden Ale,Wicked Weed Brewing,8/10/2018,Paul K.,2.64
Oil of Aphrodite Imperial Stout Brewed With Walnuts,Jackie O's Brewery,9/26/2025,Scott T.,2.64
Samuel Adams Breakaway Blonde Ale,Boston Beer Co.,1/9/2026,Jayson L.,2.64
Yuengling Traditional Lager,D. G. Yuengling & Son,7/9/2021,Jason M.,2.64
Beer For Hell Helles Bock Style Beer,Off Color Brewing,5/26/2022,Zach M.,2.64
RuinTen Triple IPA,Stone Brewing Co.,5/26/2022,Scott T.,2.64
Big Wave Golden Ale,Kona Brewing Co.,7/23/2013,Tony H.,2.64
Juicy Improv India Pale Ale,Fretboard Brewing Co.,6/13/2023,Steve P.,2.63
Hop Notch IPA,Uinta Brewing Co.,6/4/2013,Tony H.,2.63
Old Golden Hen,Moorland Brewing,3/14/2014,Matt S.,2.63
Oktoberfest,Jacob Leinenkugel Brewing Co.,10/11/2014,Bobby T.,2.63
Lift,MadTree Brewing Co.,2/26/2015,Matt S.,2.63
Pale Ale,North High Brewing Co.,8/10/2015,Dave E.,2.63
CrossBones Session IPA,Heavy Seas Beer,10/26/2015,Colin J.,2.63
Ben & Jerry's Salted Caramel Brownie Brown Ale,New Belgium Brewing Co.,12/11/2015,Scott T.,2.63
Crank Shaft IPA,Braxton Brewing Co.,2/25/2016,Scott T.,2.63
Das Uber Lager,Christian Moerlein Brewing Co.,8/17/2016,Scott T.,2.63
Lieutenant Dank IPA,Wicked Weed Brewing,10/12/2017,Jeremy S.,2.63
Skronk Juice India Session Ale,Taft's Brewing Co.,7/6/2018,Jason M.,2.63
Blue Moon Mango Wheat,Blue Moon Brewing Co.,1/17/2019,Denis M.,2.63
Tenpenny Amber Ale,Homestead Beer Co.,2/29/2020,Carl R.,2.63
Slam Dunk Double India Pale Ale,Forbidden Root Brewery,3/30/2025,Ben S.,2.63
Stone IPA,Stone Brewing Co.,8/22/2025,Zach M.,2.63
Social Hour Hazy Wit-Style Brew with Tropical Fruit,Santa Fe Brewing Co.,2/28/2026,Chris M.,2.63
Double D IPA,Old Dominion Brewing Co.,12/12/2014,Eric H.,2.62
Danky McDankerson Wet Hopped Double New England IPA,Streetside Brewery,11/21/2023,Matt T.,2.62
Keypunch Key Lime Gose,Urban Artifact,5/24/2018,Scott T.,2.61
Chomolunga Honey Nut Brown Ale,Jackie O's Brewery,2/15/2019,Greg A.,2.61
Levitation Ale,Stone Brewing Co.,9/16/2014,Jake W.,2.61
Green Chile Lager,Tommyknocker Brewery,1/19/2017,Mark A.,2.61
Santa's Bribe Winter Ale,Taft's Brewing Co.,12/8/2017,Paul K.,2.61
Backyard Crusher American Lager,Royal Docks Brewing Co.,7/9/2021,Dave E.,2.61
Kool On Shandy,Fretboard Brewing Co.,7/9/2021,Sam S.,2.61
Master of Pumpkins,Troegs Brewing Co.,1/31/2025,Mark N.,2.61
DieselPunk IPA,World Brews,5/13/2014,Tony H.,2.61
Stranger American Pale Ale,Left Hand Brewing Co.,5/13/2014,Matt S.,2.61
Bed of Nails Brown Ale,Hi-Wire Brewing,3/22/2017,Paul W.,2.61
Hollow Point Hibiscus Ale,Cartridge Brewing,4/28/2022,Jake W.,2.61
Neon Beer Hug IPA,Goose Island Beer Co.,4/25/2025,Eric H.,2.61
Dismembers Only Imperial Milk Stout,3 Floyds Brewing Co.,7/28/2022,Eric A.,2.60
Amber Style Ale,Avalanche Brewing Co.,5/18/2016,Scott T.,2.60
Dark Helmet Imperial Schwartz Style Bier,The Brew Kettle Taproom & Smokehouse,5/18/2016,Paul W.,2.60
Neapolitan Milk Stout,Saugatuck Brewing Co.,5/18/2016,Dave E.,2.60
Brooklyn Lager,Brooklyn Brewery,12/20/2024,Scott T.,2.60
Lodo Low Cal Tart Peach Ale,Rhinegeist Brewing Co.,5/29/2020,Wes B.,2.59
The Gadget Midwest Fruit Tart,Urban Artifact,9/27/2019,Kevin W.,2.59
Old Speckled Hen English Pale Ale,Greene King / Morland Brewery,10/24/2023,Bill K.,2.59
Shade Gose Style Ale,MadTree Brewing Co.,7/6/2018,Scott M.,2.59
Man Juice,Knee Deep Brewing Co.,1/17/2019,Charlie D.,2.59
420 Strain G13 IPA,SweetWater Brewing Co.,5/17/2019,Wes B.,2.59
Braxton Labs Strawberry Gose,Braxton Brewing Co.,5/17/2019,Andrew P.,2.59
Double Milk Stout 2X,Southern Tier Brewing Co.,2/20/2014,Eric A.,2.58
Sculpin IPA,Ballast Point Brewing Co.,2/26/2015,Frank B.,2.58
Harvest Ale,Mt. Carmel Brewing Co.,10/26/2015,Mark A.,2.58
Pinedrops IPA,Deschutes Brewery,10/26/2015,Eric H.,2.58
Smithwick's Imported Premium Irish Ale,Guinness Ltd.,12/11/2015,Trent D.,2.58
A-crop Black Light Stout,Zaftig Brewing Co.,8/21/2019,Paul K.,2.58
Old Milwaukee Beer,Pabst Brewing Co.,7/3/2020,Eric H.,2.58
Orange Agave Blonde,Municipal Brew Works,7/9/2021,Paul K.,2.58
Nightcap Holiday Ale,Brink Brewing Co.,11/18/2021,Aaron T.,2.58
Three Hos Christmas Ale,Saucy Brew Works,12/9/2022,Charlie D.,2.58
Black Butte XXX 30th Birthday Reserve,Deschutes Brewery,9/26/2025,Matt T.,2.58
Amarillo Fog Small Batch IPA,Platform Beer Co.,12/8/2017,Steve P.,2.58
Mamma Hen's IPA,DVD Brew,1/9/2026,Eric H.,2.58
Estrella Damm Daura,Damm S. A.,12/12/2014,Matt T.,2.58
Natural Light Naturdays,Anheuser-Busch,10/11/2019,Bobby T.,2.58
A Little Crazy Belgian-Style Pale Ale,Revolution Brewing,3/22/2017,Scott T.,2.57
Slushy Courage Cup Fruited Berliner Weisse,450 North Brewing Co.,3/23/2023,Dave E.,2.57
Chai Milk Stout Nitro,Left Hand Brewing Co.,10/18/2018,Dave E.,2.57
Cherry Canis Invertus,3 Floyds Brewing Co.,9/24/2021,Jeremy S.,2.57
Northern Liberties IPA,Christian Moerlein Brewing Co.,6/25/2013,Eric H. / Steve D.,2.57
Christmas Ale,Great Lakes Brewing Co.,12/13/2013,Rusty O.,2.57
Flight of Simcoe,MadTree Brewing Co.,6/4/2013,Jake W.,2.56
Oktoberfestbier,Weihenstephaner,9/9/2013,Dave E.,2.56
American Amber Ale,Rogue Ales,7/30/2014,Jake W.,2.56
Penguin Blonde Stout,Rhinegeist Brewing Co. / Three Weavers Brewing Co.,11/21/2018,Lee M.,2.56
I Drink Your Milkshake! Blueberry Milkshake IPA,Streetside Brewery,1/30/2023,Sara P.,2.56
Ayinger Bavarian Pils,Brauerei Aying,7/31/2024,Bill K.,2.56
Pastrami on Rye,Pipeworks Brewing Co.,11/27/2024,Dave E.,2.56
Rare Vos Amber Ale,Brewery Ommegang,5/13/2015,Eric A.,2.56
Push Reel Pilsner,Christian Moerlein Brewing Co.,7/22/2015,Sam E.,2.56
Bon Bonerie Opera Cream Stout,Platform Beer Co.,10/11/2019,Dave E.,2.56
DayTime Session IPA,Lagunitas Brewing Co.,7/24/2025,Sarah G.,2.56
Orchid's Repose Cranberry Stout,Blank Slate Brewing Co.,7/27/2016,Dave E.,2.55
Thousand Weiss Imperial Hefeweizen,Christian Moerlein Brewing Co.,7/27/2016,Bobby T.,2.55
Twisted Bit Dortmunder Lager,Braxton Brewing Co.,7/27/2016,Paul W.,2.55
Floyds Deluxe Brand Lager,3 Floyds Brewing Co.,1/9/2026,Charlie D,2.55
Desde Imperial,Cerveceria Costa Rica,1/9/2026,Zach M.,2.55
Brekle's Brown,Anchor Brewing Co.,7/23/2013,Jake W.,2.55
Press Tart Berliner Style Weisse Fruit Beer,Rhinegeist Brewing Co.,6/27/2018,Joe J.,2.55
Super Scoop'd Chocolate Peanut Butter Cup Imperial Milk Stout,Beer Tree Brew,12/15/2023,Matt T.,2.55
Bourbon Barrel Stout,Bluegrass Brewing Co.,2/20/2014,Ian S.,2.54
Smooth Sail Summer Ale,Heavy Seas Beer,10/26/2015,Bobby T.,2.54
Arrogant Bastard Ale,Arrogant Bastard Brewing Co.,12/11/2015,Dave E.,2.54
Summertrip Passion Fruit Berliner Weisse,Braxton Brewing Co.,5/24/2017,Matt S.,2.54
Caco-phony Mosaic Pale Ale,Campanology Brewing,7/6/2018,Dave E.,2.54
Lemon Pound Cake American Blonde Ale,Listermann Brewing Co.,5/17/2019,Paul K.,2.54
Blanc Belgian-Style Wheat Ale,Sonder Brewing,6/17/2021,Greg A.,2.53
Electric Lettuce West Coast India Pale Ale,Saucy Brew Works,4/29/2023,Dave E.,2.53
Esther's Li'l Secret,Warped Wing Brewing Co.,12/8/2017,Lee M.,2.53
Very Emergency Berliner Weisse,Nine Giant Brewing,6/21/2019,Dave E.,2.53
Tart 'n Juicy Sour IPA,Epic Brewing Co.,5/24/2018,Eric H.,2.53
Summer Camp Haze Hazy IPA,MadTree Brewing Co.,12/20/2024,David A.,2.53
Lager of the Lakes Bohemian Pilsner,Bell's Brewery,2/29/2020,Jake W.,2.52
Foggy Geezer Hazy India Pale Ale,WarPigs Brewing USA,5/22/2024,Jake W.,2.52
Oktoberfest,Listermann Brewing Co.,10/11/2014,Sam E.,2.50
Rye of the Tiger IPA,Great Lakes Brewing Co.,5/13/2015,Tony H.,2.50
Golden Ale,Terrapin Beer Co.,11/19/2015,Matt S.,2.50
The Truth Imperial IPA,Flying Dog Brewery,5/18/2016,Jake W.,2.50
Bavarian Dunkel,Jacob Leinenkugel Brewing Co.,11/17/2016,Sam E.,2.50
Pure Hoppiness Imperial IPA,Alpine Beer Company,12/2/2016,Eric H.,2.50
Haze Jude Hazy India Pale Ale,Platform Beer Co.,7/9/2021,Drew B.,2.50
JJJuiceee Project American Double IPA,Tree House Brewing Co.,7/28/2022,Paul K.,2.50
"Thanks, It Has Pockets Volume 5: Mixed Berry Pie Stout",Branch & Bone Artisan Ales,8/29/2023,Dave E.,2.50
Afoot & Light Hearted Wild Farmhouse Ale,Fifty West Brewing Co.,9/26/2025,Lauren D.,2.48
La Moneuse,Brasserie de Blaugies,11/21/2018,Jason M. / Kevin W.,2.48
Cheetah Lager,Rhinegeist Brewing Co.,1/30/2020,Tony H.,2.48
¡Sí Cerveza! Mexican Style Lager,Masthead Brewing Co.,6/22/2022,Forrest T.,2.48
Bohemian Special Brew Golden Pilsner,Wiedemann Brewing Co.,4/30/2021,Paul W.,2.48
Queen City IPA,West Side Brewing,5/26/2022,Ben S.,2.47
Pigeon Hill Salted Caramel Porter,Pigeon Hill Brewing Co.,9/26/2025,Sara P.,2.47
400-Pound Monkey IPA,Left Hand Brewing Co.,5/13/2014,Jake W.,2.46
Belhaven Scottish Ale,Belhaven Brewery Co.,11/21/2023,Bill K.,2.46
Samuel Adams Winter Lager,Boston Beer Co.,12/11/2015,Paul W.,2.46
DreamWeaver Wheat,Troegs Brewing Co.,2/29/2020,Adam W.,2.46
Ricky American Golden Ale,Jackie O's Brewery,7/3/2020,DJ W.,2.46
Capy Snacks Fruit Punch ,Urban Artifact,2/25/2025,Ben W.,2.46
Fuel Up Coffee Blonde,Fifty West Brewing Co.,6/22/2022,Drew B.,2.45
Lean West Double IPA,Masthead Brewing Co.,1/9/2026,Paul W.,2.45
Witbier,Rockmill Brewery,8/12/2013,Phil H.,2.45
Oak Aged Beer,Innis & Gunn,5/18/2016,Eric A.,2.45
Baguette Biere de Garde,Rhinegeist Brewing Co.,7/27/2016,Mike V.,2.45
2018 Bourbon County Brand Stout,Goose Island Beer Co.,9/26/2025,Eric H.,2.45
Session IPA Home Brew,Thirsty Dog Brewing Co.,4/17/2015,Jake W.,2.44
Iron Maiden Trooper,Robinsons Family Brewers,11/19/2015,Eric H.,2.44
Allagash White Belgian-Style Wheat Beer,Allagash Brewing Co.,7/24/2025,Drew B.,2.44
Galleon Tropical Stout ,HighGrain Brewing Co.,11/21/2023,Ben S.,2.44
Insanity,Weyerbacher Brewing Co.,2/25/2016,Eric A.,2.44
Team Fiona New England IPA,Listermann Brewing Co.,9/26/2025,Jake W.,2.43
GT Gose,Anderson Valley Brewing Co.,5/24/2018,Jake W.,2.43
Wedge Lime Lager,Listermann Brewing Co.,7/5/2019,Dave E.,2.43
Wobble IPA,Two Brothers Brewing Co.,3/26/2015,Dave E.,2.43
Chocolate Cherry Bomb,Ellicottville Brewing Co.,12/20/2024,Charlie D.,2.43
Black Label,Pabst Brewing Co.,12/2/2016,Paul W.,2.42
Bodhi Double India Pale Ale,Columbus Brewing Co.,1/9/2026,Erik W.,2.42
Dank Demon Imperial Dank IPA,Great Lakes Brewing Co.,12/9/2022,Scott T.,2.42
Sour Monkey Sour Tripel,Victory Brewing Co.,4/19/2024,Dave E.,2.42
Krombacher Dark,Krombacher Brauerei,9/28/2018,Jason F.,2.41
Peel Out Banana Cream Pie Hefeweizen,Fifty West Brewing Co.,6/17/2021,Paul K.,2.41
Hofbrau Original,Hofbrauhaus Munchen,1/9/2026,Scott T.,2.41
Narragansett Lager,Narragansett Brewing Co.,12/20/2024,Jake W.,2.40
Double Knotted Imperial German Pretzel Ale,Third Eye Brewing Co.,6/27/2025,Paul K.,2.40
Robe Red Velvet Donut Stout,Streetside Brewery,12/6/2019,Jeremy S.,2.39
Winter Warmer Ale,Elevator Brewing Co.,12/13/2013,David J.,2.39
Double Fractal Circular Invasion Double India Pale Ale,Equilibrium Brewery,7/31/2024,Ben S.,2.39
Coast to Coast India Pale Ale,Fifty West Brewing Co.,8/31/2020,Jake W.,2.39
Be a Lot Cooler If You Did Imperial Cherry Pie Berliner Weisse,Streetside Brewery,11/23/2022,Dave E.,2.39
Kronenbourg,Brasseries Kronenbourg,6/24/2014,Eric H.,2.38
Cynic Ale,Surly Brewing Co.,7/30/2014,Colin J.,2.38
7th Inning Stretch,Taft's Brewing Co.,7/22/2015,Mike M.,2.38
Mello Hello Brut Style IPA,Platform Beer Co.,3/22/2019,Dave E.,2.38
Dukes of Ripstick Super Party Pale Ale,Hoof Hearted Brewing,4/29/2023,Tony H.,2.38
Jalapeño Pale Ale,Birdsong Brewing,12/15/2023,Bill K.,2.36
Samuel Adams Merry Maker Gingerbread Stout,Boston Beer Co.,12/13/2013,Mike M.,2.36
Kentucky Rye Barrel IPA,Alltech's Lexington Brewing Co.,3/26/2015,Eric H.,2.36
Sum'r Summer Ale,Uinta Brewing Co.,3/26/2015,Brian Li.,2.36
High Life Lite,Miller Brewing Co.,11/21/2014,Phil H.,2.35
Pho King Christmas Ale,HighGrain Brewing Co.,12/10/2021,Paul K.,2.35
Artic Saison,Grassroots Brewing,4/17/2015,Phil H.,2.33
Dreamsicle,MadTree Brewing Co.,7/22/2015,Matt T.,2.33
Samuel Adams Rebel IPA,Boston Beer Co.,11/19/2015,Jake W.,2.33
Maple Porter,ESB,4/22/2016,Dave E.,2.33
Plum Street Wheat,Christian Moerlein Brewing Co.,4/22/2016,Tony H.,2.33
Golden Monkey Belgian-Style Tripel Ale,Victory Brewing Co.,7/9/2021,Ben W.,2.33
Cincinnati Fan Zone India Pale Ale,Ellicottville Brewing Co.,3/30/2025,Jake W.,2.33
LaRosa's Lager,Braxton Brewing Co.,7/31/2024,Joe J.,2.33
Max Rebo's Galactic Sour,J. Wakefield Brewing,5/9/2023,Dave E.,2.33
Northern Liberties IPA,Christian Moerlein Brewing Co.,5/13/2014,Steve D.,2.32
Freedom Reserve Red Lager,Anheuser-Busch,7/6/2018,Sam E.,2.32
Snowdrift Vanilla Porter,Jacob Leinenkugel Brewing Co.,12/13/2013,Denis M.,2.31
Liliko'i Kepolo Belgian-Style White Ale,Avery Brewing Co.,10/12/2017,Paul K.,2.31
Lumber Sexual American DIPA,RaR Brewing,9/26/2023,Dave E.,2.31
NaPali Pale Ale,Kaua'i Island Brewing Co.,4/25/2025,Paul K.,2.31
Go West! IPA,Anchor Brewing Co.,3/30/2016,Jake W.,2.30
Dundee Original Honey Brown Lager,Dundee Brewing Co.,10/26/2015,Matt T.,2.29
Sweater Party Spiced Winter Warmer,Avery Brewing Co.,12/6/2019,Greg A.,2.29
Ready Set Gose,Uinta Brewing Co.,6/6/2016,Jake W.,2.29
Belgian-Style Amber Ale,Dark Horse Brewing Co.,3/22/2017,Jake W.,2.29
IPA,Full Sail,6/4/2013,Phil H.,2.28
Baltika 5,Baltika Breweries,4/17/2014,Tony H.,2.28
Mr. Mean Imperial IPA,Warped Wing Brewing Co.,11/19/2015,Sam E.,2.28
UDF Strawberry Milkshake IPA,Taft's Brewing Co.,5/26/2022,Paul K.,2.28
Ryeway to Heaven Rye Ale,Revolution Brewing,1/31/2025,Dave E.,2.28
Dorothy's New World Lager,Toppling Goliath Brewing Co.,1/30/2020,Jake W.,2.27
Don't Microwave It Don't Boil It Sour IPA,Hoof Hearted Brewing,7/28/2022,Dave E.,2.27
Hefeweizen,Hofbrauhaus ,8/12/2013,Jake W.,2.25
Creme Brulee,Southern Tier Brewing Co.,5/13/2014,Trent D.,2.25
Little Kings Original Cream Ale,Christian Moerlein Brewing Co.,8/23/2014,James E.,2.25
Ermal's Belgian Style Cream Ale,Warped Wing Brewing Co.,2/25/2016,Ben W.,2.25
Happy Little Plaidtree,MadTree Brewing Co.,5/3/2017,Paul W.,2.25
Golden Pilsner,D. G. Yuengling & Son,8/10/2018,Kevin W.,2.25
"Well...Since I Came In Late, I Might As Well Leave Early Oat Lager",Hoof Hearted Brewing / DSSOLVR,6/13/2023,Matt T.,2.23
Op & Top,Brouwerij De Molen,6/24/2014,Dave E.,2.23
Blueberry Tart,Southern Tier Brewing Co.,5/24/2018,Jason F.,2.23
Call to Farms Saison,Listermann Brewing Co.,4/17/2018,Paul K.,2.23
Buffalo Gold Golden Ale,Boulder Beer,4/17/2015,Bobby T.,2.22
Red Stripe Jamaican Lager,Desnoes & Geddes Ltd.,4/17/2018,Jason M.,2.22
Uncomfortably Long Hugs Milkshake IPA,Weyerbacher Brewing Co.,6/21/2019,Jeremy S.,2.22
Burger Classic,Hudepohl-Schoenling Brewing Co.,12/2/2016,Kevin W.,2.22
Cali Creamin' Vanilla Cream Ale,Mother Earth Brewing Co.,4/25/2025,Dave E.,2.22
Barracuda Pale Ale,MadTree Brewing Co.,12/9/2022,Sara P.,2.22
My Blue Heaven Blueberry Ale,Grainworks Brewing Co.,4/28/2022,Zach M.,2.21
Spacewalker American Belgo,Great Lakes Brewing Co.,7/30/2014,Joel B.,2.21
Sunshine Daydream Session Ale,Fat Head's Brewery & Saloon,5/18/2016,Eric H.,2.20
Original Pale Ale,Cooper's Brewery,6/24/2014,Sam E.,2.19
Suh Mow A Cookie Beer,Hoppin' Frog Brewery,6/13/2023,Dave E.,2.19
Blonde American Lager,Guinness Ltd.,4/17/2015,Denis M.,2.19
Ohio Pale Ale,Jackie O's Brewery,9/21/2016,Jake W.,2.19
Caramel Apple Fandango Fruited Sour Beer,Toppling Goliath Brewing Co.,7/31/2024,Scott T.,2.19
City Life India Session Pilsner,Fretboard Brewing Co.,6/27/2018,Dave E.,2.18
Wonder Tub Witbier,Taft's Brewing Co.,1/17/2019,Dave E.,2.18
Fistmas Holiday Ale,Revolution Brewing,11/14/2013,Dave E.,2.17
Imperial Stout,Founders Brewing Co.,2/26/2015,Jake W.,2.17
Black Cherry Bourbon Tea Beer,Wild Ohio Brewing Co.,2/29/2020,Josh R.,2.17
Longboard Island Lager,Kona Brewing Co.,5/13/2014,Dave E. / Retrial,2.15
20th Anniversary Ale,Brewery Ommegang,6/13/2023,Paul K.,2.14
Rico,Chihuahua Cerveza,7/9/2021,Charlie D.,2.14
Handlebar Double Stout,Christian Moerlein Brewing Co.,2/26/2015,Dave E.,2.13
Michelob Ultra,Michelob Brewing Co.,10/27/2022,Jake W.,2.13
Keeper,Sly Fox Brewing Co. / Mikkeller ApS,7/30/2014,Charlie M.,2.12
Esther Belgian Christmas Ale,Platform Beer Co.,12/8/2017,Bobby T.,2.10
Smuttlabs Kung Fu Hobo,Smuttynose Brewing Co.,10/26/2015,Jake W.,2.10
Pomegranate Shandy,Jacob Leinenkugel Brewing Co.,12/8/2017,Kevin W.,2.09
Krombacher Pils,Krombacher Brauerei,9/28/2018,Lee M.,2.09
Quilmes,Cervecería y Maltería Quilmes,6/24/2014,Scott T.,2.08
Mad Elf Ale,Troegs Brewing Co.,12/12/2014,Paul W.,2.08
Imperial,Cerveceria Costa Rica,6/24/2014,Jake W.,2.08
Karlovacko Pivo Beer,Karlovacka Pivovara,6/24/2014,Trent D.,2.08
Rodenbach,Brouwerij Rodenbach N.V.,6/24/2014,Joe J.,2.08
Beck's Bier,Beck & Co.,9/16/2014,Tony H.,2.06
2XMas Seasonal,Southern Tier Brewing Co.,12/13/2013,Scott T.,2.04
Amber Waves,Voodoo Brewery,7/9/2021,Greg A.,2.03
Mad King's Fest,Moosbacher,1/17/2014,Steve D.,2.00
Champagne Velvet,Upland Brewing Co.,6/6/2016,Kevin W.,2.00
Blue Moon Summer Honey Wheat,Blue Moon Brewing Co.,5/3/2017,Donny H.,2.00
Orange Martian Sour Ale,Platform Beer Co.,6/12/2020,Dave E.,2.00
Violet Perception Fruited Berliner Weisse,Branch & Bone Artisan Ales,1/28/2022,Dave E.,2.00
Orange Cream Ale,Breckenridge Brewery,7/3/2017,Dave E.,1.98
Hitachino Nest Red Rice Ale,Kiuchi Brewery,10/24/2023,Paul K.,1.98
Winter Ale,Rivertown Brewing Co.,12/13/2013,Dave E.,1.96
Ryan and the Beaster Bunny,Evil Twin Brewing,12/12/2014,Dave E.,1.96
Pabst Blue Ribbon,Pabst Brewing Co.,8/23/2014,Trent D.,1.94
See Me Rollin' Cinnamon Swirl Blonde Ale,Sonder Brewing,9/26/2023,Tim H.,1.93
Wanker English India Pale Ale,Northern Row Brewery,8/22/2025,Paul K.,1.93
Duchesse De Bourgogne,Brouwerij Verhaeghe,6/24/2014,Joe C.,1.92
Forager Imperial Porter,Logsdon Farmhouse Ales,8/29/2024,Jake W.,1.92
Pecan Pie IPA,Decadent Ales,5/17/2019,Greg A.,1.89
Badonkafunk Bourbon Barreled Ale,Quaff Bros.,11/14/2013,Sam E.,1.89
Go To IPA,Stone Brewing Co.,4/17/2014,Dave E.,1.89
Double Beagle Double IPA,Listermann Brewing Co.,7/22/2015,Jake W.,1.89
Death,Rivertown Brewing Co.,4/22/2016,Bobby T.,1.89
Evil Urges,Short's Brewing Co.,12/12/2014,Jake W.,1.88
Mustache Ride Red,Flat 12 Bierwerks,12/12/2014,Dan S.,1.88
Pennsylvania Tuxedo,Dogfish Head Craft Brewery,12/11/2015,Steve S.,1.88
The Great Pumpkin Imperial Pumpkin Ale,Elysian Brewing Co.,9/28/2018,Eric A.,1.86
Grape Fizz Ale,New Belgium Brewing Co.,12/12/2025,Jake W.,1.84
San Miguel Pale Pilsen,G.K. Skaggs,4/22/2016,Ben W.,1.83
Reunion Ale '13,Terrapin Beer Co. / Shmaltz Brewing Co.,11/21/2018,Matt G.,1.83
Beorn's Vacay Coconut Brown,Twin Leaf Brewery,10/2/2021,Jake W.,1.83
Bald Eagle Brown Ale,RJ Rockers Brewing Co.,7/23/2013,Bobby T.,1.82
Miller High Life,Miller Brewing Co.,8/23/2014,Matt S.,1.81
Truculent W/ Cucumber & Lime,Pretentious Barrel House,7/31/2024,Dave E.,1.78
Sneak Attack Saison,21st Amendment Brewery,4/17/2014,Jake W.,1.78
Havana Hammock,MadTree Brewing Co.,1/17/2019,Zach M.,1.77
G13 Wild India Pale Ale Aged on Cedar,Stillwater Artisanal Ales,12/2/2016,Phil H.,1.76
Big Flats Lager Beer,World Brews,8/23/2014,Alex Ha.,1.75
 '37 Flood American IPA,Dry Ground Brewing Co.,12/6/2019,Jason M.,1.74
Cowboy Lager,Gilligan's Brewery,2/28/2026,Dave E.,1.73
Soulless Scarlet Sour Ale,Rivertown Brewing Co.,10/26/2015,Scott T.,1.68
11th Hour IPA Ale,Crow Peak Brewing Co.,11/26/2025,Jake W.,1.68
Old Ghost Milk Stout,Grainworks Brewing Co.,2/18/2022,Ben S.,1.67
Tequila Barrel Aged Paloma Gose,HighGrain Brewing Co.,7/28/2022,Ben W.,1.67
Oude Bae,Stillwater Artisanal Ales,5/24/2018,Jason M.,1.66
Brown Ale,The Duck-Rabbit Craft Brewery,5/29/2020,Dave E.,1.63
Rocket Popsicle Sour,Untitled Art,7/3/2020,Dave E.,1.63
EKU 28,Kulmbacher Brauerei AG,12/12/2014,Steve P.,1.62
Dungeons & Dragons Dragon's Milk Coconut Rum Barrel Reserve,New Holland Brewing Co.,1/9/2026,Paul K.,1.61
Crunkle Sam American Barleywine Ale,Clown Shoes,7/30/2014,Trent D.,1.59
Bud Light Lemon Tea,Anheuser-Busch,8/21/2019,Aaron T.,1.50
Paths Worn Wild Farmhouse Ale,Fifty West Brewing Co.,9/26/2025,Paul K.,1.47
White Lightning,Full Pint Brewing Co.,6/4/2013,Paul W.,1.44
Natural Light,Anheuser-Busch,8/23/2014,Kevin V. / Phil H.,1.44
Gigglemug Tiki Beach Midwest Fruit Tart,Urban Artifact,4/25/2025,Rob C.,1.39
Broken Trolley Blonde Ale,The Dayton Beer Co.,8/28/2017,Dave E.,1.38
Who the F*** Put Carrot in the Cake!? 7% Sour Edition,Skygazer Brewing Co.,5/26/2022,Dave E.,1.36
Raspberry Berliner Weisse,White Birch Brewing,10/13/2016,Dave E.,1.36
Pickle Gose,Urban Artifact,6/27/2018,Aaron T.,1.34
The Hazel: Guinness Draught + Redd's Blueberry Ale,Guinness Ltd. / MillerCoors,3/23/2018,Jason F.,1.33
Mr. Brown 2019 Edition,To Øl,11/22/2019,Kevin W.,1.31
Redd's Apple Ale,Redd's Brewing Co.,5/13/2014,Bobby T.,1.23
Hazy AF Non-Alcoholic Hazy IPA,BrewDog,8/29/2023,Kevin W.,1.21
Justin Blabaer,Evil Twin Brewing,12/12/2014,Scott T.,1.15
C.R.E.A.M. Cream Ale with Coffee,Sixpoint Brewery,2/25/2016,Dave E.,1.13
Cerveza Importada,Sol,12/13/2013,Tony H.,1.00
Baltika Extra Lager,Baltika Breweries,6/24/2014,Bobby T.,0.92
Miller Lite,Miller Brewing Co.,6/4/2013,Rusty O.,0.83
Bud Light and Clamato Clam Slam,Anheuser-Busch,12/2/2016,Ben W.,0.76
Crime,Stone Brewing Co.,5/13/2014,Mark A.,0.54